序号,车型,销量,厂商,价格,参数链接,月份,均值
5,宋PLUS新能源,20722,比亚迪,12.98 - 18.98,,202201,35042.34286
3,宋PLUS新能源,22756,比亚迪,12.98 - 18.98,,202202,35042.34286
3,宋PLUS新能源,26729,比亚迪,12.98 - 18.98,,202203,35042.34286
2,宋PLUS新能源,25108,比亚迪,12.98 - 18.98,,202204,35042.34286
2,宋PLUS新能源,31989,比亚迪,12.98 - 18.98,,202205,35042.34286
3,宋PLUS新能源,32077,比亚迪,12.98 - 18.98,,202206,35042.34286
2,宋PLUS新能源,38697,比亚迪,12.98 - 18.98,,202207,35042.34286
3,宋PLUS新能源,42500,比亚迪,12.98 - 18.98,,202208,35042.34286
2,宋PLUS新能源,46475,比亚迪,12.98 - 18.98,,202209,35042.34286
1,宋PLUS新能源,56843,比亚迪,12.98 - 18.98,,202210,35042.34286
3,宋PLUS新能源,64145,比亚迪,12.98 - 18.98,,202211,35042.34286
2,宋PLUS新能源,50006,比亚迪,12.98 - 18.98,,202212,35042.34286
1,宋PLUS新能源,35585,比亚迪,12.98 - 18.98,,202301,35042.34286
1,宋PLUS新能源,37153,比亚迪,12.98 - 18.98,,202302,35042.34286
3,宋PLUS新能源,30088,比亚迪,12.98 - 18.98,,202303,35042.34286
5,宋PLUS新能源,24580,比亚迪,12.98 - 18.98,,202304,35042.34286
5,宋PLUS新能源,22079,比亚迪,12.98 - 18.98,,202305,35042.34286
3,宋PLUS新能源,27041,比亚迪,12.98 - 18.98,,202306,35042.34286
2,宋PLUS新能源,29991,比亚迪,12.98 - 18.98,,202307,35042.34286
4,宋PLUS新能源,32850,比亚迪,12.98 - 18.98,,202308,35042.34286
3,宋PLUS新能源,36773,比亚迪,12.98 - 18.98,,202309,35042.34286
3,宋PLUS新能源,34799,比亚迪,12.98 - 18.98,,202310,35042.34286
4,宋PLUS新能源,34904,比亚迪,12.98 - 18.98,,202311,35042.34286
2,宋PLUS新能源,44370,比亚迪,12.98 - 18.98,,202312,35042.34286
1,宋PLUS新能源,32267,比亚迪,12.98 - 18.98,,202401,35042.34286
5,宋PLUS新能源,12693,比亚迪,12.98 - 18.98,,202402,35042.34286
3,宋PLUS新能源,35176,比亚迪,12.98 - 18.98,,202403,35042.34286
2,宋PLUS新能源,31809,比亚迪,12.98 - 18.98,,202404,35042.34286
4,宋PLUS新能源,33422,比亚迪,12.98 - 18.98,,202405,35042.34286
4,宋PLUS新能源,32911,比亚迪,12.98 - 18.98,,202406,35042.34286
4,宋PLUS新能源,34306,比亚迪,12.98 - 18.98,,202407,35042.34286
4,宋PLUS新能源,39799,比亚迪,12.98 - 18.98,,202408,35042.34286
3,宋PLUS新能源,42382,比亚迪,12.98 - 18.98,,202409,35042.34286
2,宋PLUS新能源,43192,比亚迪,12.98 - 18.98,,202410,35042.34286
3,宋PLUS新能源,40265,比亚迪,12.98 - 18.98,,202411,35042.34286
4,秦PLUS,25535,比亚迪,7.98 - 17.98,,202201,33966.02857
4,秦PLUS,22508,比亚迪,7.98 - 17.98,,202202,33966.02857
5,秦PLUS,22942,比亚迪,7.98 - 17.98,,202203,33966.02857
3,秦PLUS,20292,比亚迪,7.98 - 17.98,,202204,33966.02857
5,秦PLUS,17943,比亚迪,7.98 - 17.98,,202205,33966.02857
6,秦PLUS,23380,比亚迪,7.98 - 17.98,,202206,33966.02857
3,秦PLUS,30093,比亚迪,7.98 - 17.98,,202207,33966.02857
4,秦PLUS,35689,比亚迪,7.98 - 17.98,,202208,33966.02857
4,秦PLUS,36058,比亚迪,7.98 - 17.98,,202209,33966.02857
4,秦PLUS,32195,比亚迪,7.98 - 17.98,,202210,33966.02857
8,秦PLUS,25498,比亚迪,7.98 - 17.98,,202211,33966.02857
7,秦PLUS,23149,比亚迪,7.98 - 17.98,,202212,33966.02857
9,秦PLUS,11590,比亚迪,7.98 - 17.98,,202301,33966.02857
3,秦PLUS,27434,比亚迪,7.98 - 17.98,,202302,33966.02857
2,秦PLUS,40215,比亚迪,7.98 - 17.98,,202303,33966.02857
1,秦PLUS,39951,比亚迪,7.98 - 17.98,,202304,33966.02857
1,秦PLUS,42887,比亚迪,7.98 - 17.98,,202305,33966.02857
2,秦PLUS,38197,比亚迪,7.98 - 17.98,,202306,33966.02857
1,秦PLUS,37129,比亚迪,7.98 - 17.98,,202307,33966.02857
2,秦PLUS,39808,比亚迪,7.98 - 17.98,,202308,33966.02857
2,秦PLUS,39904,比亚迪,7.98 - 17.98,,202309,33966.02857
1,秦PLUS,37902,比亚迪,7.98 - 17.98,,202310,33966.02857
3,秦PLUS,38054,比亚迪,7.98 - 17.98,,202311,33966.02857
3,秦PLUS,41142,比亚迪,7.98 - 17.98,,202312,33966.02857
4,秦PLUS,29244,比亚迪,7.98 - 17.98,,202401,33966.02857
1,秦PLUS,27851,比亚迪,7.98 - 17.98,,202402,33966.02857
1,秦PLUS,50394,比亚迪,7.98 - 17.98,,202403,33966.02857
1,秦PLUS,46314,比亚迪,7.98 - 17.98,,202404,33966.02857
1,秦PLUS,48668,比亚迪,7.98 - 17.98,,202405,33966.02857
2,秦PLUS,38901,比亚迪,7.98 - 17.98,,202406,33966.02857
1,秦PLUS,39710,比亚迪,7.98 - 17.98,,202407,33966.02857
3,秦PLUS,42765,比亚迪,7.98 - 17.98,,202408,33966.02857
5,秦PLUS,38874,比亚迪,7.98 - 17.98,,202409,33966.02857
3,秦PLUS,39808,比亚迪,7.98 - 17.98,,202410,33966.02857
4,秦PLUS,36787,比亚迪,7.98 - 17.98,,202411,33966.02857
18,海鸥,8427,比亚迪,6.98 - 8.58,,202305,33900.47368
10,海鸥,16560,比亚迪,6.98 - 8.58,,202306,33900.47368
4,海鸥,24989,比亚迪,6.98 - 8.58,,202307,33900.47368
3,海鸥,34841,比亚迪,6.98 - 8.58,,202308,33900.47368
4,海鸥,35011,比亚迪,6.98 - 8.58,,202309,33900.47368
2,海鸥,37836,比亚迪,6.98 - 8.58,,202310,33900.47368
2,海鸥,40594,比亚迪,6.98 - 8.58,,202311,33900.47368
4,海鸥,41012,比亚迪,6.98 - 8.58,,202312,33900.47368
5,海鸥,28050,比亚迪,6.98 - 8.58,,202401,33900.47368
4,海鸥,14403,比亚迪,6.98 - 8.58,,202402,33900.47368
4,海鸥,27866,比亚迪,6.98 - 8.58,,202403,33900.47368
3,海鸥,28797,比亚迪,6.98 - 8.58,,202404,33900.47368
3,海鸥,33544,比亚迪,6.98 - 8.58,,202405,33900.47368
3,海鸥,35201,比亚迪,6.98 - 8.58,,202406,33900.47368
3,海鸥,34789,比亚迪,6.98 - 8.58,,202407,33900.47368
1,海鸥,46830,比亚迪,6.98 - 8.58,,202408,33900.47368
2,海鸥,47915,比亚迪,6.98 - 8.58,,202409,33900.47368
1,海鸥,51288,比亚迪,6.98 - 8.58,,202410,33900.47368
1,海鸥,56156,比亚迪,6.98 - 8.58,,202411,33900.47368
5,Model Y,4630,特斯拉中国,25.89 - 36.89,,202102,33226.15217
5,Model Y,10151,特斯拉中国,25.89 - 36.89,,202103,33226.15217
7,Model Y,5407,特斯拉中国,25.89 - 36.89,,202104,33226.15217
4,Model Y,12728,特斯拉中国,25.89 - 36.89,,202105,33226.15217
4,Model Y,11623,特斯拉中国,25.89 - 36.89,,202106,33226.15217
3,Model Y,10354,特斯拉中国,25.89 - 36.89,,202107,33226.15217
3,Model Y,17198,特斯拉中国,25.89 - 36.89,,202108,33226.15217
2,Model Y,33544,特斯拉中国,25.89 - 36.89,,202109,33226.15217
3,Model Y,25538,特斯拉中国,25.89 - 36.89,,202110,33226.15217
2,Model Y,26759,特斯拉中国,25.89 - 36.89,,202111,33226.15217
2,Model Y,40558,特斯拉中国,25.89 - 36.89,,202112,33226.15217
2,Model Y,33297,特斯拉中国,25.89 - 36.89,,202201,33226.15217
1,Model Y,32403,特斯拉中国,25.89 - 36.89,,202202,33226.15217
2,Model Y,39790,特斯拉中国,25.89 - 36.89,,202203,33226.15217
58,Model Y,960,特斯拉中国,25.89 - 36.89,,202204,33226.15217
4,Model Y,20032,特斯拉中国,25.89 - 36.89,,202205,33226.15217
1,Model Y,52557,特斯拉中国,25.89 - 36.89,,202206,33226.15217
7,Model Y,15745,特斯拉中国,25.89 - 36.89,,202207,33226.15217
1,Model Y,62169,特斯拉中国,25.89 - 36.89,,202208,33226.15217
1,Model Y,51802,特斯拉中国,25.89 - 36.89,,202209,33226.15217
3,Model Y,41488,特斯拉中国,25.89 - 36.89,,202210,33226.15217
1,Model Y,69098,特斯拉中国,25.89 - 36.89,,202211,33226.15217
3,Model Y,35750,特斯拉中国,25.89 - 36.89,,202212,33226.15217
5,Model Y,14184,特斯拉中国,24.99 - 35.49,,202301,33226.15217
4,Model Y,25526,特斯拉中国,24.99 - 35.49,,202302,33226.15217
1,Model Y,54937,特斯拉中国,24.99 - 35.49,,202303,33226.15217
4,Model Y,26760,特斯拉中国,24.99 - 35.49,,202304,33226.15217
2,Model Y,31054,特斯拉中国,24.99 - 35.49,,202305,33226.15217
1,Model Y,51471,特斯拉中国,24.99 - 35.49,,202306,33226.15217
5,Model Y,23632,特斯拉中国,24.99 - 35.49,,202307,33226.15217
1,Model Y,51117,特斯拉中国,24.99 - 35.49,,202308,33226.15217
1,Model Y,41428,特斯拉中国,24.99 - 35.49,,202309,33226.15217
6,Model Y,26353,特斯拉中国,24.99 - 35.49,,202310,33226.15217
1,Model Y,49877,特斯拉中国,24.99 - 35.49,,202311,33226.15217
1,Model Y,60055,特斯拉中国,24.99 - 35.49,,202312,33226.15217
3,Model Y,29912,特斯拉中国,24.99 - 35.49,,202401,33226.15217
2,Model Y,22537,特斯拉中国,24.99 - 35.49,,202402,33226.15217
2,Model Y,47917,特斯拉中国,24.99 - 35.49,,202403,33226.15217
4,Model Y,26356,特斯拉中国,24.99 - 35.49,,202404,33226.15217
2,Model Y,39985,特斯拉中国,24.99 - 35.49,,202405,33226.15217
1,Model Y,41110,特斯拉中国,24.99 - 35.49,,202406,33226.15217
2,Model Y,36299,特斯拉中国,24.99 - 35.49,,202407,33226.15217
2,Model Y,45330,特斯拉中国,24.99 - 35.49,,202408,33226.15217
1,Model Y,48202,特斯拉中国,24.99 - 35.49,,202409,33226.15217
6,Model Y,36204,特斯拉中国,24.99 - 35.49,,202410,33226.15217
2,Model Y,44576,特斯拉中国,24.99 - 35.49,,202411,33226.15217
3,宏光MINIEV,7348,上汽通用五菱,3.28 - 9.99,,202007,29592.62264
1,宏光MINIEV,15000,上汽通用五菱,3.28 - 9.99,,202008,29592.62264
1,宏光MINIEV,20150,上汽通用五菱,3.28 - 9.99,,202009,29592.62264
1,宏光MINIEV,23762,上汽通用五菱,3.28 - 9.99,,202010,29592.62264
1,宏光MINIEV,28246,上汽通用五菱,3.28 - 9.99,,202011,29592.62264
1,宏光MINIEV,32097,上汽通用五菱,3.28 - 9.99,,202012,29592.62264
1,宏光MINIEV,36762,上汽通用五菱,3.28 - 9.99,,202101,29592.62264
1,宏光MINIEV,20167,上汽通用五菱,3.28 - 9.99,,202102,29592.62264
1,宏光MINIEV,39745,上汽通用五菱,3.28 - 9.99,,202103,29592.62264
1,宏光MINIEV,29251,上汽通用五菱,3.28 - 9.99,,202104,29592.62264
1,宏光MINIEV,26742,上汽通用五菱,3.28 - 9.99,,202105,29592.62264
1,宏光MINIEV,30100,上汽通用五菱,3.28 - 9.99,,202106,29592.62264
1,宏光MINIEV,26905,上汽通用五菱,3.28 - 9.99,,202107,29592.62264
1,宏光MINIEV,41188,上汽通用五菱,3.28 - 9.99,,202108,29592.62264
1,宏光MINIEV,35176,上汽通用五菱,3.28 - 9.99,,202109,29592.62264
1,宏光MINIEV,39128,上汽通用五菱,3.28 - 9.99,,202110,29592.62264
1,宏光MINIEV,45576,上汽通用五菱,3.28 - 9.99,,202111,29592.62264
1,宏光MINIEV,55742,上汽通用五菱,3.28 - 9.99,,202112,29592.62264
1,宏光MINIEV,37048,上汽通用五菱,3.28 - 9.99,,202201,29592.62264
5,宏光MINIEV,22110,上汽通用五菱,3.28 - 9.99,,202202,29592.62264
1,宏光MINIEV,47563,上汽通用五菱,3.28 - 9.99,,202203,29592.62264
1,宏光MINIEV,27181,上汽通用五菱,3.28 - 9.99,,202204,29592.62264
1,宏光MINIEV,34037,上汽通用五菱,3.28 - 9.99,,202205,29592.62264
2,宏光MINIEV,46249,上汽通用五菱,3.28 - 9.99,,202206,29592.62264
1,宏光MINIEV,56605,上汽通用五菱,3.28 - 9.99,,202207,29592.62264
2,宏光MINIEV,49119,上汽通用五菱,3.28 - 9.99,,202208,29592.62264
3,宏光MINIEV,44711,上汽通用五菱,3.28 - 9.99,,202209,29592.62264
2,宏光MINIEV,47868,上汽通用五菱,3.28 - 9.99,,202210,29592.62264
2,宏光MINIEV,68567,上汽通用五菱,3.28 - 9.99,,202211,29592.62264
1,宏光MINIEV,73009,上汽通用五菱,3.28 - 9.99,,202212,29592.62264
3,宏光MINIEV,16416,上汽通用五菱,3.28 - 9.99,,202301,29592.62264
2,宏光MINIEV,30267,上汽通用五菱,3.28 - 9.99,,202302,29592.62264
6,宏光MINIEV,23159,上汽通用五菱,3.28 - 9.99,,202303,29592.62264
7,宏光MINIEV,18086,上汽通用五菱,3.28 - 9.99,,202304,29592.62264
6,宏光MINIEV,20346,上汽通用五菱,3.28 - 9.99,,202305,29592.62264
11,宏光MINIEV,13763,上汽通用五菱,3.28 - 9.99,,202306,29592.62264
10,宏光MINIEV,15499,上汽通用五菱,3.28 - 9.99,,202307,29592.62264
10,宏光MINIEV,15844,上汽通用五菱,3.28 - 9.99,,202308,29592.62264
11,宏光MINIEV,16146,上汽通用五菱,3.28 - 9.99,,202309,29592.62264
11,宏光MINIEV,20337,上汽通用五菱,3.28 - 9.99,,202310,29592.62264
8,宏光MINIEV,22985,上汽通用五菱,3.28 - 9.99,,202311,29592.62264
10,宏光MINIEV,25015,上汽通用五菱,3.28 - 9.99,,202312,29592.62264
10,宏光MINIEV,15520,上汽通用五菱,3.28 - 9.99,,202401,29592.62264
6,宏光MINIEV,12649,上汽通用五菱,3.28 - 9.99,,202402,29592.62264
10,宏光MINIEV,16046,上汽通用五菱,3.28 - 9.99,,202403,29592.62264
10,宏光MINIEV,12445,上汽通用五菱,3.28 - 9.99,,202404,29592.62264
11,宏光MINIEV,16441,上汽通用五菱,3.28 - 9.99,,202405,29592.62264
20,宏光MINIEV,10187,上汽通用五菱,3.28 - 9.99,,202406,29592.62264
14,宏光MINIEV,15765,上汽通用五菱,3.28 - 9.99,,202407,29592.62264
8,宏光MINIEV,26461,上汽通用五菱,3.28 - 9.99,,202408,29592.62264
7,宏光MINIEV,28918,上汽通用五菱,3.28 - 9.99,,202409,29592.62264
7,宏光MINIEV,34185,上汽通用五菱,3.28 - 9.99,,202410,29592.62264
5,宏光MINIEV,34777,上汽通用五菱,3.28 - 9.99,,202411,29592.62264
175,秦L,331,比亚迪,9.98 - 13.98,,202405,28504.14286
11,秦L,18021,比亚迪,9.98 - 13.98,,202406,28504.14286
5,秦L,32466,比亚迪,9.98 - 13.98,,202407,28504.14286
5,秦L,35957,比亚迪,9.98 - 13.98,,202408,28504.14286
4,秦L,39490,比亚迪,9.98 - 13.98,,202409,28504.14286
4,秦L,39316,比亚迪,9.98 - 13.98,,202410,28504.14286
6,秦L,33948,比亚迪,9.98 - 13.98,,202411,28504.14286
234,海豹06 DM-i,44,比亚迪,9.98 - 13.98,,202405,23845.71429
28,海豹06 DM-i,7625,比亚迪,9.98 - 13.98,,202406,23845.71429
8,海豹06 DM-i,21659,比亚迪,9.98 - 13.98,,202407,23845.71429
6,海豹06 DM-i,32903,比亚迪,9.98 - 13.98,,202408,23845.71429
6,海豹06 DM-i,37155,比亚迪,9.98 - 13.98,,202409,23845.71429
5,海豹06 DM-i,38069,比亚迪,9.98 - 13.98,,202410,23845.71429
7,海豹06 DM-i,29465,比亚迪,9.98 - 13.98,,202411,23845.71429
45,元PLUS,2000,比亚迪,11.98 - 16.78,,202201,21830.51429
13,元PLUS,4517,比亚迪,11.98 - 16.78,,202202,21830.51429
11,元PLUS,10025,比亚迪,11.98 - 16.78,,202203,21830.51429
7,元PLUS,10100,比亚迪,11.98 - 16.78,,202204,21830.51429
7,元PLUS,11500,比亚迪,11.98 - 16.78,,202205,21830.51429
7,元PLUS,16704,比亚迪,11.98 - 16.78,,202206,21830.51429
6,元PLUS,19719,比亚迪,11.98 - 16.78,,202207,21830.51429
7,元PLUS,18006,比亚迪,11.98 - 16.78,,202208,21830.51429
8,元PLUS,23069,比亚迪,11.98 - 16.78,,202209,21830.51429
7,元PLUS,27548,比亚迪,11.98 - 16.78,,202210,21830.51429
6,元PLUS,29402,比亚迪,11.98 - 16.78,,202211,21830.51429
5,元PLUS,29468,比亚迪,11.98 - 16.78,,202212,21830.51429
4,元PLUS,14342,比亚迪,11.98 - 16.78,,202301,21830.51429
6,元PLUS,20279,比亚迪,11.98 - 16.78,,202302,21830.51429
4,元PLUS,27907,比亚迪,11.98 - 16.78,,202303,21830.51429
3,元PLUS,28931,比亚迪,11.98 - 16.78,,202304,21830.51429
4,元PLUS,26072,比亚迪,11.98 - 16.78,,202305,21830.51429
6,元PLUS,23546,比亚迪,11.98 - 16.78,,202306,21830.51429
6,元PLUS,23594,比亚迪,11.98 - 16.78,,202307,21830.51429
6,元PLUS,24272,比亚迪,11.98 - 16.78,,202308,21830.51429
5,元PLUS,28727,比亚迪,11.98 - 16.78,,202309,21830.51429
4,元PLUS,30615,比亚迪,11.98 - 16.78,,202310,21830.51429
5,元PLUS,30751,比亚迪,11.98 - 16.78,,202311,21830.51429
5,元PLUS,30799,比亚迪,11.98 - 16.78,,202312,21830.51429
7,元PLUS,16831,比亚迪,11.98 - 16.78,,202401,21830.51429
10,元PLUS,8210,比亚迪,11.98 - 16.78,,202402,21830.51429
6,元PLUS,21951,比亚迪,11.98 - 16.78,,202403,21830.51429
5,元PLUS,23327,比亚迪,11.98 - 16.78,,202404,21830.51429
6,元PLUS,24646,比亚迪,11.98 - 16.78,,202405,21830.51429
5,元PLUS,23918,比亚迪,11.98 - 16.78,,202406,21830.51429
6,元PLUS,25594,比亚迪,11.98 - 16.78,,202407,21830.51429
7,元PLUS,27046,比亚迪,11.98 - 16.78,,202408,21830.51429
8,元PLUS,25576,比亚迪,11.98 - 16.78,,202409,21830.51429
8,元PLUS,28676,比亚迪,11.98 - 16.78,,202410,21830.51429
11,元PLUS,26400,比亚迪,11.98 - 16.78,,202411,21830.51429
64,理想L6,2381,理想,24.98 - 27.98,,202404,20561
15,理想L6,12965,理想,24.98 - 27.98,,202405,20561
6,理想L6,23864,理想,24.98 - 27.98,,202406,20561
7,理想L6,24856,理想,24.98 - 27.98,,202407,20561
9,理想L6,24897,理想,24.98 - 27.98,,202408,20561
9,理想L6,25393,理想,24.98 - 27.98,,202409,20561
10,理想L6,25814,理想,24.98 - 27.98,,202410,20561
12,理想L6,24318,理想,24.98 - 27.98,,202411,20561
103,宋L DM-i,1462,比亚迪,13.58 - 17.58,,202407,17663.4
17,宋L DM-i,15750,比亚迪,13.58 - 17.58,,202408,17663.4
12,宋L DM-i,22677,比亚迪,13.58 - 17.58,,202409,17663.4
11,宋L DM-i,25198,比亚迪,13.58 - 17.58,,202410,17663.4
13,宋L DM-i,23230,比亚迪,13.58 - 17.58,,202411,17663.4
2,Model 3,11095,特斯拉中国,23.19 - 33.59,,202005,17335.38
1,Model 3,14954,特斯拉中国,23.19 - 33.59,,202006,17335.38
2,Model 3,11014,特斯拉中国,23.19 - 33.59,,202007,17335.38
3,Model 3,11811,特斯拉中国,23.19 - 33.59,,202008,17335.38
2,Model 3,13688,特斯拉中国,23.19 - 33.59,,202102,17335.38
2,Model 3,25327,特斯拉中国,23.19 - 33.59,,202103,17335.38
2,Model 3,20438,特斯拉中国,23.19 - 33.59,,202104,17335.38
2,Model 3,20735,特斯拉中国,23.19 - 33.59,,202105,17335.38
2,Model 3,21532,特斯拉中国,23.19 - 33.59,,202106,17335.38
2,Model 3,22614,特斯拉中国,23.19 - 33.59,,202107,17335.38
2,Model 3,27066,特斯拉中国,23.19 - 33.59,,202108,17335.38
3,Model 3,22462,特斯拉中国,23.19 - 33.59,,202109,17335.38
2,Model 3,28853,特斯拉中国,23.19 - 33.59,,202110,17335.38
3,Model 3,26100,特斯拉中国,23.19 - 33.59,,202111,17335.38
3,Model 3,30289,特斯拉中国,23.19 - 33.59,,202112,17335.38
3,Model 3,26548,特斯拉中国,23.19 - 33.59,,202201,17335.38
2,Model 3,24112,特斯拉中国,23.19 - 33.59,,202202,17335.38
4,Model 3,26024,特斯拉中国,23.19 - 33.59,,202203,17335.38
74,Model 3,552,特斯拉中国,23.19 - 33.59,,202204,17335.38
6,Model 3,12133,特斯拉中国,23.19 - 33.59,,202205,17335.38
4,Model 3,26349,特斯拉中国,23.19 - 33.59,,202206,17335.38
9,Model 3,12472,特斯拉中国,23.19 - 33.59,,202207,17335.38
9,Model 3,14796,特斯拉中国,23.19 - 33.59,,202208,17335.38
6,Model 3,31333,特斯拉中国,23.19 - 33.59,,202209,17335.38
6,Model 3,30216,特斯拉中国,23.19 - 33.59,,202210,17335.38
5,Model 3,31193,特斯拉中国,23.19 - 33.59,,202211,17335.38
10,Model 3,20046,特斯拉中国,23.19 - 33.59,,202212,17335.38
7,Model 3,12659,特斯拉中国,23.19 - 33.59,,202301,17335.38
12,Model 3,8397,特斯拉中国,23.19 - 33.59,,202302,17335.38
7,Model 3,21726,特斯拉中国,23.19 - 33.59,,202303,17335.38
10,Model 3,13196,特斯拉中国,23.19 - 33.59,,202304,17335.38
12,Model 3,11454,特斯拉中国,23.19 - 33.59,,202305,17335.38
7,Model 3,22741,特斯拉中国,23.19 - 33.59,,202306,17335.38
22,Model 3,7791,特斯拉中国,23.19 - 33.59,,202307,17335.38
12,Model 3,13577,特斯拉中国,23.19 - 33.59,,202308,17335.38
61,Model 3,2079,特斯拉中国,23.19 - 33.59,,202309,17335.38
65,Model 3,2273,特斯拉中国,23.19 - 33.59,,202310,17335.38
15,Model 3,15627,特斯拉中国,23.19 - 33.59,,202311,17335.38
14,Model 3,15750,特斯拉中国,23.19 - 33.59,,202312,17335.38
16,Model 3,9969,特斯拉中国,23.19 - 33.59,,202401,17335.38
12,Model 3,7604,特斯拉中国,23.19 - 33.59,,202402,17335.38
11,Model 3,14481,特斯拉中国,23.19 - 33.59,,202403,17335.38
32,Model 3,5065,特斯拉中国,23.19 - 33.59,,202404,17335.38
12,Model 3,15230,特斯拉中国,23.19 - 33.59,,202405,17335.38
10,Model 3,18151,特斯拉中国,23.19 - 33.59,,202406,17335.38
23,Model 3,9928,特斯拉中国,23.19 - 33.59,,202407,17335.38
14,Model 3,18126,特斯拉中国,23.19 - 33.59,,202408,17335.38
11,Model 3,23998,特斯拉中国,23.19 - 33.59,,202409,17335.38
67,Model 3,4281,特斯拉中国,23.19 - 33.59,,202410,17335.38
8,Model 3,28914,特斯拉中国,23.19 - 33.59,,202411,17335.38
29,海豚,1755,比亚迪,9.98 - 13.98,,202108,17021.95
24,海豚,3000,比亚迪,9.98 - 13.98,,202109,17021.95
12,海豚,6018,比亚迪,9.98 - 13.98,,202110,17021.95
10,海豚,8809,比亚迪,9.98 - 13.98,,202111,17021.95
11,海豚,10016,比亚迪,9.98 - 13.98,,202112,17021.95
8,海豚,10602,比亚迪,9.98 - 13.98,,202201,17021.95
8,海豚,8565,比亚迪,9.98 - 13.98,,202202,17021.95
10,海豚,10501,比亚迪,9.98 - 13.98,,202203,17021.95
5,海豚,12040,比亚迪,9.98 - 13.98,,202204,17021.95
16,海豚,6430,比亚迪,9.98 - 13.98,,202205,17021.95
10,海豚,10376,比亚迪,9.98 - 13.98,,202206,17021.95
5,海豚,21005,比亚迪,9.98 - 13.98,,202207,17021.95
6,海豚,23469,比亚迪,9.98 - 13.98,,202208,17021.95
7,海豚,24956,比亚迪,9.98 - 13.98,,202209,17021.95
8,海豚,25336,比亚迪,9.98 - 13.98,,202210,17021.95
7,海豚,26063,比亚迪,9.98 - 13.98,,202211,17021.95
6,海豚,26074,比亚迪,9.98 - 13.98,,202212,17021.95
2,海豚,17582,比亚迪,9.98 - 13.98,,202301,17021.95
5,海豚,22682,比亚迪,9.98 - 13.98,,202302,17021.95
5,海豚,27687,比亚迪,9.98 - 13.98,,202303,17021.95
2,海豚,29961,比亚迪,9.98 - 13.98,,202304,17021.95
3,海豚,29081,比亚迪,9.98 - 13.98,,202305,17021.95
4,海豚,26408,比亚迪,9.98 - 13.98,,202306,17021.95
7,海豚,21800,比亚迪,9.98 - 13.98,,202307,17021.95
7,海豚,22096,比亚迪,9.98 - 13.98,,202308,17021.95
7,海豚,24282,比亚迪,9.98 - 13.98,,202309,17021.95
7,海豚,24735,比亚迪,9.98 - 13.98,,202310,17021.95
6,海豚,26580,比亚迪,9.98 - 13.98,,202311,17021.95
8,海豚,26814,比亚迪,9.98 - 13.98,,202312,17021.95
8,海豚,16386,比亚迪,9.98 - 13.98,,202401,17021.95
8,海豚,9213,比亚迪,9.98 - 13.98,,202402,17021.95
13,海豚,12672,比亚迪,9.98 - 13.98,,202403,17021.95
17,海豚,9995,比亚迪,9.98 - 13.98,,202404,17021.95
18,海豚,10832,比亚迪,9.98 - 13.98,,202405,17021.95
24,海豚,8429,比亚迪,9.98 - 13.98,,202406,17021.95
18,海豚,12443,比亚迪,9.98 - 13.98,,202407,17021.95
16,海豚,15984,比亚迪,9.98 - 13.98,,202408,17021.95
17,海豚,15290,比亚迪,9.98 - 13.98,,202409,17021.95
17,海豚,18231,比亚迪,9.98 - 13.98,,202410,17021.95
20,海豚,16680,比亚迪,9.98 - 13.98,,202411,17021.95
8,汉,2410,比亚迪,16.58 - 25.98,,202007,16888.56604
4,汉,6400,比亚迪,16.58 - 25.98,,202008,16888.56604
4,汉,5612,比亚迪,16.58 - 25.98,,202009,16888.56604
3,汉,7545,比亚迪,16.58 - 25.98,,202010,16888.56604
3,汉,10105,比亚迪,16.58 - 25.98,,202011,16888.56604
2,汉,24178,比亚迪,16.58 - 25.98,,202012,16888.56604
2,汉,24206,比亚迪,16.58 - 25.98,,202101,16888.56604
3,汉,10056,比亚迪,16.58 - 25.98,,202102,16888.56604
4,汉,10323,比亚迪,16.58 - 25.98,,202103,16888.56604
4,汉,8177,比亚迪,16.58 - 25.98,,202104,16888.56604
5,汉,8214,比亚迪,16.58 - 25.98,,202105,16888.56604
5,汉,8386,比亚迪,16.58 - 25.98,,202106,16888.56604
5,汉,8522,比亚迪,16.58 - 25.98,,202107,16888.56604
7,汉,9035,比亚迪,16.58 - 25.98,,202108,16888.56604
6,汉,10248,比亚迪,16.58 - 25.98,,202109,16888.56604
5,汉,11087,比亚迪,16.58 - 25.98,,202110,16888.56604
6,汉,12841,比亚迪,16.58 - 25.98,,202111,16888.56604
6,汉,13701,比亚迪,16.58 - 25.98,,202112,16888.56604
6,汉,12781,比亚迪,16.58 - 25.98,,202201,16888.56604
7,汉,9290,比亚迪,16.58 - 25.98,,202202,16888.56604
6,汉,12359,比亚迪,16.58 - 25.98,,202203,16888.56604
4,汉,13421,比亚迪,16.58 - 25.98,,202204,16888.56604
3,汉,23934,比亚迪,16.58 - 25.98,,202205,16888.56604
5,汉,25439,比亚迪,16.58 - 25.98,,202206,16888.56604
4,汉,25849,比亚迪,16.58 - 25.98,,202207,16888.56604
5,汉,26003,比亚迪,16.58 - 25.98,,202208,16888.56604
5,汉,31497,比亚迪,16.58 - 25.98,,202209,16888.56604
5,汉,31614,比亚迪,16.58 - 25.98,,202210,16888.56604
4,汉,31786,比亚迪,16.58 - 25.98,,202211,16888.56604
4,汉,30043,比亚迪,16.58 - 25.98,,202212,16888.56604
8,汉,11718,比亚迪,16.58 - 25.98,,202301,16888.56604
9,汉,12265,比亚迪,16.58 - 25.98,,202302,16888.56604
8,汉,13834,比亚迪,16.58 - 25.98,,202303,16888.56604
9,汉,14714,比亚迪,16.58 - 25.98,,202304,16888.56604
7,汉,20158,比亚迪,16.58 - 25.98,,202305,16888.56604
5,汉,25010,比亚迪,16.58 - 25.98,,202306,16888.56604
3,汉,25179,比亚迪,16.58 - 25.98,,202307,16888.56604
8,汉,21760,比亚迪,16.58 - 25.98,,202308,16888.56604
8,汉,21798,比亚迪,16.58 - 25.98,,202309,16888.56604
10,汉,20663,比亚迪,16.58 - 25.98,,202310,16888.56604
10,汉,20815,比亚迪,16.58 - 25.98,,202311,16888.56604
13,汉,19832,比亚迪,16.58 - 25.98,,202312,16888.56604
13,汉,11248,比亚迪,16.58 - 25.98,,202401,16888.56604
15,汉,5970,比亚迪,16.58 - 25.98,,202402,16888.56604
7,汉,20376,比亚迪,16.58 - 25.98,,202403,16888.56604
7,汉,20535,比亚迪,16.58 - 25.98,,202404,16888.56604
8,汉,17240,比亚迪,16.58 - 25.98,,202405,16888.56604
9,汉,18698,比亚迪,16.58 - 25.98,,202406,16888.56604
12,汉,17008,比亚迪,16.58 - 25.98,,202407,16888.56604
19,汉,15326,比亚迪,16.58 - 25.98,,202408,16888.56604
14,汉,19070,比亚迪,16.58 - 25.98,,202409,16888.56604
9,汉,28382,比亚迪,16.58 - 25.98,,202410,16888.56604
9,汉,28433,比亚迪,16.58 - 25.98,,202411,16888.56604
27,五菱缤果,3311,上汽通用五菱,5.68 - 8.88,,202303,16541.95238
8,五菱缤果,15011,上汽通用五菱,5.68 - 8.88,,202304,16541.95238
9,五菱缤果,14164,上汽通用五菱,5.68 - 8.88,,202305,16541.95238
14,五菱缤果,12176,上汽通用五菱,5.68 - 8.88,,202306,16541.95238
11,五菱缤果,14378,上汽通用五菱,5.68 - 8.88,,202307,16541.95238
11,五菱缤果,13892,上汽通用五菱,5.68 - 8.88,,202308,16541.95238
10,五菱缤果,19606,上汽通用五菱,5.68 - 8.88,,202309,16541.95238
8,五菱缤果,23744,上汽通用五菱,5.68 - 8.88,,202310,16541.95238
7,五菱缤果,24024,上汽通用五菱,5.68 - 8.88,,202311,16541.95238
7,五菱缤果,27458,上汽通用五菱,5.68 - 8.88,,202312,16541.95238
12,五菱缤果,11746,上汽通用五菱,5.68 - 8.88,,202401,16541.95238
11,五菱缤果,8087,上汽通用五菱,5.68 - 8.88,,202402,16541.95238
16,五菱缤果,11319,上汽通用五菱,5.68 - 8.88,,202403,16541.95238
11,五菱缤果,11749,上汽通用五菱,5.68 - 8.88,,202404,16541.95238
13,五菱缤果,13870,上汽通用五菱,5.68 - 8.88,,202405,16541.95238
18,五菱缤果,11175,上汽通用五菱,5.68 - 8.88,,202406,16541.95238
16,五菱缤果,14536,上汽通用五菱,5.68 - 8.88,,202407,16541.95238
10,五菱缤果,22185,上汽通用五菱,5.68 - 8.88,,202408,16541.95238
10,五菱缤果,24036,上汽通用五菱,5.68 - 8.88,,202409,16541.95238
12,五菱缤果,24106,上汽通用五菱,5.68 - 8.88,,202410,16541.95238
10,五菱缤果,26808,上汽通用五菱,5.68 - 8.88,,202411,16541.95238
20,小米SU7,7058,小米汽车,21.59 - 29.99,,202404,14209
23,小米SU7,8646,小米汽车,21.59 - 29.99,,202405,14209
16,小米SU7,14296,小米汽车,21.59 - 29.99,,202406,14209
17,小米SU7,13120,小米汽车,21.59 - 29.99,,202407,14209
21,小米SU7,13111,小米汽车,21.59 - 29.99,,202408,14209
22,小米SU7,13559,小米汽车,21.59 - 29.99,,202409,14209
15,小米SU7,20726,小米汽车,21.59 - 29.99,,202410,14209
14,小米SU7,23156,小米汽车,21.59 - 29.99,,202411,14209
20,问界M9,5251,AITO 问界,46.98 - 56.98,,202402,14114
29,问界M9,5446,AITO 问界,46.98 - 56.98,,202403,14114
9,问界M9,15139,AITO 问界,46.98 - 56.98,,202404,14114
10,问界M9,16462,AITO 问界,46.98 - 56.98,,202405,14114
14,问界M9,16525,AITO 问界,46.98 - 56.98,,202406,14114
11,问界M9,17151,AITO 问界,46.98 - 56.98,,202407,14114
15,问界M9,16955,AITO 问界,46.98 - 56.98,,202408,14114
18,问界M9,15207,AITO 问界,46.98 - 56.98,,202409,14114
19,问界M9,16595,AITO 问界,46.98 - 56.98,,202410,14114
22,问界M9,16409,AITO 问界,46.98 - 56.98,,202411,14114
79,元UP,1517,比亚迪,9.68 - 11.98,,202403,12920.77778
19,元UP,8620,比亚迪,9.68 - 11.98,,202404,12920.77778
21,元UP,9565,比亚迪,9.68 - 11.98,,202405,12920.77778
25,元UP,8392,比亚迪,9.68 - 11.98,,202406,12920.77778
21,元UP,11224,比亚迪,9.68 - 11.98,,202407,12920.77778
12,元UP,19344,比亚迪,9.68 - 11.98,,202408,12920.77778
16,元UP,16018,比亚迪,9.68 - 11.98,,202409,12920.77778
16,元UP,20216,比亚迪,9.68 - 11.98,,202410,12920.77778
15,元UP,21391,比亚迪,9.68 - 11.98,,202411,12920.77778
20,AION Y,2203,广汽埃安,9.98 - 18.98,,202105,12407.13953
27,AION Y,2234,广汽埃安,9.98 - 18.98,,202106,12407.13953
17,AION Y,3109,广汽埃安,9.98 - 18.98,,202107,12407.13953
15,AION Y,4124,广汽埃安,9.98 - 18.98,,202108,12407.13953
15,AION Y,5003,广汽埃安,9.98 - 18.98,,202109,12407.13953
25,AION Y,3384,广汽埃安,9.98 - 18.98,,202110,12407.13953
14,AION Y,6032,广汽埃安,9.98 - 18.98,,202111,12407.13953
20,AION Y,6020,广汽埃安,9.98 - 18.98,,202112,12407.13953
18,AION Y,6413,广汽埃安,9.98 - 18.98,,202201,12407.13953
25,AION Y,2986,广汽埃安,9.98 - 18.98,,202202,12407.13953
13,AION Y,9501,广汽埃安,9.98 - 18.98,,202203,12407.13953
13,AION Y,5261,广汽埃安,9.98 - 18.98,,202204,12407.13953
13,AION Y,8289,广汽埃安,9.98 - 18.98,,202205,12407.13953
9,AION Y,11801,广汽埃安,9.98 - 18.98,,202206,12407.13953
8,AION Y,12530,广汽埃安,9.98 - 18.98,,202207,12407.13953
10,AION Y,11012,广汽埃安,9.98 - 18.98,,202208,12407.13953
10,AION Y,13408,广汽埃安,9.98 - 18.98,,202209,12407.13953
11,AION Y,12615,广汽埃安,9.98 - 18.98,,202210,12407.13953
12,AION Y,11560,广汽埃安,9.98 - 18.98,,202211,12407.13953
12,AION Y,14311,广汽埃安,9.98 - 18.98,,202212,12407.13953
19,AION Y,4792,广汽埃安,9.98 - 18.98,,202301,12407.13953
8,AION Y,12996,广汽埃安,9.98 - 18.98,,202302,12407.13953
9,AION Y,13267,广汽埃安,9.98 - 18.98,,202303,12407.13953
6,AION Y,21065,广汽埃安,9.98 - 18.98,,202304,12407.13953
8,AION Y,19306,广汽埃安,9.98 - 18.98,,202305,12407.13953
9,AION Y,20583,广汽埃安,9.98 - 18.98,,202306,12407.13953
9,AION Y,17861,广汽埃安,9.98 - 18.98,,202307,12407.13953
5,AION Y,26713,广汽埃安,9.98 - 18.98,,202308,12407.13953
6,AION Y,26969,广汽埃安,9.98 - 18.98,,202309,12407.13953
5,AION Y,27132,广汽埃安,9.98 - 18.98,,202310,12407.13953
9,AION Y,22355,广汽埃安,9.98 - 18.98,,202311,12407.13953
11,AION Y,22678,广汽埃安,9.98 - 18.98,,202312,12407.13953
15,AION Y,10079,广汽埃安,9.98 - 18.98,,202401,12407.13953
16,AION Y,5794,广汽埃安,9.98 - 18.98,,202402,12407.13953
12,AION Y,13007,广汽埃安,9.98 - 18.98,,202403,12407.13953
12,AION Y,11501,广汽埃安,9.98 - 18.98,,202404,12407.13953
9,AION Y,17190,广汽埃安,9.98 - 18.98,,202405,12407.13953
13,AION Y,16670,广汽埃安,9.98 - 18.98,,202406,12407.13953
13,AION Y,16788,广汽埃安,9.98 - 18.98,,202407,12407.13953
20,AION Y,15166,广汽埃安,9.98 - 18.98,,202408,12407.13953
20,AION Y,14612,广汽埃安,9.98 - 18.98,,202409,12407.13953
24,AION Y,13587,广汽埃安,9.98 - 18.98,,202410,12407.13953
28,AION Y,11600,广汽埃安,9.98 - 18.98,,202411,12407.13953
151,银河E5,645,吉利汽车,11.28 - 14.88,,202407,12359.2
22,银河E5,12227,吉利汽车,11.28 - 14.88,,202408,12359.2
21,银河E5,14250,吉利汽车,11.28 - 14.88,,202409,12359.2
20,银河E5,15712,吉利汽车,11.28 - 14.88,,202410,12359.2
19,银河E5,18962,吉利汽车,11.28 - 14.88,,202411,12359.2
84,宋Pro新能源,0,比亚迪,10.98 - 14.28,,201907,12261.26316
5,宋Pro新能源,2401,比亚迪,10.98 - 14.28,,201908,12261.26316
5,宋Pro新能源,3007,比亚迪,10.98 - 14.28,,201909,12261.26316
14,宋Pro新能源,1068,比亚迪,10.98 - 14.28,,201910,12261.26316
19,宋Pro新能源,1094,比亚迪,10.98 - 14.28,,201911,12261.26316
16,宋Pro新能源,1782,比亚迪,10.98 - 14.28,,201912,12261.26316
19,宋Pro新能源,614,比亚迪,10.98 - 14.28,,202001,12261.26316
16,宋Pro新能源,254,比亚迪,10.98 - 14.28,,202002,12261.26316
9,宋Pro新能源,1508,比亚迪,10.98 - 14.28,,202003,12261.26316
19,宋Pro新能源,756,比亚迪,10.98 - 14.28,,202004,12261.26316
10,宋Pro新能源,1658,比亚迪,10.98 - 14.28,,202005,12261.26316
8,宋Pro新能源,2146,比亚迪,10.98 - 14.28,,202006,12261.26316
10,宋Pro新能源,2300,比亚迪,10.98 - 14.28,,202007,12261.26316
20,宋Pro新能源,1364,比亚迪,10.98 - 14.28,,202008,12261.26316
9,宋Pro新能源,20073,比亚迪,10.98 - 14.28,,202212,12261.26316
6,宋Pro新能源,14124,比亚迪,10.98 - 14.28,,202301,12261.26316
7,宋Pro新能源,14439,比亚迪,10.98 - 14.28,,202302,12261.26316
13,宋Pro新能源,10026,比亚迪,10.98 - 14.28,,202303,12261.26316
15,宋Pro新能源,8427,比亚迪,10.98 - 14.28,,202304,12261.26316
10,宋Pro新能源,13501,比亚迪,10.98 - 14.28,,202305,12261.26316
8,宋Pro新能源,21096,比亚迪,10.98 - 14.28,,202306,12261.26316
8,宋Pro新能源,18800,比亚迪,10.98 - 14.28,,202307,12261.26316
9,宋Pro新能源,19000,比亚迪,10.98 - 14.28,,202308,12261.26316
9,宋Pro新能源,20798,比亚迪,10.98 - 14.28,,202309,12261.26316
9,宋Pro新能源,21350,比亚迪,10.98 - 14.28,,202310,12261.26316
11,宋Pro新能源,20317,比亚迪,10.98 - 14.28,,202311,12261.26316
6,宋Pro新能源,27812,比亚迪,10.98 - 14.28,,202312,12261.26316
6,宋Pro新能源,19952,比亚迪,10.98 - 14.28,,202401,12261.26316
7,宋Pro新能源,9386,比亚迪,10.98 - 14.28,,202402,12261.26316
5,宋Pro新能源,27446,比亚迪,10.98 - 14.28,,202403,12261.26316
6,宋Pro新能源,22491,比亚迪,10.98 - 14.28,,202404,12261.26316
7,宋Pro新能源,22130,比亚迪,10.98 - 14.28,,202405,12261.26316
8,宋Pro新能源,19316,比亚迪,10.98 - 14.28,,202406,12261.26316
10,宋Pro新能源,18336,比亚迪,10.98 - 14.28,,202407,12261.26316
13,宋Pro新能源,19288,比亚迪,10.98 - 14.28,,202408,12261.26316
19,宋Pro新能源,14640,比亚迪,10.98 - 14.28,,202409,12261.26316
13,宋Pro新能源,22615,比亚迪,10.98 - 14.28,,202410,12261.26316
16,宋Pro新能源,20613,比亚迪,10.98 - 14.28,,202411,12261.26316
15,理想L7,7702,理想,30.18 - 37.98,,202303,12140
12,理想L7,10486,理想,30.18 - 37.98,,202304,12140
13,理想L7,11119,理想,30.18 - 37.98,,202305,12140
12,理想L7,13107,理想,30.18 - 37.98,,202306,12140
13,理想L7,13389,理想,30.18 - 37.98,,202307,12140
14,理想L7,12752,理想,30.18 - 37.98,,202308,12140
13,理想L7,12982,理想,30.18 - 37.98,,202309,12140
13,理想L7,15525,理想,30.18 - 37.98,,202310,12140
14,理想L7,16599,理想,30.18 - 37.98,,202311,12140
12,理想L7,20428,理想,30.18 - 37.98,,202312,12140
11,理想L7,13343,理想,30.18 - 37.98,,202401,12140
9,理想L7,8459,理想,30.18 - 37.98,,202402,12140
17,理想L7,10768,理想,30.18 - 37.98,,202403,12140
15,理想L7,10666,理想,30.18 - 37.98,,202404,12140
22,理想L7,9540,理想,30.18 - 37.98,,202405,12140
19,理想L7,10726,理想,30.18 - 37.98,,202406,12140
20,理想L7,11403,理想,30.18 - 37.98,,202407,12140
25,理想L7,10307,理想,30.18 - 37.98,,202408,12140
23,理想L7,12731,理想,30.18 - 37.98,,202409,12140
26,理想L7,11841,理想,30.18 - 37.98,,202410,12140
32,理想L7,11067,理想,30.18 - 37.98,,202411,12140
141,星愿,1000,吉利汽车,7.28 - 10.18,,202409,12056
22,星愿,15130,吉利汽车,7.28 - 10.18,,202410,12056
17,星愿,20038,吉利汽车,7.28 - 10.18,,202411,12056
31,智界R7,11086,LUXCEED 智界,24.98 - 33.98,,202411,11086
115,长安Lumin,160,长安汽车,3.79 - 6.99,,202205,10940.19355
60,长安Lumin,1707,长安汽车,3.79 - 6.99,,202206,10940.19355
18,长安Lumin,7412,长安汽车,3.79 - 6.99,,202207,10940.19355
12,长安Lumin,10783,长安汽车,3.79 - 6.99,,202208,10940.19355
12,长安Lumin,11267,长安汽车,3.79 - 6.99,,202209,10940.19355
10,长安Lumin,13235,长安汽车,3.79 - 6.99,,202210,10940.19355
11,长安Lumin,13235,长安汽车,3.79 - 6.99,,202211,10940.19355
13,长安Lumin,12468,长安汽车,3.79 - 6.99,,202212,10940.19355
20,长安Lumin,4711,长安汽车,3.79 - 6.99,,202301,10940.19355
11,长安Lumin,9105,长安汽车,3.79 - 6.99,,202302,10940.19355
12,长安Lumin,10217,长安汽车,3.79 - 6.99,,202303,10940.19355
16,长安Lumin,7643,长安汽车,3.79 - 6.99,,202304,10940.19355
17,长安Lumin,8491,长安汽车,3.79 - 6.99,,202305,10940.19355
15,长安Lumin,10714,长安汽车,3.79 - 6.99,,202306,10940.19355
12,长安Lumin,14103,长安汽车,3.79 - 6.99,,202307,10940.19355
13,长安Lumin,13446,长安汽车,3.79 - 6.99,,202308,10940.19355
12,长安Lumin,13650,长安汽车,3.79 - 6.99,,202309,10940.19355
12,长安Lumin,15533,长安汽车,3.79 - 6.99,,202310,10940.19355
13,长安Lumin,16671,长安汽车,3.79 - 6.99,,202311,10940.19355
21,长安Lumin,12480,长安汽车,3.79 - 6.99,,202312,10940.19355
9,长安Lumin,16041,长安汽车,3.79 - 6.99,,202401,10940.19355
28,长安Lumin,3845,长安汽车,3.79 - 6.99,,202402,10940.19355
15,长安Lumin,12226,长安汽车,3.79 - 6.99,,202403,10940.19355
21,长安Lumin,6890,长安汽车,3.79 - 6.99,,202404,10940.19355
16,长安Lumin,12438,长安汽车,3.79 - 6.99,,202405,10940.19355
23,长安Lumin,8807,长安汽车,3.79 - 6.99,,202406,10940.19355
22,长安Lumin,10238,长安汽车,3.79 - 6.99,,202407,10940.19355
18,长安Lumin,15701,长安汽车,3.79 - 6.99,,202408,10940.19355
25,长安Lumin,12284,长安汽车,3.79 - 6.99,,202409,10940.19355
18,长安Lumin,17040,长安汽车,3.79 - 6.99,,202410,10940.19355
21,长安Lumin,16605,长安汽车,3.79 - 6.99,,202411,10940.19355
57,驱逐舰05,1476,比亚迪,7.98 - 13.68,,202203,10511.24242
30,驱逐舰05,2040,比亚迪,7.98 - 13.68,,202204,10511.24242
22,驱逐舰05,4558,比亚迪,7.98 - 13.68,,202205,10511.24242
19,驱逐舰05,7464,比亚迪,7.98 - 13.68,,202206,10511.24242
17,驱逐舰05,7548,比亚迪,7.98 - 13.68,,202207,10511.24242
15,驱逐舰05,8725,比亚迪,7.98 - 13.68,,202208,10511.24242
15,驱逐舰05,9101,比亚迪,7.98 - 13.68,,202209,10511.24242
19,驱逐舰05,9111,比亚迪,7.98 - 13.68,,202210,10511.24242
18,驱逐舰05,6032,比亚迪,7.98 - 13.68,,202211,10511.24242
25,驱逐舰05,6107,比亚迪,7.98 - 13.68,,202212,10511.24242
18,驱逐舰05,4856,比亚迪,7.98 - 13.68,,202301,10511.24242
21,驱逐舰05,4760,比亚迪,7.98 - 13.68,,202302,10511.24242
23,驱逐舰05,4136,比亚迪,7.98 - 13.68,,202303,10511.24242
23,驱逐舰05,5133,比亚迪,7.98 - 13.68,,202304,10511.24242
16,驱逐舰05,9840,比亚迪,7.98 - 13.68,,202305,10511.24242
22,驱逐舰05,7943,比亚迪,7.98 - 13.68,,202306,10511.24242
21,驱逐舰05,8996,比亚迪,7.98 - 13.68,,202307,10511.24242
22,驱逐舰05,9218,比亚迪,7.98 - 13.68,,202308,10511.24242
26,驱逐舰05,7950,比亚迪,7.98 - 13.68,,202309,10511.24242
28,驱逐舰05,7966,比亚迪,7.98 - 13.68,,202310,10511.24242
34,驱逐舰05,6706,比亚迪,7.98 - 13.68,,202311,10511.24242
28,驱逐舰05,8302,比亚迪,7.98 - 13.68,,202312,10511.24242
28,驱逐舰05,6400,比亚迪,7.98 - 13.68,,202401,10511.24242
13,驱逐舰05,6953,比亚迪,7.98 - 13.68,,202402,10511.24242
8,驱逐舰05,18803,比亚迪,7.98 - 13.68,,202403,10511.24242
8,驱逐舰05,20363,比亚迪,7.98 - 13.68,,202404,10511.24242
5,驱逐舰05,24690,比亚迪,7.98 - 13.68,,202405,10511.24242
7,驱逐舰05,19441,比亚迪,7.98 - 13.68,,202406,10511.24242
9,驱逐舰05,18693,比亚迪,7.98 - 13.68,,202407,10511.24242
11,驱逐舰05,22180,比亚迪,7.98 - 13.68,,202408,10511.24242
13,驱逐舰05,20106,比亚迪,7.98 - 13.68,,202409,10511.24242
14,驱逐舰05,22055,比亚迪,7.98 - 13.68,,202410,10511.24242
18,驱逐舰05,19219,比亚迪,7.98 - 13.68,,202411,10511.24242
77,问界M7,1100,AITO 问界,24.98 - 32.98,,202207,9371.724138
31,问界M7,5336,AITO 问界,24.98 - 32.98,,202208,9371.724138
30,问界M7,4746,AITO 问界,24.98 - 32.98,,202209,9371.724138
26,问界M7,5226,AITO 问界,24.98 - 32.98,,202210,9371.724138
38,问界M7,3529,AITO 问界,24.98 - 32.98,,202211,9371.724138
41,问界M7,3957,AITO 问界,24.98 - 32.98,,202212,9371.724138
33,问界M7,1737,AITO 问界,24.98 - 32.98,,202301,9371.724138
50,问界M7,1223,AITO 问界,24.98 - 32.98,,202302,9371.724138
56,问界M7,1333,AITO 问界,24.98 - 32.98,,202303,9371.724138
78,问界M7,828,AITO 问界,24.98 - 32.98,,202304,9371.724138
90,问界M7,626,AITO 问界,24.98 - 32.98,,202305,9371.724138
118,问界M7,432,AITO 问界,24.98 - 32.98,,202306,9371.724138
98,问界M7,769,AITO 问界,24.98 - 32.98,,202307,9371.724138
91,问界M7,988,AITO 问界,24.98 - 32.98,,202308,9371.724138
32,问界M7,5248,AITO 问界,24.98 - 32.98,,202309,9371.724138
15,问界M7,12193,AITO 问界,24.98 - 32.98,,202310,9371.724138
12,问界M7,17039,AITO 问界,24.98 - 32.98,,202311,9371.724138
9,问界M7,25545,AITO 问界,24.98 - 32.98,,202312,9371.724138
2,问界M7,29997,AITO 问界,24.98 - 32.98,,202401,9371.724138
3,问界M7,21083,AITO 问界,24.98 - 32.98,,202402,9371.724138
9,问界M7,18512,AITO 问界,24.98 - 32.98,,202403,9371.724138
18,问界M7,9266,AITO 问界,24.98 - 32.98,,202404,9371.724138
19,问界M7,10181,AITO 问界,24.98 - 32.98,,202405,9371.724138
12,问界M7,17501,AITO 问界,24.98 - 32.98,,202406,9371.724138
15,问界M7,15633,AITO 问界,24.98 - 32.98,,202407,9371.724138
24,问界M7,11265,AITO 问界,24.98 - 32.98,,202408,9371.724138
15,问界M7,17940,AITO 问界,24.98 - 32.98,,202409,9371.724138
21,问界M7,15132,AITO 问界,24.98 - 32.98,,202410,9371.724138
25,问界M7,13415,AITO 问界,24.98 - 32.98,,202411,9371.724138
13,理想L9,10123,理想,42.98 - 45.98,,202209,8570.962963
18,理想L9,9181,理想,42.98 - 45.98,,202210,8570.962963
15,理想L9,9087,理想,42.98 - 45.98,,202211,8570.962963
15,理想L9,10582,理想,42.98 - 45.98,,202212,8570.962963
11,理想L9,7996,理想,42.98 - 45.98,,202301,8570.962963
16,理想L9,7299,理想,42.98 - 45.98,,202302,8570.962963
20,理想L9,5831,理想,42.98 - 45.98,,202303,8570.962963
22,理想L9,6082,理想,42.98 - 45.98,,202304,8570.962963
23,理想L9,6852,理想,42.98 - 45.98,,202305,8570.962963
21,理想L9,8451,理想,42.98 - 45.98,,202306,8570.962963
19,理想L9,9425,理想,42.98 - 45.98,,202307,8570.962963
18,理想L9,10933,理想,42.98 - 45.98,,202308,8570.962963
14,理想L9,11884,理想,42.98 - 45.98,,202309,8570.962963
14,理想L9,12756,理想,42.98 - 45.98,,202310,8570.962963
19,理想L9,11955,理想,42.98 - 45.98,,202311,8570.962963
16,理想L9,14913,理想,42.98 - 45.98,,202312,8570.962963
22,理想L9,8762,理想,42.98 - 45.98,,202401,8570.962963
14,理想L9,6336,理想,42.98 - 45.98,,202402,8570.962963
19,理想L9,8595,理想,42.98 - 45.98,,202403,8570.962963
22,理想L9,6560,理想,42.98 - 45.98,,202404,8570.962963
29,理想L9,6579,理想,42.98 - 45.98,,202405,8570.962963
33,理想L9,6841,理想,42.98 - 45.98,,202406,8570.962963
28,理想L9,7495,理想,42.98 - 45.98,,202407,8570.962963
35,理想L9,6696,理想,42.98 - 45.98,,202408,8570.962963
35,理想L9,7597,理想,42.98 - 45.98,,202409,8570.962963
45,理想L9,6493,理想,42.98 - 45.98,,202410,8570.962963
54,理想L9,6112,理想,42.98 - 45.98,,202411,8570.962963
115,腾势D9,350,腾势汽车,33.98 - 66.00,,202210,8484.038462
39,腾势D9,3451,腾势汽车,33.98 - 66.00,,202211,8484.038462
26,腾势D9,6002,腾势汽车,33.98 - 66.00,,202212,8484.038462
14,腾势D9,6438,腾势汽车,33.98 - 66.00,,202301,8484.038462
15,腾势D9,7325,腾势汽车,33.98 - 66.00,,202302,8484.038462
11,腾势D9,10398,腾势汽车,33.98 - 66.00,,202303,8484.038462
13,腾势D9,10368,腾势汽车,33.98 - 66.00,,202304,8484.038462
14,腾势D9,11005,腾势汽车,33.98 - 66.00,,202305,8484.038462
16,腾势D9,10013,腾势汽车,33.98 - 66.00,,202306,8484.038462
16,腾势D9,11146,腾势汽车,33.98 - 66.00,,202307,8484.038462
20,腾势D9,10035,腾势汽车,33.98 - 66.00,,202308,8484.038462
17,腾势D9,10249,腾势汽车,33.98 - 66.00,,202309,8484.038462
19,腾势D9,10063,腾势汽车,33.98 - 66.00,,202310,8484.038462
21,腾势D9,10446,腾势汽车,33.98 - 66.00,,202311,8484.038462
23,腾势D9,10492,腾势汽车,33.98 - 66.00,,202312,8484.038462
24,腾势D9,8360,腾势汽车,33.98 - 66.00,,202401,8484.038462
23,腾势D9,4219,腾势汽车,33.98 - 66.00,,202402,8484.038462
18,腾势D9,10036,腾势汽车,33.98 - 66.00,,202403,8484.038462
16,腾势D9,10031,腾势汽车,33.98 - 66.00,,202404,8484.038462
20,腾势D9,10158,腾势汽车,33.98 - 66.00,,202405,8484.038462
21,腾势D9,10186,腾势汽车,33.98 - 66.00,,202406,8484.038462
25,腾势D9,9030,腾势汽车,33.98 - 66.00,,202407,8484.038462
28,腾势D9,9181,腾势汽车,33.98 - 66.00,,202408,8484.038462
32,腾势D9,8122,腾势汽车,33.98 - 66.00,,202409,8484.038462
43,腾势D9,7381,腾势汽车,33.98 - 66.00,,202410,8484.038462
55,腾势D9,6100,腾势汽车,33.98 - 66.00,,202411,8484.038462
169,小鹏MONA M03,517,小鹏汽车,11.98 - 15.58,,202408,8175.75
28,小鹏MONA M03,10023,小鹏汽车,11.98 - 15.58,,202409,8175.75
30,小鹏MONA M03,10203,小鹏汽车,11.98 - 15.58,,202410,8175.75
27,小鹏MONA M03,11960,小鹏汽车,11.98 - 15.58,,202411,8175.75
20,理想L8,5293,理想,32.18 - 39.98,,202211,8100.96
16,理想L8,10189,理想,32.18 - 39.98,,202212,8100.96
15,理想L8,6099,理想,32.18 - 39.98,,202301,8100.96
13,理想L8,8192,理想,32.18 - 39.98,,202302,8100.96
18,理想L8,6224,理想,32.18 - 39.98,,202303,8100.96
18,理想L8,6887,理想,32.18 - 39.98,,202304,8100.96
20,理想L8,7604,理想,32.18 - 39.98,,202305,8100.96
18,理想L8,9618,理想,32.18 - 39.98,,202306,8100.96
15,理想L8,11315,理想,32.18 - 39.98,,202307,8100.96
15,理想L8,11227,理想,32.18 - 39.98,,202308,8100.96
16,理想L8,11193,理想,32.18 - 39.98,,202309,8100.96
16,理想L8,12142,理想,32.18 - 39.98,,202310,8100.96
17,理想L8,12476,理想,32.18 - 39.98,,202311,8100.96
15,理想L8,15013,理想,32.18 - 39.98,,202312,8100.96
19,理想L8,9061,理想,32.18 - 39.98,,202401,8100.96
18,理想L8,5457,理想,32.18 - 39.98,,202402,8100.96
21,理想L8,6392,理想,32.18 - 39.98,,202403,8100.96
33,理想L8,5035,理想,32.18 - 39.98,,202404,8100.96
40,理想L8,5322,理想,32.18 - 39.98,,202405,8100.96
41,理想L8,5754,理想,32.18 - 39.98,,202406,8100.96
33,理想L8,6592,理想,32.18 - 39.98,,202407,8100.96
46,理想L8,5476,理想,32.18 - 39.98,,202408,8100.96
41,理想L8,7109,理想,32.18 - 39.98,,202409,8100.96
46,理想L8,6471,理想,32.18 - 39.98,,202410,8100.96
50,理想L8,6383,理想,32.18 - 39.98,,202411,8100.96
17,银河L7,9673,吉利汽车,12.57 - 18.57,,202306,7592.722222
18,银河L7,10058,吉利汽车,12.57 - 18.57,,202307,7592.722222
17,银河L7,11117,吉利汽车,12.57 - 18.57,,202308,7592.722222
18,银河L7,10007,吉利汽车,12.57 - 18.57,,202309,7592.722222
22,银河L7,9336,吉利汽车,12.57 - 18.57,,202310,7592.722222
26,银河L7,8473,吉利汽车,12.57 - 18.57,,202311,7592.722222
32,银河L7,7577,吉利汽车,12.57 - 18.57,,202312,7592.722222
17,银河L7,9772,吉利汽车,12.57 - 18.57,,202401,7592.722222
21,银河L7,4775,吉利汽车,12.57 - 18.57,,202402,7592.722222
39,银河L7,4016,吉利汽车,12.57 - 18.57,,202403,7592.722222
28,银河L7,5519,吉利汽车,12.57 - 18.57,,202404,7592.722222
37,银河L7,5589,吉利汽车,12.57 - 18.57,,202405,7592.722222
35,银河L7,6499,吉利汽车,12.57 - 18.57,,202406,7592.722222
34,银河L7,6559,吉利汽车,12.57 - 18.57,,202407,7592.722222
42,银河L7,6061,吉利汽车,12.57 - 18.57,,202408,7592.722222
43,银河L7,7018,吉利汽车,12.57 - 18.57,,202409,7592.722222
41,银河L7,7436,吉利汽车,12.57 - 18.57,,202410,7592.722222
43,银河L7,7184,吉利汽车,12.57 - 18.57,,202411,7592.722222
186,深蓝S07,3,深蓝汽车,14.99 - 21.79,,202305,7224.526316
60,深蓝S07,2026,深蓝汽车,14.99 - 21.79,,202306,7224.526316
25,深蓝S07,6912,深蓝汽车,14.99 - 21.79,,202307,7224.526316
19,深蓝S07,10037,深蓝汽车,14.99 - 21.79,,202308,7224.526316
22,深蓝S07,8558,深蓝汽车,14.99 - 21.79,,202309,7224.526316
25,深蓝S07,8532,深蓝汽车,14.99 - 21.79,,202310,7224.526316
29,深蓝S07,7586,深蓝汽车,14.99 - 21.79,,202311,7224.526316
30,深蓝S07,7736,深蓝汽车,14.99 - 21.79,,202312,7224.526316
18,深蓝S07,9109,深蓝汽车,14.99 - 21.79,,202401,7224.526316
25,深蓝S07,4202,深蓝汽车,14.99 - 21.79,,202402,7224.526316
25,深蓝S07,5705,深蓝汽车,14.99 - 21.79,,202403,7224.526316
29,深蓝S07,5492,深蓝汽车,14.99 - 21.79,,202404,7224.526316
33,深蓝S07,5977,深蓝汽车,14.99 - 21.79,,202405,7224.526316
30,深蓝S07,7310,深蓝汽车,14.99 - 21.79,,202406,7224.526316
47,深蓝S07,5092,深蓝汽车,14.99 - 21.79,,202407,7224.526316
32,深蓝S07,7131,深蓝汽车,14.99 - 21.79,,202408,7224.526316
26,深蓝S07,12152,深蓝汽车,14.99 - 21.79,,202409,7224.526316
27,深蓝S07,11685,深蓝汽车,14.99 - 21.79,,202410,7224.526316
26,深蓝S07,12021,深蓝汽车,14.99 - 21.79,,202411,7224.526316
63,海豹,1726,比亚迪,14.98 - 24.98,,202208,7050.428571
19,海豹,7473,比亚迪,14.98 - 24.98,,202209,7050.428571
13,海豹,11267,比亚迪,14.98 - 24.98,,202210,7050.428571
10,海豹,15356,比亚迪,14.98 - 24.98,,202211,7050.428571
11,海豹,15378,比亚迪,14.98 - 24.98,,202212,7050.428571
13,海豹,6618,比亚迪,14.98 - 24.98,,202301,7050.428571
14,海豹,7754,比亚迪,14.98 - 24.98,,202302,7050.428571
21,海豹,5201,比亚迪,14.98 - 24.98,,202303,7050.428571
20,海豹,6323,比亚迪,14.98 - 24.98,,202304,7050.428571
19,海豹,8062,比亚迪,14.98 - 24.98,,202305,7050.428571
24,海豹,6802,比亚迪,14.98 - 24.98,,202306,7050.428571
31,海豹,5100,比亚迪,14.98 - 24.98,,202307,7050.428571
39,海豹,4100,比亚迪,14.98 - 24.98,,202308,7050.428571
28,海豹,7291,比亚迪,14.98 - 24.98,,202309,7050.428571
21,海豹,9767,比亚迪,14.98 - 24.98,,202310,7050.428571
16,海豹,13060,比亚迪,14.98 - 24.98,,202311,7050.428571
17,海豹,14381,比亚迪,14.98 - 24.98,,202312,7050.428571
23,海豹,8459,比亚迪,14.98 - 24.98,,202401,7050.428571
37,海豹,2319,比亚迪,14.98 - 24.98,,202402,7050.428571
28,海豹,5618,比亚迪,14.98 - 24.98,,202403,7050.428571
24,海豹,6114,比亚迪,14.98 - 24.98,,202404,7050.428571
30,海豹,6158,比亚迪,14.98 - 24.98,,202405,7050.428571
26,海豹,8138,比亚迪,14.98 - 24.98,,202406,7050.428571
29,海豹,7429,比亚迪,14.98 - 24.98,,202407,7050.428571
115,海豹,1251,比亚迪,14.98 - 24.98,,202408,7050.428571
107,海豹,1995,比亚迪,14.98 - 24.98,,202409,7050.428571
100,海豹,2383,比亚迪,14.98 - 24.98,,202410,7050.428571
122,海豹,1889,比亚迪,14.98 - 24.98,,202411,7050.428571
42,领克08新能源,4017,领克,19.58 - 28.80,,202309,7043.333333
27,领克08新能源,8038,领克,19.58 - 28.80,,202310,7043.333333
23,领克08新能源,10019,领克,19.58 - 28.80,,202311,7043.333333
24,领克08新能源,10055,领克,19.58 - 28.80,,202312,7043.333333
21,领克08新能源,8816,领克,19.58 - 28.80,,202401,7043.333333
31,领克08新能源,3419,领克,19.58 - 28.80,,202402,7043.333333
30,领克08新能源,5322,领克,19.58 - 28.80,,202403,7043.333333
26,领克08新能源,5862,领克,19.58 - 28.80,,202404,7043.333333
32,领克08新能源,6001,领克,19.58 - 28.80,,202405,7043.333333
37,领克08新能源,6199,领克,19.58 - 28.80,,202406,7043.333333
40,领克08新能源,5853,领克,19.58 - 28.80,,202407,7043.333333
38,领克08新能源,6454,领克,19.58 - 28.80,,202408,7043.333333
42,领克08新能源,7019,领克,19.58 - 28.80,,202409,7043.333333
34,领克08新能源,8571,领克,19.58 - 28.80,,202410,7043.333333
35,领克08新能源,10005,领克,19.58 - 28.80,,202411,7043.333333
58,阿维塔07,5636,阿维塔科技,21.99 - 28.99,,202410,7017
38,阿维塔07,8398,阿维塔科技,21.99 - 28.99,,202411,7017
138,极氪7X,771,极氪,22.99 - 26.99,,202408,6994.75
61,极氪7X,4453,极氪,22.99 - 26.99,,202409,6994.75
28,极氪7X,11643,极氪,22.99 - 26.99,,202410,6994.75
30,极氪7X,11112,极氪,22.99 - 26.99,,202411,6994.75
14,东风纳米EX1,7947,东风汽车,4.57 - 4.57,,202201,6713.666667
11,东风纳米EX1,6210,东风汽车,4.57 - 4.57,,202202,6713.666667
20,东风纳米EX1,4832,东风汽车,4.57 - 4.57,,202203,6713.666667
16,东风纳米EX1,4294,东风汽车,4.57 - 4.57,,202204,6713.666667
15,东风纳米EX1,7146,东风汽车,4.57 - 4.57,,202205,6713.666667
16,东风纳米EX1,8176,东风汽车,4.57 - 4.57,,202206,6713.666667
15,东风纳米EX1,8678,东风汽车,4.57 - 4.57,,202207,6713.666667
30,东风纳米EX1,5476,东风汽车,4.57 - 4.57,,202208,6713.666667
34,东风纳米EX1,4231,东风汽车,4.57 - 4.57,,202209,6713.666667
14,东风纳米EX1,10785,东风汽车,4.57 - 4.57,,202210,6713.666667
21,东风纳米EX1,5243,东风汽车,4.57 - 4.57,,202211,6713.666667
21,东风纳米EX1,7546,东风汽车,4.57 - 4.57,,202212,6713.666667
41,极氪001,2012,极氪,25.90 - 32.90,,202111,6656.324324
29,极氪001,3796,极氪,25.90 - 32.90,,202112,6656.324324
28,极氪001,3530,极氪,25.90 - 32.90,,202201,6656.324324
26,极氪001,2916,极氪,25.90 - 32.90,,202202,6656.324324
51,极氪001,1795,极氪,25.90 - 32.90,,202203,6656.324324
29,极氪001,2137,极氪,25.90 - 32.90,,202204,6656.324324
25,极氪001,4330,极氪,25.90 - 32.90,,202205,6656.324324
31,极氪001,4302,极氪,25.90 - 32.90,,202206,6656.324324
31,极氪001,5022,极氪,25.90 - 32.90,,202207,6656.324324
20,极氪001,7166,极氪,25.90 - 32.90,,202208,6656.324324
18,极氪001,8276,极氪,25.90 - 32.90,,202209,6656.324324
15,极氪001,10119,极氪,25.90 - 32.90,,202210,6656.324324
14,极氪001,11011,极氪,25.90 - 32.90,,202211,6656.324324
14,极氪001,11337,极氪,25.90 - 32.90,,202212,6656.324324
25,极氪001,3116,极氪,25.90 - 32.90,,202301,6656.324324
20,极氪001,4839,极氪,25.90 - 32.90,,202302,6656.324324
22,极氪001,4517,极氪,25.90 - 32.90,,202303,6656.324324
19,极氪001,6463,极氪,25.90 - 32.90,,202304,6656.324324
24,极氪001,6223,极氪,25.90 - 32.90,,202305,6656.324324
25,极氪001,6147,极氪,25.90 - 32.90,,202306,6656.324324
28,极氪001,6170,极氪,25.90 - 32.90,,202307,6656.324324
26,极氪001,6822,极氪,25.90 - 32.90,,202308,6656.324324
21,极氪001,8701,极氪,25.90 - 32.90,,202309,6656.324324
26,极氪001,8517,极氪,25.90 - 32.90,,202310,6656.324324
33,极氪001,6751,极氪,25.90 - 32.90,,202311,6656.324324
29,极氪001,7980,极氪,25.90 - 32.90,,202312,6656.324324
34,极氪001,5272,极氪,25.90 - 32.90,,202401,6656.324324
35,极氪001,2663,极氪,25.90 - 32.90,,202402,6656.324324
20,极氪001,7503,极氪,25.90 - 32.90,,202403,6656.324324
13,极氪001,11267,极氪,25.90 - 32.90,,202404,6656.324324
14,极氪001,13480,极氪,25.90 - 32.90,,202405,6656.324324
15,极氪001,14383,极氪,25.90 - 32.90,,202406,6656.324324
24,极氪001,9335,极氪,25.90 - 32.90,,202407,6656.324324
29,极氪001,8481,极氪,25.90 - 32.90,,202408,6656.324324
37,极氪001,7432,极氪,25.90 - 32.90,,202409,6656.324324
55,极氪001,5870,极氪,25.90 - 32.90,,202410,6656.324324
47,极氪001,6603,极氪,25.90 - 32.90,,202411,6656.324324
98,奔腾小马,1277,一汽奔腾,2.49 - 3.99,,202405,6471.857143
89,奔腾小马,1764,一汽奔腾,2.49 - 3.99,,202406,6471.857143
81,奔腾小马,2365,一汽奔腾,2.49 - 3.99,,202407,6471.857143
63,奔腾小马,3759,一汽奔腾,2.49 - 3.99,,202408,6471.857143
30,奔腾小马,9615,一汽奔腾,2.49 - 3.99,,202409,6471.857143
25,奔腾小马,12633,一汽奔腾,2.49 - 3.99,,202410,6471.857143
24,奔腾小马,13890,一汽奔腾,2.49 - 3.99,,202411,6471.857143
90,风云T9,1547,奇瑞汽车,12.99 - 19.39,,202405,6254.571429
51,风云T9,4990,奇瑞汽车,12.99 - 19.39,,202406,6254.571429
39,风云T9,5876,奇瑞汽车,12.99 - 19.39,,202407,6254.571429
36,风云T9,6578,奇瑞汽车,12.99 - 19.39,,202408,6254.571429
36,风云T9,7575,奇瑞汽车,12.99 - 19.39,,202409,6254.571429
35,风云T9,8551,奇瑞汽车,12.99 - 19.39,,202410,6254.571429
37,风云T9,8665,奇瑞汽车,12.99 - 19.39,,202411,6254.571429
71,五菱星光,2146,上汽通用五菱,7.98 - 10.98,,202311,6162.230769
27,五菱星光,8550,上汽通用五菱,7.98 - 10.98,,202312,6162.230769
14,五菱星光,10103,上汽通用五菱,7.98 - 10.98,,202401,6162.230769
17,五菱星光,5647,上汽通用五菱,7.98 - 10.98,,202402,6162.230769
24,五菱星光,5756,上汽通用五菱,7.98 - 10.98,,202403,6162.230769
38,五菱星光,4693,上汽通用五菱,7.98 - 10.98,,202404,6162.230769
25,五菱星光,7859,上汽通用五菱,7.98 - 10.98,,202405,6162.230769
29,五菱星光,7385,上汽通用五菱,7.98 - 10.98,,202406,6162.230769
37,五菱星光,6244,上汽通用五菱,7.98 - 10.98,,202407,6162.230769
44,五菱星光,5840,上汽通用五菱,7.98 - 10.98,,202408,6162.230769
52,五菱星光,5588,上汽通用五菱,7.98 - 10.98,,202409,6162.230769
59,五菱星光,5377,上汽通用五菱,7.98 - 10.98,,202410,6162.230769
71,五菱星光,4921,上汽通用五菱,7.98 - 10.98,,202411,6162.230769
40,海豹07 DM-i,6337,比亚迪,13.98 - 19.58,,202408,6036.25
46,海豹07 DM-i,6282,比亚迪,13.98 - 19.58,,202409,6036.25
50,海豹07 DM-i,6139,比亚迪,13.98 - 19.58,,202410,6036.25
65,海豹07 DM-i,5387,比亚迪,13.98 - 19.58,,202411,6036.25
12,荣威Ei5,714,上汽集团,13.98 - 15.38,,201803,5883.91358
12,荣威Ei5,1397,上汽集团,13.98 - 15.38,,201804,5883.91358
9,荣威Ei5,2996,上汽集团,13.98 - 15.38,,201805,5883.91358
1,荣威Ei5,4661,上汽集团,13.98 - 15.38,,201806,5883.91358
7,荣威Ei5,2939,上汽集团,13.98 - 15.38,,201807,5883.91358
8,荣威Ei5,3959,上汽集团,13.98 - 15.38,,201808,5883.91358
11,荣威Ei5,3008,上汽集团,13.98 - 15.38,,201809,5883.91358
5,荣威Ei5,5095,上汽集团,13.98 - 15.38,,201810,5883.91358
2,荣威Ei5,12942,上汽集团,13.98 - 15.38,,201811,5883.91358
1,荣威Ei5,20471,上汽集团,13.98 - 15.38,,201812,5883.91358
1,荣威Ei5,22261,上汽集团,13.98 - 15.38,,201901,5883.91358
7,荣威Ei5,2369,上汽集团,13.98 - 15.38,,201902,5883.91358
1,荣威Ei5,18192,上汽集团,13.98 - 15.38,,201903,5883.91358
1,荣威Ei5,13151,上汽集团,13.98 - 15.38,,201904,5883.91358
3,荣威Ei5,5488,上汽集团,13.98 - 15.38,,201905,5883.91358
8,荣威Ei5,4377,上汽集团,13.98 - 15.38,,201906,5883.91358
22,荣威Ei5,668,上汽集团,13.98 - 15.38,,201907,5883.91358
39,荣威Ei5,197,上汽集团,13.98 - 15.38,,201908,5883.91358
42,荣威Ei5,186,上汽集团,13.98 - 15.38,,201909,5883.91358
17,荣威Ei5,837,上汽集团,13.98 - 15.38,,201910,5883.91358
24,荣威Ei5,750,上汽集团,13.98 - 15.38,,201911,5883.91358
4,荣威Ei5,5457,上汽集团,13.98 - 15.38,,201912,5883.91358
1,荣威Ei5,3068,上汽集团,13.98 - 15.38,,202001,5883.91358
15,荣威Ei5,277,上汽集团,13.98 - 15.38,,202002,5883.91358
16,荣威Ei5,804,上汽集团,13.98 - 15.38,,202003,5883.91358
25,荣威Ei5,450,上汽集团,13.98 - 15.38,,202004,5883.91358
1,荣威Ei5,14525,上汽集团,13.98 - 15.38,,202005,5883.91358
2,荣威Ei5,13178,上汽集团,13.98 - 15.38,,202006,5883.91358
1,荣威Ei5,14141,上汽集团,13.98 - 15.38,,202007,5883.91358
2,荣威Ei5,12206,上汽集团,13.98 - 15.38,,202008,5883.91358
2,荣威Ei5,13722,上汽集团,13.98 - 15.38,,202009,5883.91358
2,荣威Ei5,16490,上汽集团,13.98 - 15.38,,202010,5883.91358
2,荣威Ei5,16163,上汽集团,13.98 - 15.38,,202011,5883.91358
3,荣威Ei5,17473,上汽集团,13.98 - 15.38,,202012,5883.91358
3,荣威Ei5,13507,上汽集团,13.98 - 15.38,,202101,5883.91358
4,荣威Ei5,6461,上汽集团,13.98 - 15.38,,202102,5883.91358
3,荣威Ei5,14528,上汽集团,13.98 - 15.38,,202103,5883.91358
3,荣威Ei5,10658,上汽集团,13.98 - 15.38,,202104,5883.91358
3,荣威Ei5,14315,上汽集团,13.98 - 15.38,,202105,5883.91358
3,荣威Ei5,11929,上汽集团,13.98 - 15.38,,202106,5883.91358
6,荣威Ei5,7332,上汽集团,13.98 - 15.38,,202107,5883.91358
4,荣威Ei5,14773,上汽集团,13.98 - 15.38,,202108,5883.91358
4,荣威Ei5,18372,上汽集团,13.98 - 15.38,,202109,5883.91358
4,荣威Ei5,21021,上汽集团,13.98 - 15.38,,202110,5883.91358
4,荣威Ei5,19575,上汽集团,13.98 - 15.38,,202111,5883.91358
4,荣威Ei5,21862,上汽集团,13.98 - 15.38,,202112,5883.91358
29,荣威Ei5,3353,上汽集团,13.98 - 15.38,,202201,5883.91358
34,荣威Ei5,2104,上汽集团,13.98 - 15.38,,202202,5883.91358
30,荣威Ei5,3145,上汽集团,13.98 - 15.38,,202203,5883.91358
63,荣威Ei5,751,上汽集团,13.98 - 15.38,,202204,5883.91358
20,荣威Ei5,4747,上汽集团,13.98 - 15.38,,202205,5883.91358
57,荣威Ei5,1824,上汽集团,13.98 - 15.38,,202206,5883.91358
43,荣威Ei5,3000,上汽集团,13.98 - 15.38,,202207,5883.91358
46,荣威Ei5,3145,上汽集团,13.98 - 15.38,,202208,5883.91358
40,荣威Ei5,3537,上汽集团,13.98 - 15.38,,202209,5883.91358
36,荣威Ei5,3156,上汽集团,13.98 - 15.38,,202210,5883.91358
42,荣威Ei5,3039,上汽集团,13.98 - 15.38,,202211,5883.91358
31,荣威Ei5,4747,上汽集团,13.98 - 15.38,,202212,5883.91358
130,荣威Ei5,87,上汽集团,13.98 - 15.38,,202301,5883.91358
78,荣威Ei5,681,上汽集团,13.98 - 15.38,,202302,5883.91358
63,荣威Ei5,1102,上汽集团,13.98 - 15.38,,202303,5883.91358
110,荣威Ei5,380,上汽集团,13.98 - 15.38,,202304,5883.91358
78,荣威Ei5,927,上汽集团,13.98 - 15.38,,202305,5883.91358
97,荣威Ei5,795,上汽集团,13.98 - 15.38,,202306,5883.91358
104,荣威Ei5,654,上汽集团,13.98 - 15.38,,202307,5883.91358
116,荣威Ei5,563,上汽集团,13.98 - 15.38,,202308,5883.91358
98,荣威Ei5,960,上汽集团,13.98 - 15.38,,202309,5883.91358
177,荣威Ei5,135,上汽集团,13.98 - 15.38,,202310,5883.91358
152,荣威Ei5,326,上汽集团,13.98 - 15.38,,202311,5883.91358
127,荣威Ei5,751,上汽集团,13.98 - 15.38,,202312,5883.91358
192,荣威Ei5,110,上汽集团,13.98 - 15.38,,202401,5883.91358
178,荣威Ei5,102,上汽集团,13.98 - 15.38,,202402,5883.91358
92,荣威Ei5,1343,上汽集团,13.98 - 15.38,,202403,5883.91358
109,荣威Ei5,819,上汽集团,13.98 - 15.38,,202404,5883.91358
174,荣威Ei5,334,上汽集团,13.98 - 15.38,,202405,5883.91358
189,荣威Ei5,277,上汽集团,13.98 - 15.38,,202406,5883.91358
200,荣威Ei5,221,上汽集团,13.98 - 15.38,,202407,5883.91358
241,荣威Ei5,87,上汽集团,13.98 - 15.38,,202408,5883.91358
212,荣威Ei5,224,上汽集团,13.98 - 15.38,,202409,5883.91358
245,荣威Ei5,82,上汽集团,13.98 - 15.38,,202410,5883.91358
238,荣威Ei5,144,上汽集团,13.98 - 15.38,,202411,5883.91358
123,零跑C16,889,零跑汽车,15.58 - 18.98,,202406,5779.833333
70,零跑C16,2812,零跑汽车,15.58 - 18.98,,202407,5779.833333
30,零跑C16,8032,零跑汽车,15.58 - 18.98,,202408,5779.833333
38,零跑C16,7331,零跑汽车,15.58 - 18.98,,202409,5779.833333
39,零跑C16,7670,零跑汽车,15.58 - 18.98,,202410,5779.833333
41,零跑C16,7945,零跑汽车,15.58 - 18.98,,202411,5779.833333
43,长安UNI-Z新能源,4165,长安汽车,11.79 - 13.19,,202404,5770
41,长安UNI-Z新能源,5031,长安汽车,11.79 - 13.19,,202405,5770
50,长安UNI-Z新能源,4999,长安汽车,11.79 - 13.19,,202406,5770
48,长安UNI-Z新能源,4942,长安汽车,11.79 - 13.19,,202407,5770
33,长安UNI-Z新能源,7036,长安汽车,11.79 - 13.19,,202408,5770
50,长安UNI-Z新能源,5720,长安汽车,11.79 - 13.19,,202409,5770
32,长安UNI-Z新能源,9244,长安汽车,11.79 - 13.19,,202410,5770
70,长安UNI-Z新能源,5023,长安汽车,11.79 - 13.19,,202411,5770
14,QQ冰淇淋,8390,奇瑞新能源,2.99 - 5.69,,202112,5765.777778
9,QQ冰淇淋,9984,奇瑞新能源,2.99 - 5.69,,202201,5765.777778
10,QQ冰淇淋,6442,奇瑞新能源,2.99 - 5.69,,202202,5765.777778
7,QQ冰淇淋,11687,奇瑞新能源,2.99 - 5.69,,202203,5765.777778
9,QQ冰淇淋,7078,奇瑞新能源,2.99 - 5.69,,202204,5765.777778
10,QQ冰淇淋,9243,奇瑞新能源,2.99 - 5.69,,202205,5765.777778
12,QQ冰淇淋,9663,奇瑞新能源,2.99 - 5.69,,202206,5765.777778
13,QQ冰淇淋,9391,奇瑞新能源,2.99 - 5.69,,202207,5765.777778
16,QQ冰淇淋,8616,奇瑞新能源,2.99 - 5.69,,202208,5765.777778
17,QQ冰淇淋,8650,奇瑞新能源,2.99 - 5.69,,202209,5765.777778
21,QQ冰淇淋,7145,奇瑞新能源,2.99 - 5.69,,202210,5765.777778
29,QQ冰淇淋,4048,奇瑞新能源,2.99 - 5.69,,202211,5765.777778
32,QQ冰淇淋,4592,奇瑞新能源,2.99 - 5.69,,202212,5765.777778
26,QQ冰淇淋,2736,奇瑞新能源,2.99 - 5.69,,202301,5765.777778
23,QQ冰淇淋,3134,奇瑞新能源,2.99 - 5.69,,202302,5765.777778
25,QQ冰淇淋,3951,奇瑞新能源,2.99 - 5.69,,202303,5765.777778
29,QQ冰淇淋,4253,奇瑞新能源,2.99 - 5.69,,202304,5765.777778
25,QQ冰淇淋,5358,奇瑞新能源,2.99 - 5.69,,202305,5765.777778
28,QQ冰淇淋,6041,奇瑞新能源,2.99 - 5.69,,202306,5765.777778
29,QQ冰淇淋,5716,奇瑞新能源,2.99 - 5.69,,202307,5765.777778
31,QQ冰淇淋,5775,奇瑞新能源,2.99 - 5.69,,202308,5765.777778
29,QQ冰淇淋,7235,奇瑞新能源,2.99 - 5.69,,202309,5765.777778
30,QQ冰淇淋,7111,奇瑞新能源,2.99 - 5.69,,202310,5765.777778
24,QQ冰淇淋,9015,奇瑞新能源,2.99 - 5.69,,202311,5765.777778
33,QQ冰淇淋,7462,奇瑞新能源,2.99 - 5.69,,202312,5765.777778
58,QQ冰淇淋,2525,奇瑞新能源,2.99 - 5.69,,202401,5765.777778
49,QQ冰淇淋,1970,奇瑞新能源,2.99 - 5.69,,202402,5765.777778
50,QQ冰淇淋,3186,奇瑞新能源,2.99 - 5.69,,202403,5765.777778
58,QQ冰淇淋,2797,奇瑞新能源,2.99 - 5.69,,202404,5765.777778
47,QQ冰淇淋,4173,奇瑞新能源,2.99 - 5.69,,202405,5765.777778
83,QQ冰淇淋,2074,奇瑞新能源,2.99 - 5.69,,202406,5765.777778
76,QQ冰淇淋,2556,奇瑞新能源,2.99 - 5.69,,202407,5765.777778
79,QQ冰淇淋,2782,奇瑞新能源,2.99 - 5.69,,202408,5765.777778
89,QQ冰淇淋,2666,奇瑞新能源,2.99 - 5.69,,202409,5765.777778
72,QQ冰淇淋,4137,奇瑞新能源,2.99 - 5.69,,202410,5765.777778
57,QQ冰淇淋,5986,奇瑞新能源,2.99 - 5.69,,202411,5765.777778
14,哪吒V,5178,合众汽车,7.99 - 12.38,,202110,5740.772727
153,哪吒V,0,合众汽车,7.99 - 12.38,,202111,5740.772727
208,哪吒V,0,合众汽车,7.99 - 12.38,,202112,5740.772727
17,哪吒V,6482,合众汽车,7.99 - 12.38,,202201,5740.772727
15,哪吒V,4073,合众汽车,7.99 - 12.38,,202202,5740.772727
16,哪吒V,8122,合众汽车,7.99 - 12.38,,202203,5740.772727
12,哪吒V,5694,合众汽车,7.99 - 12.38,,202204,5740.772727
14,哪吒V,7884,合众汽车,7.99 - 12.38,,202205,5740.772727
13,哪吒V,9147,合众汽车,7.99 - 12.38,,202206,5740.772727
14,哪吒V,8967,合众汽车,7.99 - 12.38,,202207,5740.772727
13,哪吒V,10236,合众汽车,7.99 - 12.38,,202208,5740.772727
11,哪吒V,11935,合众汽车,7.99 - 12.38,,202209,5740.772727
12,哪吒V,11721,合众汽车,7.99 - 12.38,,202210,5740.772727
13,哪吒V,11263,合众汽车,7.99 - 12.38,,202211,5740.772727
51,哪吒V,3323,合众汽车,7.99 - 12.38,,202212,5740.772727
23,哪吒V,3487,合众汽车,7.99 - 12.38,,202301,5740.772727
19,哪吒V,5013,合众汽车,7.99 - 12.38,,202302,5740.772727
64,哪吒V,1098,合众汽车,7.99 - 12.38,,202303,5740.772727
25,哪吒V,4727,合众汽车,7.99 - 12.38,,202304,5740.772727
35,哪吒V,3096,合众汽车,7.99 - 12.38,,202305,5740.772727
56,哪吒V,2268,合众汽车,7.99 - 12.38,,202306,5740.772727
51,哪吒V,2583,合众汽车,7.99 - 12.38,,202307,5740.772727
103,零跑C10,847,零跑汽车,12.88 - 16.88,,202401,5654.727273
39,零跑C10,2266,零跑汽车,12.88 - 16.88,,202402,5654.727273
35,零跑C10,4744,零跑汽车,12.88 - 16.88,,202403,5654.727273
30,零跑C10,5368,零跑汽车,12.88 - 16.88,,202404,5654.727273
39,零跑C10,5411,零跑汽车,12.88 - 16.88,,202405,5654.727273
43,零跑C10,5470,零跑汽车,12.88 - 16.88,,202406,5654.727273
30,零跑C10,7386,零跑汽车,12.88 - 16.88,,202407,5654.727273
37,零跑C10,6554,零跑汽车,12.88 - 16.88,,202408,5654.727273
40,零跑C10,7181,零跑汽车,12.88 - 16.88,,202409,5654.727273
37,零跑C10,7913,零跑汽车,12.88 - 16.88,,202410,5654.727273
36,零跑C10,9062,零跑汽车,12.88 - 16.88,,202411,5654.727273
6,唐新能源,412,比亚迪,17.98 - 26.98,,201506,5580
4,唐新能源,723,比亚迪,17.98 - 26.98,,201507,5580
3,唐新能源,1140,比亚迪,17.98 - 26.98,,201508,5580
1,唐新能源,3130,比亚迪,17.98 - 26.98,,201509,5580
2,唐新能源,3212,比亚迪,17.98 - 26.98,,201510,5580
2,唐新能源,4049,比亚迪,17.98 - 26.98,,201511,5580
2,唐新能源,5503,比亚迪,17.98 - 26.98,,201512,5580
2,唐新能源,4012,比亚迪,17.98 - 26.98,,201601,5580
1,唐新能源,2098,比亚迪,17.98 - 26.98,,201602,5580
1,唐新能源,3111,比亚迪,17.98 - 26.98,,201603,5580
1,唐新能源,3145,比亚迪,17.98 - 26.98,,201604,5580
1,唐新能源,3249,比亚迪,17.98 - 26.98,,201605,5580
1,唐新能源,3519,比亚迪,17.98 - 26.98,,201606,5580
1,唐新能源,3032,比亚迪,17.98 - 26.98,,201607,5580
1,唐新能源,2502,比亚迪,17.98 - 26.98,,201608,5580
1,唐新能源,2120,比亚迪,17.98 - 26.98,,201609,5580
5,唐新能源,1529,比亚迪,17.98 - 26.98,,201610,5580
6,唐新能源,1578,比亚迪,17.98 - 26.98,,201611,5580
7,唐新能源,1510,比亚迪,17.98 - 26.98,,201612,5580
4,唐新能源,278,比亚迪,17.98 - 26.98,,201701,5580
4,唐新能源,1019,比亚迪,17.98 - 26.98,,201702,5580
3,唐新能源,1509,比亚迪,17.98 - 26.98,,201703,5580
6,唐新能源,1534,比亚迪,17.98 - 26.98,,201704,5580
9,唐新能源,1589,比亚迪,17.98 - 26.98,,201705,5580
7,唐新能源,1573,比亚迪,17.98 - 26.98,,201706,5580
9,唐新能源,977,比亚迪,17.98 - 26.98,,201707,5580
13,唐新能源,905,比亚迪,17.98 - 26.98,,201708,5580
14,唐新能源,1077,比亚迪,17.98 - 26.98,,201709,5580
18,唐新能源,868,比亚迪,17.98 - 26.98,,201710,5580
14,唐新能源,1758,比亚迪,17.98 - 26.98,,201711,5580
16,唐新能源,1505,比亚迪,17.98 - 26.98,,201712,5580
6,唐新能源,1089,比亚迪,17.98 - 26.98,,201801,5580
14,唐新能源,204,比亚迪,17.98 - 26.98,,201802,5580
16,唐新能源,398,比亚迪,17.98 - 26.98,,201803,5580
28,唐新能源,177,比亚迪,17.98 - 26.98,,201804,5580
25,唐新能源,411,比亚迪,17.98 - 26.98,,201805,5580
12,唐新能源,1005,比亚迪,17.98 - 26.98,,201806,5580
4,唐新能源,3551,比亚迪,17.98 - 26.98,,201807,5580
1,唐新能源,5043,比亚迪,17.98 - 26.98,,201808,5580
1,唐新能源,6019,比亚迪,17.98 - 26.98,,201809,5580
2,唐新能源,6037,比亚迪,17.98 - 26.98,,201810,5580
3,唐新能源,6405,比亚迪,17.98 - 26.98,,201811,5580
7,唐新能源,6807,比亚迪,17.98 - 26.98,,201812,5580
4,唐新能源,6908,比亚迪,17.98 - 26.98,,201901,5580
3,唐新能源,3216,比亚迪,17.98 - 26.98,,201902,5580
5,唐新能源,6357,比亚迪,17.98 - 26.98,,201903,5580
3,唐新能源,5484,比亚迪,17.98 - 26.98,,201904,5580
7,唐新能源,3519,比亚迪,17.98 - 26.98,,201905,5580
10,唐新能源,3755,比亚迪,17.98 - 26.98,,201906,5580
5,唐新能源,2670,比亚迪,17.98 - 26.98,,201907,5580
9,唐新能源,2208,比亚迪,17.98 - 26.98,,201908,5580
8,唐新能源,2215,比亚迪,17.98 - 26.98,,201909,5580
8,唐新能源,2016,比亚迪,17.98 - 26.98,,201910,5580
17,唐新能源,1130,比亚迪,17.98 - 26.98,,201911,5580
24,唐新能源,1150,比亚迪,17.98 - 26.98,,201912,5580
15,唐新能源,1005,比亚迪,17.98 - 26.98,,202001,5580
20,唐新能源,121,比亚迪,17.98 - 26.98,,202002,5580
15,唐新能源,807,比亚迪,17.98 - 26.98,,202003,5580
14,唐新能源,1122,比亚迪,17.98 - 26.98,,202004,5580
13,唐新能源,1366,比亚迪,17.98 - 26.98,,202005,5580
16,唐新能源,1455,比亚迪,17.98 - 26.98,,202006,5580
15,唐新能源,1594,比亚迪,17.98 - 26.98,,202007,5580
15,唐新能源,1635,比亚迪,17.98 - 26.98,,202008,5580
9,唐新能源,3046,比亚迪,17.98 - 26.98,,202009,5580
7,唐新能源,3721,比亚迪,17.98 - 26.98,,202010,5580
10,唐新能源,3007,比亚迪,17.98 - 26.98,,202011,5580
10,唐新能源,3618,比亚迪,17.98 - 26.98,,202012,5580
14,唐新能源,2049,比亚迪,17.98 - 26.98,,202101,5580
19,唐新能源,1169,比亚迪,17.98 - 26.98,,202102,5580
21,唐新能源,1891,比亚迪,17.98 - 26.98,,202103,5580
23,唐新能源,1508,比亚迪,17.98 - 26.98,,202104,5580
18,唐新能源,2301,比亚迪,17.98 - 26.98,,202105,5580
20,唐新能源,3139,比亚迪,17.98 - 26.98,,202106,5580
10,唐新能源,4676,比亚迪,17.98 - 26.98,,202107,5580
10,唐新能源,6240,比亚迪,17.98 - 26.98,,202108,5580
11,唐新能源,6254,比亚迪,17.98 - 26.98,,202109,5580
9,唐新能源,6862,比亚迪,17.98 - 26.98,,202110,5580
11,唐新能源,8125,比亚迪,17.98 - 26.98,,202111,5580
12,唐新能源,9000,比亚迪,17.98 - 26.98,,202112,5580
12,唐新能源,9060,比亚迪,17.98 - 26.98,,202201,5580
6,唐新能源,10426,比亚迪,17.98 - 26.98,,202202,5580
12,唐新能源,9625,比亚迪,17.98 - 26.98,,202203,5580
6,唐新能源,10131,比亚迪,17.98 - 26.98,,202204,5580
12,唐新能源,8449,比亚迪,17.98 - 26.98,,202205,5580
17,唐新能源,8134,比亚迪,17.98 - 26.98,,202206,5580
10,唐新能源,11788,比亚迪,17.98 - 26.98,,202207,5580
11,唐新能源,10815,比亚迪,17.98 - 26.98,,202208,5580
9,唐新能源,15058,比亚迪,17.98 - 26.98,,202209,5580
9,唐新能源,17161,比亚迪,17.98 - 26.98,,202210,5580
9,唐新能源,20020,比亚迪,17.98 - 26.98,,202211,5580
8,唐新能源,20165,比亚迪,17.98 - 26.98,,202212,5580
10,唐新能源,8542,比亚迪,17.98 - 26.98,,202301,5580
10,唐新能源,12029,比亚迪,17.98 - 26.98,,202302,5580
10,唐新能源,11954,比亚迪,17.98 - 26.98,,202303,5580
11,唐新能源,12246,比亚迪,17.98 - 26.98,,202304,5580
11,唐新能源,12337,比亚迪,17.98 - 26.98,,202305,5580
13,唐新能源,12658,比亚迪,17.98 - 26.98,,202306,5580
14,唐新能源,12662,比亚迪,17.98 - 26.98,,202307,5580
16,唐新能源,11156,比亚迪,17.98 - 26.98,,202308,5580
15,唐新能源,11366,比亚迪,17.98 - 26.98,,202309,5580
18,唐新能源,11752,比亚迪,17.98 - 26.98,,202310,5580
20,唐新能源,10608,比亚迪,17.98 - 26.98,,202311,5580
20,唐新能源,12807,比亚迪,17.98 - 26.98,,202312,5580
20,唐新能源,8892,比亚迪,17.98 - 26.98,,202401,5580
26,唐新能源,3987,比亚迪,17.98 - 26.98,,202402,5580
14,唐新能源,12603,比亚迪,17.98 - 26.98,,202403,5580
14,唐新能源,10854,比亚迪,17.98 - 26.98,,202404,5580
17,唐新能源,12123,比亚迪,17.98 - 26.98,,202405,5580
17,唐新能源,12978,比亚迪,17.98 - 26.98,,202406,5580
19,唐新能源,11550,比亚迪,17.98 - 26.98,,202407,5580
23,唐新能源,12114,比亚迪,17.98 - 26.98,,202408,5580
24,唐新能源,12458,比亚迪,17.98 - 26.98,,202409,5580
23,唐新能源,14019,比亚迪,17.98 - 26.98,,202410,5580
23,唐新能源,15942,比亚迪,17.98 - 26.98,,202411,5580
91,理想ONE,0,理想,33.80 - 33.80,,202003,5529.710526
126,理想ONE,0,理想,33.80 - 33.80,,202003,5529.710526
3,理想ONE,2622,理想,33.80 - 33.80,,202004,5529.710526
3,理想ONE,4296,理想,33.80 - 33.80,,202005,5529.710526
10,理想ONE,1834,理想,33.80 - 33.80,,202006,5529.710526
7,理想ONE,2445,理想,33.80 - 33.80,,202007,5529.710526
7,理想ONE,2711,理想,33.80 - 33.80,,202008,5529.710526
3,理想ONE,7008,理想,33.80 - 33.80,,202009,5529.710526
8,理想ONE,3692,理想,33.80 - 33.80,,202010,5529.710526
6,理想ONE,4646,理想,33.80 - 33.80,,202011,5529.710526
5,理想ONE,6126,理想,33.80 - 33.80,,202012,5529.710526
7,理想ONE,5379,理想,33.80 - 33.80,,202101,5529.710526
8,理想ONE,2300,理想,33.80 - 33.80,,202102,5529.710526
8,理想ONE,4900,理想,33.80 - 33.80,,202103,5529.710526
6,理想ONE,5539,理想,33.80 - 33.80,,202104,5529.710526
9,理想ONE,4323,理想,33.80 - 33.80,,202105,5529.710526
6,理想ONE,7713,理想,33.80 - 33.80,,202106,5529.710526
4,理想ONE,8589,理想,33.80 - 33.80,,202107,5529.710526
6,理想ONE,9433,理想,33.80 - 33.80,,202108,5529.710526
10,理想ONE,7094,理想,33.80 - 33.80,,202109,5529.710526
7,理想ONE,7649,理想,33.80 - 33.80,,202110,5529.710526
5,理想ONE,13485,理想,33.80 - 33.80,,202111,5529.710526
5,理想ONE,14087,理想,33.80 - 33.80,,202112,5529.710526
7,理想ONE,12268,理想,33.80 - 33.80,,202201,5529.710526
9,理想ONE,8414,理想,33.80 - 33.80,,202202,5529.710526
8,理想ONE,11034,理想,33.80 - 33.80,,202203,5529.710526
17,理想ONE,4167,理想,33.80 - 33.80,,202204,5529.710526
8,理想ONE,11496,理想,33.80 - 33.80,,202205,5529.710526
8,理想ONE,13024,理想,33.80 - 33.80,,202206,5529.710526
12,理想ONE,10422,理想,33.80 - 33.80,,202207,5529.710526
32,理想ONE,4571,理想,33.80 - 33.80,,202208,5529.710526
72,理想ONE,1408,理想,33.80 - 33.80,,202209,5529.710526
83,理想ONE,871,理想,33.80 - 33.80,,202210,5529.710526
99,理想ONE,654,理想,33.80 - 33.80,,202211,5529.710526
114,理想ONE,462,理想,33.80 - 33.80,,202212,5529.710526
53,理想ONE,1046,理想,33.80 - 33.80,,202301,5529.710526
51,理想ONE,1129,理想,33.80 - 33.80,,202302,5529.710526
67,理想ONE,1066,理想,33.80 - 33.80,,202303,5529.710526
46,理想ONE,2226,理想,33.80 - 33.80,,202304,5529.710526
47,零跑C11,1633,零跑汽车,14.88 - 20.98,,202111,5461.594595
42,零跑C11,2467,零跑汽车,14.88 - 20.98,,202112,5461.594595
43,零跑C11,2069,零跑汽车,14.88 - 20.98,,202201,5461.594595
43,零跑C11,1521,零跑汽车,14.88 - 20.98,,202202,5461.594595
23,零跑C11,4201,零跑汽车,14.88 - 20.98,,202203,5461.594595
31,零跑C11,1931,零跑汽车,14.88 - 20.98,,202204,5461.594595
24,零跑C11,4345,零跑汽车,14.88 - 20.98,,202205,5461.594595
25,零跑C11,4848,零跑汽车,14.88 - 20.98,,202206,5461.594595
20,零跑C11,6582,零跑汽车,14.88 - 20.98,,202207,5461.594595
24,零跑C11,6277,零跑汽车,14.88 - 20.98,,202208,5461.594595
33,零跑C11,4398,零跑汽车,14.88 - 20.98,,202209,5461.594595
54,零跑C11,2159,零跑汽车,14.88 - 20.98,,202210,5461.594595
50,零跑C11,2720,零跑汽车,14.88 - 20.98,,202211,5461.594595
52,零跑C11,3320,零跑汽车,14.88 - 20.98,,202212,5461.594595
86,零跑C11,426,零跑汽车,14.88 - 20.98,,202301,5461.594595
45,零跑C11,1712,零跑汽车,14.88 - 20.98,,202302,5461.594595
28,零跑C11,3154,零跑汽车,14.88 - 20.98,,202303,5461.594595
21,零跑C11,6146,零跑汽车,14.88 - 20.98,,202304,5461.594595
22,零跑C11,7121,零跑汽车,14.88 - 20.98,,202305,5461.594595
20,零跑C11,8934,零跑汽车,14.88 - 20.98,,202306,5461.594595
20,零跑C11,9283,零跑汽车,14.88 - 20.98,,202307,5461.594595
21,零跑C11,10024,零跑汽车,14.88 - 20.98,,202308,5461.594595
25,零跑C11,8071,零跑汽车,14.88 - 20.98,,202309,5461.594595
23,零跑C11,8768,零跑汽车,14.88 - 20.98,,202310,5461.594595
28,零跑C11,7856,零跑汽车,14.88 - 20.98,,202311,5461.594595
26,零跑C11,9121,零跑汽车,14.88 - 20.98,,202312,5461.594595
32,零跑C11,5326,零跑汽车,14.88 - 20.98,,202401,5461.594595
58,零跑C11,1661,零跑汽车,14.88 - 20.98,,202402,5461.594595
33,零跑C11,5135,零跑汽车,14.88 - 20.98,,202403,5461.594595
37,零跑C11,4779,零跑汽车,14.88 - 20.98,,202404,5461.594595
28,零跑C11,6581,零跑汽车,14.88 - 20.98,,202405,5461.594595
40,零跑C11,5905,零跑汽车,14.88 - 20.98,,202406,5461.594595
31,零跑C11,6811,零跑汽车,14.88 - 20.98,,202407,5461.594595
34,零跑C11,6878,零跑汽车,14.88 - 20.98,,202408,5461.594595
31,零跑C11,8370,零跑汽车,14.88 - 20.98,,202409,5461.594595
29,零跑C11,10286,零跑汽车,14.88 - 20.98,,202410,5461.594595
29,零跑C11,11260,零跑汽车,14.88 - 20.98,,202411,5461.594595
34,哈弗猛龙新能源,5084,长城汽车,16.58 - 19.28,,202310,5319.071429
36,哈弗猛龙新能源,6025,长城汽车,16.58 - 19.28,,202311,5319.071429
37,哈弗猛龙新能源,6098,长城汽车,16.58 - 19.28,,202312,5319.071429
43,哈弗猛龙新能源,4207,长城汽车,16.58 - 19.28,,202401,5319.071429
47,哈弗猛龙新能源,2003,长城汽车,16.58 - 19.28,,202402,5319.071429
68,哈弗猛龙新能源,2091,长城汽车,16.58 - 19.28,,202403,5319.071429
61,哈弗猛龙新能源,2597,长城汽车,16.58 - 19.28,,202404,5319.071429
55,哈弗猛龙新能源,3420,长城汽车,16.58 - 19.28,,202405,5319.071429
54,哈弗猛龙新能源,4465,长城汽车,16.58 - 19.28,,202406,5319.071429
45,哈弗猛龙新能源,5118,长城汽车,16.58 - 19.28,,202407,5319.071429
41,哈弗猛龙新能源,6073,长城汽车,16.58 - 19.28,,202408,5319.071429
39,哈弗猛龙新能源,7210,长城汽车,16.58 - 19.28,,202409,5319.071429
33,哈弗猛龙新能源,9064,长城汽车,16.58 - 19.28,,202410,5319.071429
33,哈弗猛龙新能源,11012,长城汽车,16.58 - 19.28,,202411,5319.071429
64,领克07,3011,领克,16.98 - 18.98,,202405,5249.571429
47,领克07,5250,领克,16.98 - 18.98,,202406,5249.571429
38,领克07,6001,领克,16.98 - 18.98,,202407,5249.571429
39,领克07,6453,领克,16.98 - 18.98,,202408,5249.571429
57,领克07,4872,领克,16.98 - 18.98,,202409,5249.571429
62,领克07,5012,领克,16.98 - 18.98,,202410,5249.571429
53,领克07,6148,领克,16.98 - 18.98,,202411,5249.571429
43,大众ID.3,1335,上汽大众,12.99 - 19.29,,202110,5116.710526
35,大众ID.3,2755,上汽大众,12.99 - 19.29,,202111,5116.710526
40,大众ID.3,2647,上汽大众,12.99 - 19.29,,202112,5116.710526
37,大众ID.3,2215,上汽大众,12.99 - 19.29,,202201,5116.710526
60,大众ID.3,1012,上汽大众,12.99 - 19.29,,202202,5116.710526
62,大众ID.3,1207,上汽大众,12.99 - 19.29,,202203,5116.710526
100,大众ID.3,255,上汽大众,12.99 - 19.29,,202204,5116.710526
60,大众ID.3,1307,上汽大众,12.99 - 19.29,,202205,5116.710526
37,大众ID.3,3639,上汽大众,12.99 - 19.29,,202206,5116.710526
33,大众ID.3,4611,上汽大众,12.99 - 19.29,,202207,5116.710526
56,大众ID.3,1921,上汽大众,12.99 - 19.29,,202208,5116.710526
79,大众ID.3,1298,上汽大众,12.99 - 19.29,,202209,5116.710526
58,大众ID.3,2048,上汽大众,12.99 - 19.29,,202210,5116.710526
37,大众ID.3,3542,上汽大众,12.99 - 19.29,,202211,5116.710526
49,大众ID.3,3544,上汽大众,12.99 - 19.29,,202212,5116.710526
35,大众ID.3,1614,上汽大众,12.99 - 19.29,,202301,5116.710526
56,大众ID.3,1062,上汽大众,12.99 - 19.29,,202302,5116.710526
31,大众ID.3,3091,上汽大众,12.99 - 19.29,,202303,5116.710526
34,大众ID.3,3523,上汽大众,12.99 - 19.29,,202304,5116.710526
43,大众ID.3,2556,上汽大众,12.99 - 19.29,,202305,5116.710526
62,大众ID.3,1819,上汽大众,12.99 - 19.29,,202306,5116.710526
24,大众ID.3,7378,上汽大众,12.99 - 19.29,,202307,5116.710526
24,大众ID.3,7985,上汽大众,12.99 - 19.29,,202308,5116.710526
19,大众ID.3,9650,上汽大众,12.99 - 19.29,,202309,5116.710526
17,大众ID.3,11812,上汽大众,12.99 - 19.29,,202310,5116.710526
18,大众ID.3,12040,上汽大众,12.99 - 19.29,,202311,5116.710526
18,大众ID.3,13201,上汽大众,12.99 - 19.29,,202312,5116.710526
25,大众ID.3,7606,上汽大众,12.99 - 19.29,,202401,5116.710526
29,大众ID.3,3803,上汽大众,12.99 - 19.29,,202402,5116.710526
22,大众ID.3,6200,上汽大众,12.99 - 19.29,,202403,5116.710526
25,大众ID.3,6003,上汽大众,12.99 - 19.29,,202404,5116.710526
27,大众ID.3,6743,上汽大众,12.99 - 19.29,,202405,5116.710526
31,大众ID.3,7043,上汽大众,12.99 - 19.29,,202406,5116.710526
26,大众ID.3,8282,上汽大众,12.99 - 19.29,,202407,5116.710526
27,大众ID.3,9468,上汽大众,12.99 - 19.29,,202408,5116.710526
29,大众ID.3,9650,上汽大众,12.99 - 19.29,,202409,5116.710526
31,大众ID.3,9998,上汽大众,12.99 - 19.29,,202410,5116.710526
34,大众ID.3,10572,上汽大众,12.99 - 19.29,,202411,5116.710526
60,捷途山海T2,2746,奇瑞汽车,17.99 - 22.49,,202404,5056.75
54,捷途山海T2,3504,奇瑞汽车,17.99 - 22.49,,202405,5056.75
53,捷途山海T2,4556,奇瑞汽车,17.99 - 22.49,,202406,5056.75
44,捷途山海T2,5175,奇瑞汽车,17.99 - 22.49,,202407,5056.75
43,捷途山海T2,6014,奇瑞汽车,17.99 - 22.49,,202408,5056.75
44,捷途山海T2,6985,奇瑞汽车,17.99 - 22.49,,202409,5056.75
56,捷途山海T2,5816,奇瑞汽车,17.99 - 22.49,,202410,5056.75
62,捷途山海T2,5658,奇瑞汽车,17.99 - 22.49,,202411,5056.75
130,海狮07 EV,715,比亚迪,18.98 - 23.98,,202405,4943.142857
48,海狮07 EV,5193,比亚迪,18.98 - 23.98,,202406,4943.142857
43,海狮07 EV,5522,比亚迪,18.98 - 23.98,,202407,4943.142857
47,海狮07 EV,5388,比亚迪,18.98 - 23.98,,202408,4943.142857
53,海狮07 EV,5482,比亚迪,18.98 - 23.98,,202409,4943.142857
48,海狮07 EV,6416,比亚迪,18.98 - 23.98,,202410,4943.142857
59,海狮07 EV,5886,比亚迪,18.98 - 23.98,,202411,4943.142857
23,欧拉好猫,2016,长城新能源,10.58 - 13.58,,202012,4927.541667
13,欧拉好猫,2081,长城新能源,10.58 - 13.58,,202101,4927.541667
16,欧拉好猫,1534,长城新能源,10.58 - 13.58,,202102,4927.541667
20,欧拉好猫,2116,长城新能源,10.58 - 13.58,,202103,4927.541667
28,欧拉好猫,1264,长城新能源,10.58 - 13.58,,202104,4927.541667
27,欧拉好猫,1277,长城新能源,10.58 - 13.58,,202105,4927.541667
18,欧拉好猫,3405,长城新能源,10.58 - 13.58,,202106,4927.541667
22,欧拉好猫,2779,长城新能源,10.58 - 13.58,,202107,4927.541667
16,欧拉好猫,4005,长城新能源,10.58 - 13.58,,202108,4927.541667
14,欧拉好猫,5085,长城新能源,10.58 - 13.58,,202109,4927.541667
6,欧拉好猫,7845,长城新能源,10.58 - 13.58,,202110,4927.541667
9,欧拉好猫,8855,长城新能源,10.58 - 13.58,,202111,4927.541667
8,欧拉好猫,10685,长城新能源,10.58 - 13.58,,202112,4927.541667
13,欧拉好猫,9020,长城新能源,10.58 - 13.58,,202201,4927.541667
16,欧拉好猫,4066,长城新能源,10.58 - 13.58,,202202,4927.541667
17,欧拉好猫,6342,长城新能源,10.58 - 13.58,,202203,4927.541667
35,欧拉好猫,1547,长城新能源,10.58 - 13.58,,202204,4927.541667
27,欧拉好猫,4023,长城新能源,10.58 - 13.58,,202205,4927.541667
14,欧拉好猫,8275,长城新能源,10.58 - 13.58,,202206,4927.541667
19,欧拉好猫,7313,长城新能源,10.58 - 13.58,,202207,4927.541667
18,欧拉好猫,8105,长城新能源,10.58 - 13.58,,202208,4927.541667
20,欧拉好猫,7099,长城新能源,10.58 - 13.58,,202209,4927.541667
27,欧拉好猫,5057,长城新能源,10.58 - 13.58,,202210,4927.541667
33,欧拉好猫,3630,长城新能源,10.58 - 13.58,,202211,4927.541667
44,欧拉好猫,3808,长城新能源,10.58 - 13.58,,202212,4927.541667
50,欧拉好猫,1148,长城新能源,10.58 - 13.58,,202301,4927.541667
31,欧拉好猫,2420,长城新能源,10.58 - 13.58,,202302,4927.541667
24,欧拉好猫,3970,长城新能源,10.58 - 13.58,,202303,4927.541667
17,欧拉好猫,7097,长城新能源,10.58 - 13.58,,202304,4927.541667
21,欧拉好猫,7519,长城新能源,10.58 - 13.58,,202305,4927.541667
23,欧拉好猫,7658,长城新能源,10.58 - 13.58,,202306,4927.541667
23,欧拉好猫,7786,长城新能源,10.58 - 13.58,,202307,4927.541667
27,欧拉好猫,6383,长城新能源,10.58 - 13.58,,202308,4927.541667
23,欧拉好猫,8392,长城新能源,10.58 - 13.58,,202309,4927.541667
29,欧拉好猫,7664,长城新能源,10.58 - 13.58,,202310,4927.541667
32,欧拉好猫,6903,长城新能源,10.58 - 13.58,,202311,4927.541667
36,欧拉好猫,6621,长城新能源,10.58 - 13.58,,202312,4927.541667
45,欧拉好猫,4033,长城新能源,10.58 - 13.58,,202401,4927.541667
53,欧拉好猫,1731,长城新能源,10.58 - 13.58,,202402,4927.541667
37,欧拉好猫,4132,长城新能源,10.58 - 13.58,,202403,4927.541667
51,欧拉好猫,3232,长城新能源,10.58 - 13.58,,202404,4927.541667
45,欧拉好猫,4262,长城新能源,10.58 - 13.58,,202405,4927.541667
52,欧拉好猫,4578,长城新能源,10.58 - 13.58,,202406,4927.541667
56,欧拉好猫,3655,长城新能源,10.58 - 13.58,,202407,4927.541667
61,欧拉好猫,3951,长城新能源,10.58 - 13.58,,202408,4927.541667
70,欧拉好猫,3700,长城新能源,10.58 - 13.58,,202409,4927.541667
70,欧拉好猫,4155,长城新能源,10.58 - 13.58,,202410,4927.541667
79,欧拉好猫,4300,长城新能源,10.58 - 13.58,,202411,4927.541667
49,银河L6,3073,吉利汽车,9.98 - 15.98,,202309,4905.333333
38,银河L6,4374,吉利汽车,9.98 - 15.98,,202310,4905.333333
40,银河L6,5297,吉利汽车,9.98 - 15.98,,202311,4905.333333
47,银河L6,4506,吉利汽车,9.98 - 15.98,,202312,4905.333333
29,银河L6,6389,吉利汽车,9.98 - 15.98,,202401,4905.333333
40,银河L6,2256,吉利汽车,9.98 - 15.98,,202402,4905.333333
43,银河L6,3628,吉利汽车,9.98 - 15.98,,202403,4905.333333
34,银河L6,5033,吉利汽车,9.98 - 15.98,,202404,4905.333333
31,银河L6,6125,吉利汽车,9.98 - 15.98,,202405,4905.333333
36,银河L6,6391,吉利汽车,9.98 - 15.98,,202406,4905.333333
36,银河L6,6424,吉利汽车,9.98 - 15.98,,202407,4905.333333
45,银河L6,5510,吉利汽车,9.98 - 15.98,,202408,4905.333333
56,银河L6,5058,吉利汽车,9.98 - 15.98,,202409,4905.333333
60,银河L6,5302,吉利汽车,9.98 - 15.98,,202410,4905.333333
81,银河L6,4214,吉利汽车,9.98 - 15.98,,202411,4905.333333
32,红旗E-QM5,1000,一汽红旗,16.58 - 23.98,,202105,4796.627907
22,红旗E-QM5,2881,一汽红旗,16.58 - 23.98,,202106,4796.627907
39,红旗E-QM5,928,一汽红旗,16.58 - 23.98,,202107,4796.627907
56,红旗E-QM5,592,一汽红旗,16.58 - 23.98,,202108,4796.627907
44,红旗E-QM5,1168,一汽红旗,16.58 - 23.98,,202109,4796.627907
31,红旗E-QM5,2620,一汽红旗,16.58 - 23.98,,202110,4796.627907
40,红旗E-QM5,2128,一汽红旗,16.58 - 23.98,,202111,4796.627907
23,红旗E-QM5,5294,一汽红旗,16.58 - 23.98,,202112,4796.627907
155,红旗E-QM5,6,一汽红旗,16.58 - 23.98,,202201,4796.627907
138,红旗E-QM5,26,一汽红旗,16.58 - 23.98,,202202,4796.627907
127,红旗E-QM5,110,一汽红旗,16.58 - 23.98,,202203,4796.627907
79,红旗E-QM5,475,一汽红旗,16.58 - 23.98,,202204,4796.627907
32,红旗E-QM5,3173,一汽红旗,16.58 - 23.98,,202205,4796.627907
46,红旗E-QM5,2488,一汽红旗,16.58 - 23.98,,202206,4796.627907
52,红旗E-QM5,2303,一汽红旗,16.58 - 23.98,,202207,4796.627907
36,红旗E-QM5,4055,一汽红旗,16.58 - 23.98,,202208,4796.627907
32,红旗E-QM5,4561,一汽红旗,16.58 - 23.98,,202209,4796.627907
28,红旗E-QM5,5024,一汽红旗,16.58 - 23.98,,202210,4796.627907
44,红旗E-QM5,3032,一汽红旗,16.58 - 23.98,,202211,4796.627907
28,红旗E-QM5,5492,一汽红旗,16.58 - 23.98,,202212,4796.627907
12,红旗E-QM5,6703,一汽红旗,16.58 - 23.98,,202301,4796.627907
30,红旗E-QM5,2471,一汽红旗,16.58 - 23.98,,202302,4796.627907
30,红旗E-QM5,3136,一汽红旗,16.58 - 23.98,,202303,4796.627907
24,红旗E-QM5,4876,一汽红旗,16.58 - 23.98,,202304,4796.627907
28,红旗E-QM5,4448,一汽红旗,16.58 - 23.98,,202305,4796.627907
32,红旗E-QM5,5042,一汽红旗,16.58 - 23.98,,202306,4796.627907
26,红旗E-QM5,6852,一汽红旗,16.58 - 23.98,,202307,4796.627907
28,红旗E-QM5,6045,一汽红旗,16.58 - 23.98,,202308,4796.627907
20,红旗E-QM5,9152,一汽红旗,16.58 - 23.98,,202309,4796.627907
20,红旗E-QM5,10021,一汽红旗,16.58 - 23.98,,202310,4796.627907
22,红旗E-QM5,10270,一汽红旗,16.58 - 23.98,,202311,4796.627907
22,红旗E-QM5,10600,一汽红旗,16.58 - 23.98,,202312,4796.627907
27,红旗E-QM5,7253,一汽红旗,16.58 - 23.98,,202401,4796.627907
27,红旗E-QM5,3968,一汽红旗,16.58 - 23.98,,202402,4796.627907
23,红旗E-QM5,5911,一汽红旗,16.58 - 23.98,,202403,4796.627907
23,红旗E-QM5,6493,一汽红旗,16.58 - 23.98,,202404,4796.627907
26,红旗E-QM5,7760,一汽红旗,16.58 - 23.98,,202405,4796.627907
22,红旗E-QM5,8858,一汽红旗,16.58 - 23.98,,202406,4796.627907
35,红旗E-QM5,6456,一汽红旗,16.58 - 23.98,,202407,4796.627907
26,红旗E-QM5,9782,一汽红旗,16.58 - 23.98,,202408,4796.627907
27,红旗E-QM5,10863,一汽红旗,16.58 - 23.98,,202409,4796.627907
51,红旗E-QM5,6061,一汽红旗,16.58 - 23.98,,202410,4796.627907
60,红旗E-QM5,5878,一汽红旗,16.58 - 23.98,,202411,4796.627907
212,五菱星光S,181,上汽通用五菱,9.98 - 12.98,,202407,4732.8
97,五菱星光S,2007,上汽通用五菱,9.98 - 12.98,,202408,4732.8
45,五菱星光S,6813,上汽通用五菱,9.98 - 12.98,,202409,4732.8
40,五菱星光S,7559,上汽通用五菱,9.98 - 12.98,,202410,4732.8
44,五菱星光S,7104,上汽通用五菱,9.98 - 12.98,,202411,4732.8
139,小鹏G6,244,小鹏汽车,19.99 - 27.69,,202306,4609
36,小鹏G6,3937,小鹏汽车,19.99 - 27.69,,202307,4609
25,小鹏G6,7068,小鹏汽车,19.99 - 27.69,,202308,4609
24,小鹏G6,8132,小鹏汽车,19.99 - 27.69,,202309,4609
24,小鹏G6,8741,小鹏汽车,19.99 - 27.69,,202310,4609
25,小鹏G6,8750,小鹏汽车,19.99 - 27.69,,202311,4609
31,小鹏G6,7673,小鹏汽车,19.99 - 27.69,,202312,4609
69,小鹏G6,1803,小鹏汽车,19.99 - 27.69,,202401,4609
72,小鹏G6,1161,小鹏汽车,19.99 - 27.69,,202402,4609
86,小鹏G6,1473,小鹏汽车,19.99 - 27.69,,202403,4609
72,小鹏G6,2132,小鹏汽车,19.99 - 27.69,,202404,4609
56,小鹏G6,3362,小鹏汽车,19.99 - 27.69,,202405,4609
44,小鹏G6,5426,小鹏汽车,19.99 - 27.69,,202406,4609
49,小鹏G6,4817,小鹏汽车,19.99 - 27.69,,202407,4609
50,小鹏G6,5028,小鹏汽车,19.99 - 27.69,,202408,4609
64,小鹏G6,4033,小鹏汽车,19.99 - 27.69,,202409,4609
64,小鹏G6,4751,小鹏汽车,19.99 - 27.69,,202410,4609
77,小鹏G6,4431,小鹏汽车,19.99 - 27.69,,202411,4609
119,深蓝S05,1923,深蓝汽车,11.99 - 14.99,,202410,4510
45,深蓝S05,7097,深蓝汽车,11.99 - 14.99,,202411,4510
10,长安奔奔E-Star,9852,长安汽车,0.00 - 0.00,,202201,4125.333333
12,长安奔奔E-Star,5613,长安汽车,0.00 - 0.00,,202202,4125.333333
9,长安奔奔E-Star,10709,长安汽车,0.00 - 0.00,,202203,4125.333333
10,长安奔奔E-Star,6692,长安汽车,0.00 - 0.00,,202204,4125.333333
11,长安奔奔E-Star,8485,长安汽车,0.00 - 0.00,,202205,4125.333333
21,长安奔奔E-Star,4683,长安汽车,0.00 - 0.00,,202301,4125.333333
180,长安奔奔E-Star,14,长安汽车,0.00 - 0.00,,202303,4125.333333
170,长安奔奔E-Star,42,长安汽车,0.00 - 0.00,,202304,4125.333333
84,长安奔奔E-Star,771,长安汽车,0.00 - 0.00,,202305,4125.333333
95,长安奔奔E-Star,936,长安汽车,0.00 - 0.00,,202306,4125.333333
111,长安奔奔E-Star,538,长安汽车,0.00 - 0.00,,202307,4125.333333
85,长安奔奔E-Star,1169,长安汽车,0.00 - 0.00,,202308,4125.333333
12,零跑T03,2981,零跑汽车,4.99 - 8.99,,202012,4117.791667
17,零跑T03,1637,零跑汽车,4.99 - 8.99,,202101,4117.791667
31,零跑T03,371,零跑汽车,4.99 - 8.99,,202102,4117.791667
13,零跑T03,2827,零跑汽车,4.99 - 8.99,,202103,4117.791667
16,零跑T03,2817,零跑汽车,4.99 - 8.99,,202104,4117.791667
14,零跑T03,3070,零跑汽车,4.99 - 8.99,,202105,4117.791667
13,零跑T03,4029,零跑汽车,4.99 - 8.99,,202106,4117.791667
12,零跑T03,4135,零跑汽车,4.99 - 8.99,,202107,4117.791667
14,零跑T03,4254,零跑汽车,4.99 - 8.99,,202108,4117.791667
22,零跑T03,3765,零跑汽车,4.99 - 8.99,,202109,4117.791667
21,零跑T03,3827,零跑汽车,4.99 - 8.99,,202110,4117.791667
23,零跑T03,4106,零跑汽车,4.99 - 8.99,,202111,4117.791667
27,零跑T03,4572,零跑汽车,4.99 - 8.99,,202112,4117.791667
19,零跑T03,6007,零跑汽车,4.99 - 8.99,,202201,4117.791667
37,零跑T03,1907,零跑汽车,4.99 - 8.99,,202202,4117.791667
18,零跑T03,5853,零跑汽车,4.99 - 8.99,,202203,4117.791667
8,零跑T03,7156,零跑汽车,4.99 - 8.99,,202204,4117.791667
17,零跑T03,5724,零跑汽车,4.99 - 8.99,,202205,4117.791667
21,零跑T03,6411,零跑汽车,4.99 - 8.99,,202206,4117.791667
25,零跑T03,5462,零跑汽车,4.99 - 8.99,,202207,4117.791667
25,零跑T03,6248,零跑汽车,4.99 - 8.99,,202208,4117.791667
22,零跑T03,6080,零跑汽车,4.99 - 8.99,,202209,4117.791667
34,零跑T03,3564,零跑汽车,4.99 - 8.99,,202210,4117.791667
35,零跑T03,3570,零跑汽车,4.99 - 8.99,,202211,4117.791667
42,零跑T03,3937,零跑汽车,4.99 - 8.99,,202212,4117.791667
80,零跑T03,501,零跑汽车,4.99 - 8.99,,202301,4117.791667
49,零跑T03,1324,零跑汽车,4.99 - 8.99,,202302,4117.791667
45,零跑T03,2100,零跑汽车,4.99 - 8.99,,202303,4117.791667
57,零跑T03,1454,零跑汽车,4.99 - 8.99,,202304,4117.791667
52,零跑T03,1994,零跑汽车,4.99 - 8.99,,202305,4117.791667
69,零跑T03,1602,零跑汽车,4.99 - 8.99,,202306,4117.791667
59,零跑T03,2164,零跑汽车,4.99 - 8.99,,202307,4117.791667
64,零跑T03,2056,零跑汽车,4.99 - 8.99,,202308,4117.791667
37,零跑T03,4402,零跑汽车,4.99 - 8.99,,202309,4117.791667
31,零跑T03,6381,零跑汽车,4.99 - 8.99,,202310,4117.791667
30,零跑T03,7452,零跑汽车,4.99 - 8.99,,202311,4117.791667
34,零跑T03,7024,零跑汽车,4.99 - 8.99,,202312,4117.791667
41,零跑T03,4606,零跑汽车,4.99 - 8.99,,202401,4117.791667
45,零跑T03,2043,零跑汽车,4.99 - 8.99,,202402,4117.791667
55,零跑T03,2784,零跑汽车,4.99 - 8.99,,202403,4117.791667
52,零跑T03,3207,零跑汽车,4.99 - 8.99,,202404,4117.791667
46,零跑T03,4219,零跑汽车,4.99 - 8.99,,202405,4117.791667
38,零跑T03,6132,零跑汽车,4.99 - 8.99,,202406,4117.791667
60,零跑T03,3378,零跑汽车,4.99 - 8.99,,202407,4117.791667
53,零跑T03,4599,零跑汽车,4.99 - 8.99,,202408,4117.791667
34,零跑T03,7754,零跑汽车,4.99 - 8.99,,202409,4117.791667
36,零跑T03,7929,零跑汽车,4.99 - 8.99,,202410,4117.791667
39,零跑T03,8239,零跑汽车,4.99 - 8.99,,202411,4117.791667
45,宋L EV,4988,比亚迪,18.98 - 24.98,,202312,4015.333333
26,宋L EV,7374,比亚迪,18.98 - 24.98,,202401,4015.333333
19,宋L EV,5265,比亚迪,18.98 - 24.98,,202402,4015.333333
32,宋L EV,5204,比亚迪,18.98 - 24.98,,202403,4015.333333
40,宋L EV,4449,比亚迪,18.98 - 24.98,,202404,4015.333333
51,宋L EV,3802,比亚迪,18.98 - 24.98,,202405,4015.333333
64,宋L EV,3283,比亚迪,18.98 - 24.98,,202406,4015.333333
75,宋L EV,2605,比亚迪,18.98 - 24.98,,202407,4015.333333
96,宋L EV,2022,比亚迪,18.98 - 24.98,,202408,4015.333333
91,宋L EV,2631,比亚迪,18.98 - 24.98,,202409,4015.333333
96,宋L EV,2596,比亚迪,18.98 - 24.98,,202410,4015.333333
85,宋L EV,3965,比亚迪,18.98 - 24.98,,202411,4015.333333
196,长安启源A07,30,长安启源,13.59 - 17.69,,202309,3965.2
56,长安启源A07,2688,长安启源,13.59 - 17.69,,202310,3965.2
57,长安启源A07,3016,长安启源,13.59 - 17.69,,202311,3965.2
54,长安启源A07,3802,长安启源,13.59 - 17.69,,202312,3965.2
48,长安启源A07,3830,长安启源,13.59 - 17.69,,202401,3965.2
54,长安启源A07,1723,长安启源,13.59 - 17.69,,202402,3965.2
46,长安启源A07,3479,长安启源,13.59 - 17.69,,202403,3965.2
31,长安启源A07,5317,长安启源,13.59 - 17.69,,202404,3965.2
35,长安启源A07,5774,长安启源,13.59 - 17.69,,202405,3965.2
39,长安启源A07,5946,长安启源,13.59 - 17.69,,202406,3965.2
41,长安启源A07,5777,长安启源,13.59 - 17.69,,202407,3965.2
54,长安启源A07,4563,长安启源,13.59 - 17.69,,202408,3965.2
62,长安启源A07,4347,长安启源,13.59 - 17.69,,202409,3965.2
73,长安启源A07,4113,长安启源,13.59 - 17.69,,202410,3965.2
69,长安启源A07,5073,长安启源,13.59 - 17.69,,202411,3965.2
15,欧拉黑猫,1749,长城新能源,8.48 - 9.98,,201901,3854.555556
8,欧拉黑猫,1837,长城新能源,8.48 - 9.98,,201902,3854.555556
7,欧拉黑猫,4002,长城新能源,8.48 - 9.98,,201903,3854.555556
9,欧拉黑猫,3505,长城新能源,8.48 - 9.98,,201904,3854.555556
6,欧拉黑猫,3790,长城新能源,8.48 - 9.98,,201905,3854.555556
13,欧拉黑猫,3198,长城新能源,8.48 - 9.98,,201906,3854.555556
8,欧拉黑猫,1677,长城新能源,8.48 - 9.98,,201907,3854.555556
18,欧拉黑猫,1108,长城新能源,8.48 - 9.98,,201908,3854.555556
13,欧拉黑猫,1710,长城新能源,8.48 - 9.98,,201909,3854.555556
10,欧拉黑猫,1618,长城新能源,8.48 - 9.98,,201910,3854.555556
11,欧拉黑猫,2001,长城新能源,8.48 - 9.98,,201911,3854.555556
11,欧拉黑猫,2303,长城新能源,8.48 - 9.98,,201912,3854.555556
12,欧拉黑猫,1295,长城新能源,8.48 - 9.98,,202001,3854.555556
17,欧拉黑猫,252,长城新能源,8.48 - 9.98,,202002,3854.555556
13,欧拉黑猫,1138,长城新能源,8.48 - 9.98,,202003,3854.555556
7,欧拉黑猫,1760,长城新能源,8.48 - 9.98,,202004,3854.555556
7,欧拉黑猫,2326,长城新能源,8.48 - 9.98,,202005,3854.555556
7,欧拉黑猫,2601,长城新能源,8.48 - 9.98,,202006,3854.555556
6,欧拉黑猫,2771,长城新能源,8.48 - 9.98,,202007,3854.555556
5,欧拉黑猫,3748,长城新能源,8.48 - 9.98,,202008,3854.555556
5,欧拉黑猫,5141,长城新能源,8.48 - 9.98,,202009,3854.555556
4,欧拉黑猫,6269,长城新能源,8.48 - 9.98,,202010,3854.555556
4,欧拉黑猫,9463,长城新能源,8.48 - 9.98,,202011,3854.555556
4,欧拉黑猫,10010,长城新能源,8.48 - 9.98,,202012,3854.555556
5,欧拉黑猫,6090,长城新能源,8.48 - 9.98,,202101,3854.555556
6,欧拉黑猫,4561,长城新能源,8.48 - 9.98,,202102,3854.555556
6,欧拉黑猫,8527,长城新能源,8.48 - 9.98,,202103,3854.555556
8,欧拉黑猫,4613,长城新能源,8.48 - 9.98,,202104,3854.555556
24,欧拉黑猫,1695,长城新能源,8.48 - 9.98,,202105,3854.555556
8,欧拉黑猫,6508,长城新能源,8.48 - 9.98,,202106,3854.555556
24,欧拉黑猫,2753,长城新能源,8.48 - 9.98,,202107,3854.555556
8,欧拉黑猫,7013,长城新能源,8.48 - 9.98,,202108,3854.555556
13,欧拉黑猫,5327,长城新能源,8.48 - 9.98,,202109,3854.555556
20,欧拉黑猫,4079,长城新能源,8.48 - 9.98,,202110,3854.555556
22,欧拉黑猫,4270,长城新能源,8.48 - 9.98,,202111,3854.555556
15,欧拉黑猫,8056,长城新能源,8.48 - 9.98,,202112,3854.555556
68,问界M5,815,AITO 问界,24.98 - 30.98,,202201,3849.685714
55,问界M5,1061,AITO 问界,24.98 - 30.98,,202202,3849.685714
32,问界M5,3045,AITO 问界,24.98 - 30.98,,202203,3849.685714
20,问界M5,3245,AITO 问界,24.98 - 30.98,,202204,3849.685714
18,问界M5,5033,AITO 问界,24.98 - 30.98,,202205,3849.685714
20,问界M5,7021,AITO 问界,24.98 - 30.98,,202206,3849.685714
23,问界M5,6128,AITO 问界,24.98 - 30.98,,202207,3849.685714
8,问界M5,16840,AITO 问界,24.98 - 30.98,,202208,3849.685714
26,问界M5,5352,AITO 问界,24.98 - 30.98,,202209,3849.685714
22,问界M5,6812,AITO 问界,24.98 - 30.98,,202210,3849.685714
26,问界M5,4748,AITO 问界,24.98 - 30.98,,202211,3849.685714
24,问界M5,6223,AITO 问界,24.98 - 30.98,,202212,3849.685714
27,问界M5,2732,AITO 问界,24.98 - 30.98,,202301,3849.685714
32,问界M5,2298,AITO 问界,24.98 - 30.98,,202302,3849.685714
39,问界M5,2292,AITO 问界,24.98 - 30.98,,202303,3849.685714
56,问界M5,1609,AITO 问界,24.98 - 30.98,,202304,3849.685714
32,问界M5,3457,AITO 问界,24.98 - 30.98,,202305,3849.685714
34,问界M5,4679,AITO 问界,24.98 - 30.98,,202306,3849.685714
41,问界M5,3462,AITO 问界,24.98 - 30.98,,202307,3849.685714
58,问界M5,2234,AITO 问界,24.98 - 30.98,,202308,3849.685714
77,问界M5,1460,AITO 问界,24.98 - 30.98,,202309,3849.685714
80,问界M5,1809,AITO 问界,24.98 - 30.98,,202310,3849.685714
55,问界M5,3075,AITO 问界,24.98 - 30.98,,202311,3849.685714
46,问界M5,4563,AITO 问界,24.98 - 30.98,,202312,3849.685714
102,问界M5,857,AITO 问界,24.98 - 30.98,,202401,3849.685714
79,问界M5,906,AITO 问界,24.98 - 30.98,,202402,3849.685714
154,问界M5,395,AITO 问界,24.98 - 30.98,,202403,3849.685714
122,问界M5,668,AITO 问界,24.98 - 30.98,,202404,3849.685714
38,问界M5,5583,AITO 问界,24.98 - 30.98,,202405,3849.685714
34,问界M5,6796,AITO 问界,24.98 - 30.98,,202406,3849.685714
32,问界M5,6768,AITO 问界,24.98 - 30.98,,202407,3849.685714
49,问界M5,5306,AITO 问界,24.98 - 30.98,,202408,3849.685714
86,问界M5,2686,AITO 问界,24.98 - 30.98,,202409,3849.685714
104,问界M5,2278,AITO 问界,24.98 - 30.98,,202410,3849.685714
104,问界M5,2503,AITO 问界,24.98 - 30.98,,202411,3849.685714
14,小鹏P7,2104,小鹏汽车,20.99 - 33.99,,202010,3789.26
12,小鹏P7,2732,小鹏汽车,20.99 - 33.99,,202011,3789.26
8,小鹏P7,3691,小鹏汽车,20.99 - 33.99,,202012,3789.26
8,小鹏P7,3691,小鹏汽车,20.99 - 33.99,,202101,3789.26
7,小鹏P7,2818,小鹏汽车,20.99 - 33.99,,202102,3789.26
12,小鹏P7,2855,小鹏汽车,20.99 - 33.99,,202103,3789.26
13,小鹏P7,2995,小鹏汽车,20.99 - 33.99,,202104,3789.26
10,小鹏P7,3797,小鹏汽车,20.99 - 33.99,,202105,3789.26
11,小鹏P7,4730,小鹏汽车,20.99 - 33.99,,202106,3789.26
7,小鹏P7,6054,小鹏汽车,20.99 - 33.99,,202107,3789.26
11,小鹏P7,6165,小鹏汽车,20.99 - 33.99,,202108,3789.26
9,小鹏P7,7512,小鹏汽车,20.99 - 33.99,,202109,3789.26
11,小鹏P7,6044,小鹏汽车,20.99 - 33.99,,202110,3789.26
12,小鹏P7,7839,小鹏汽车,20.99 - 33.99,,202111,3789.26
16,小鹏P7,7459,小鹏汽车,20.99 - 33.99,,202112,3789.26
15,小鹏P7,6707,小鹏汽车,20.99 - 33.99,,202201,3789.26
18,小鹏P7,3537,小鹏汽车,20.99 - 33.99,,202202,3789.26
14,小鹏P7,9183,小鹏汽车,20.99 - 33.99,,202203,3789.26
18,小鹏P7,3714,小鹏汽车,20.99 - 33.99,,202204,3789.26
26,小鹏P7,4224,小鹏汽车,20.99 - 33.99,,202205,3789.26
18,小鹏P7,8045,小鹏汽车,20.99 - 33.99,,202206,3789.26
21,小鹏P7,6397,小鹏汽车,20.99 - 33.99,,202207,3789.26
28,小鹏P7,5745,小鹏汽车,20.99 - 33.99,,202208,3789.26
31,小鹏P7,4634,小鹏汽车,20.99 - 33.99,,202209,3789.26
56,小鹏P7,2104,小鹏汽车,20.99 - 33.99,,202210,3789.26
62,小鹏P7,1807,小鹏汽车,20.99 - 33.99,,202211,3789.26
56,小鹏P7,2969,小鹏汽车,20.99 - 33.99,,202212,3789.26
56,小鹏P7,1022,小鹏汽车,20.99 - 33.99,,202301,3789.26
33,小鹏P7,2294,小鹏汽车,20.99 - 33.99,,202302,3789.26
33,小鹏P7,3030,小鹏汽车,20.99 - 33.99,,202303,3789.26
31,小鹏P7,4064,小鹏汽车,20.99 - 33.99,,202304,3789.26
29,小鹏P7,4439,小鹏汽车,20.99 - 33.99,,202305,3789.26
31,小鹏P7,5196,小鹏汽车,20.99 - 33.99,,202306,3789.26
32,小鹏P7,4908,小鹏汽车,20.99 - 33.99,,202307,3789.26
38,小鹏P7,4241,小鹏汽车,20.99 - 33.99,,202308,3789.26
36,小鹏P7,4666,小鹏汽车,20.99 - 33.99,,202309,3789.26
41,小鹏P7,4250,小鹏汽车,20.99 - 33.99,,202310,3789.26
58,小鹏P7,2990,小鹏汽车,20.99 - 33.99,,202311,3789.26
48,小鹏P7,4271,小鹏汽车,20.99 - 33.99,,202312,3789.26
70,小鹏P7,1783,小鹏汽车,20.99 - 33.99,,202401,3789.26
81,小鹏P7,836,小鹏汽车,20.99 - 33.99,,202402,3789.26
75,小鹏P7,1605,小鹏汽车,20.99 - 33.99,,202403,3789.26
63,小鹏P7,2383,小鹏汽车,20.99 - 33.99,,202404,3789.26
94,小鹏P7,1473,小鹏汽车,20.99 - 33.99,,202405,3789.26
114,小鹏P7,1030,小鹏汽车,20.99 - 33.99,,202406,3789.26
106,小鹏P7,1370,小鹏汽车,20.99 - 33.99,,202407,3789.26
113,小鹏P7,1280,小鹏汽车,20.99 - 33.99,,202408,3789.26
132,小鹏P7,1241,小鹏汽车,20.99 - 33.99,,202409,3789.26
142,小鹏P7,1029,小鹏汽车,20.99 - 33.99,,202410,3789.26
180,小鹏P7,510,小鹏汽车,20.99 - 33.99,,202411,3789.26
63,宝马i3,1613,华晨宝马,35.39 - 41.39,,202206,3782.551724
74,宝马i3,1278,华晨宝马,35.39 - 41.39,,202207,3782.551724
140,宝马i3,142,华晨宝马,35.39 - 41.39,,202208,3782.551724
92,宝马i3,952,华晨宝马,35.39 - 41.39,,202209,3782.551724
49,宝马i3,2498,华晨宝马,35.39 - 41.39,,202210,3782.551724
19,宝马i3,5402,华晨宝马,35.39 - 41.39,,202211,3782.551724
43,宝马i3,3821,华晨宝马,35.39 - 41.39,,202212,3782.551724
22,宝马i3,3624,华晨宝马,35.39 - 41.39,,202301,3782.551724
26,宝马i3,2976,华晨宝马,35.39 - 41.39,,202302,3782.551724
29,宝马i3,3147,华晨宝马,35.39 - 41.39,,202303,3782.551724
37,宝马i3,3085,华晨宝马,35.39 - 41.39,,202304,3782.551724
33,宝马i3,4787,华晨宝马,35.39 - 41.39,,202306,3782.551724
39,宝马i3,3590,华晨宝马,35.39 - 41.39,,202307,3782.551724
35,宝马i3,4952,华晨宝马,35.39 - 41.39,,202308,3782.551724
30,宝马i3,6074,华晨宝马,35.39 - 41.39,,202309,3782.551724
33,宝马i3,5763,华晨宝马,35.39 - 41.39,,202310,3782.551724
35,宝马i3,6160,华晨宝马,35.39 - 41.39,,202311,3782.551724
38,宝马i3,5786,华晨宝马,35.39 - 41.39,,202312,3782.551724
39,宝马i3,4745,华晨宝马,35.39 - 41.39,,202401,3782.551724
34,宝马i3,2870,华晨宝马,35.39 - 41.39,,202402,3782.551724
38,宝马i3,4069,华晨宝马,35.39 - 41.39,,202403,3782.551724
39,宝马i3,4489,华晨宝马,35.39 - 41.39,,202404,3782.551724
34,宝马i3,5810,华晨宝马,35.39 - 41.39,,202405,3782.551724
32,宝马i3,6952,华晨宝马,35.39 - 41.39,,202406,3782.551724
53,宝马i3,4083,华晨宝马,35.39 - 41.39,,202407,3782.551724
95,宝马i3,2144,华晨宝马,35.39 - 41.39,,202408,3782.551724
101,宝马i3,2355,华晨宝马,35.39 - 41.39,,202409,3782.551724
86,宝马i3,3241,华晨宝马,35.39 - 41.39,,202410,3782.551724
95,宝马i3,3286,华晨宝马,35.39 - 41.39,,202411,3782.551724
118,极氪007,857,极氪,20.99 - 29.99,,202312,3775.666667
31,极氪007,5853,极氪,20.99 - 29.99,,202401,3775.666667
24,极氪007,4204,极氪,20.99 - 29.99,,202402,3775.666667
36,极氪007,4656,极氪,20.99 - 29.99,,202403,3775.666667
44,极氪007,3827,极氪,20.99 - 29.99,,202404,3775.666667
44,极氪007,4308,极氪,20.99 - 29.99,,202405,3775.666667
55,极氪007,4316,极氪,20.99 - 29.99,,202406,3775.666667
57,极氪007,3498,极氪,20.99 - 29.99,,202407,3775.666667
55,极氪007,4491,极氪,20.99 - 29.99,,202408,3775.666667
63,极氪007,4205,极氪,20.99 - 29.99,,202409,3775.666667
95,极氪007,2621,极氪,20.99 - 29.99,,202410,3775.666667
105,极氪007,2472,极氪,20.99 - 29.99,,202411,3775.666667
50,哪吒U,151,合众汽车,11.88 - 15.98,,202005,3769.190476
36,哪吒U,510,合众汽车,11.88 - 15.98,,202006,3769.190476
27,哪吒U,818,合众汽车,11.88 - 15.98,,202007,3769.190476
31,哪吒U,728,合众汽车,11.88 - 15.98,,202008,3769.190476
32,哪吒U,691,合众汽车,11.88 - 15.98,,202009,3769.190476
37,哪吒U,765,合众汽车,11.88 - 15.98,,202010,3769.190476
21,哪吒U,1940,合众汽车,11.88 - 15.98,,202011,3769.190476
18,哪吒U,2472,合众汽车,11.88 - 15.98,,202012,3769.190476
11,哪吒U,2195,合众汽车,11.88 - 15.98,,202101,3769.190476
12,哪吒U,2002,合众汽车,11.88 - 15.98,,202102,3769.190476
10,哪吒U,3246,合众汽车,11.88 - 15.98,,202103,3769.190476
9,哪吒U,4015,合众汽车,11.88 - 15.98,,202104,3769.190476
8,哪吒U,4508,合众汽车,11.88 - 15.98,,202105,3769.190476
10,哪吒U,5138,合众汽车,11.88 - 15.98,,202106,3769.190476
8,哪吒U,6011,合众汽车,11.88 - 15.98,,202107,3769.190476
9,哪吒U,6613,合众汽车,11.88 - 15.98,,202108,3769.190476
8,哪吒U,7699,合众汽车,11.88 - 15.98,,202109,3769.190476
30,哪吒U,2929,合众汽车,11.88 - 15.98,,202110,3769.190476
7,哪吒U,10013,合众汽车,11.88 - 15.98,,202111,3769.190476
10,哪吒U,10127,合众汽车,11.88 - 15.98,,202112,3769.190476
21,哪吒U,4527,合众汽车,11.88 - 15.98,,202201,3769.190476
22,哪吒U,3044,合众汽车,11.88 - 15.98,,202202,3769.190476
26,哪吒U,3904,合众汽车,11.88 - 15.98,,202203,3769.190476
23,哪吒U,3119,合众汽车,11.88 - 15.98,,202204,3769.190476
33,哪吒U,3125,合众汽车,11.88 - 15.98,,202205,3769.190476
35,哪吒U,4010,合众汽车,11.88 - 15.98,,202206,3769.190476
29,哪吒U,5070,合众汽车,11.88 - 15.98,,202207,3769.190476
27,哪吒U,5781,合众汽车,11.88 - 15.98,,202208,3769.190476
23,哪吒U,6070,合众汽车,11.88 - 15.98,,202209,3769.190476
23,哪吒U,6295,合众汽车,11.88 - 15.98,,202210,3769.190476
34,哪吒U,3607,合众汽车,11.88 - 15.98,,202211,3769.190476
63,哪吒U,2469,合众汽车,11.88 - 15.98,,202212,3769.190476
57,哪吒U,1012,合众汽车,11.88 - 15.98,,202301,3769.190476
25,哪吒U,3012,合众汽车,11.88 - 15.98,,202302,3769.190476
32,哪吒U,3056,合众汽车,11.88 - 15.98,,202303,3769.190476
32,哪吒U,3821,合众汽车,11.88 - 15.98,,202304,3769.190476
30,哪吒U,3963,合众汽车,11.88 - 15.98,,202305,3769.190476
29,哪吒U,5620,合众汽车,11.88 - 15.98,,202306,3769.190476
42,哪吒U,3433,合众汽车,11.88 - 15.98,,202307,3769.190476
43,哪吒U,3617,合众汽车,11.88 - 15.98,,202308,3769.190476
43,哪吒U,3640,合众汽车,11.88 - 15.98,,202309,3769.190476
47,哪吒U,3540,合众汽车,11.88 - 15.98,,202310,3769.190476
183,小鹏P7+,522,小鹏汽车,18.68 - 21.88,,202410,3736
46,小鹏P7+,6950,小鹏汽车,18.68 - 21.88,,202411,3736
37,风神L7新能源,5003,东风乘用车,10.99 - 15.69,,202401,3721
30,风神L7新能源,3453,东风乘用车,10.99 - 15.69,,202402,3721
125,风神L7新能源,803,东风乘用车,10.99 - 15.69,,202405,3721
61,风神L7新能源,3816,东风乘用车,10.99 - 15.69,,202406,3721
55,风神L7新能源,3966,东风乘用车,10.99 - 15.69,,202407,3721
60,风神L7新能源,3989,东风乘用车,10.99 - 15.69,,202408,3721
65,风神L7新能源,4016,东风乘用车,10.99 - 15.69,,202409,3721
69,风神L7新能源,4165,东风乘用车,10.99 - 15.69,,202410,3721
80,风神L7新能源,4278,东风乘用车,10.99 - 15.69,,202411,3721
123,豹5,626,方程豹,23.98 - 30.28,,202311,3709.153846
43,豹5,5086,方程豹,23.98 - 30.28,,202312,3709.153846
35,豹5,5203,方程豹,23.98 - 30.28,,202401,3709.153846
38,豹5,2310,方程豹,23.98 - 30.28,,202402,3709.153846
45,豹5,3550,方程豹,23.98 - 30.28,,202403,3709.153846
73,豹5,2110,方程豹,23.98 - 30.28,,202404,3709.153846
74,豹5,2430,方程豹,23.98 - 30.28,,202405,3709.153846
70,豹5,2680,方程豹,23.98 - 30.28,,202406,3709.153846
91,豹5,1842,方程豹,23.98 - 30.28,,202407,3709.153846
51,豹5,4876,方程豹,23.98 - 30.28,,202408,3709.153846
54,豹5,5422,方程豹,23.98 - 30.28,,202409,3709.153846
53,豹5,6026,方程豹,23.98 - 30.28,,202410,3709.153846
56,豹5,6058,方程豹,23.98 - 30.28,,202411,3709.153846
48,蔚来ES6,133,蔚来,33.80 - 39.60,,201905,3706.074627
31,蔚来ES6,658,蔚来,33.80 - 39.60,,201906,3706.074627
15,蔚来ES6,1066,蔚来,33.80 - 39.60,,201907,3706.074627
7,蔚来ES6,2336,蔚来,33.80 - 39.60,,201908,3706.074627
9,蔚来ES6,2190,蔚来,33.80 - 39.60,,201909,3706.074627
9,蔚来ES6,1880,蔚来,33.80 - 39.60,,201910,3706.074627
15,蔚来ES6,1407,蔚来,33.80 - 39.60,,201911,3706.074627
13,蔚来ES6,2300,蔚来,33.80 - 39.60,,201912,3706.074627
5,蔚来ES6,1754,蔚来,33.80 - 39.60,,202001,3706.074627
3,蔚来ES6,707,蔚来,33.80 - 39.60,,202002,3706.074627
10,蔚来ES6,1442,蔚来,33.80 - 39.60,,202003,3706.074627
2,蔚来ES6,2813,蔚来,33.80 - 39.60,,202004,3706.074627
5,蔚来ES6,2649,蔚来,33.80 - 39.60,,202005,3706.074627
6,蔚来ES6,2755,蔚来,33.80 - 39.60,,202006,3706.074627
5,蔚来ES6,2825,蔚来,33.80 - 39.60,,202007,3706.074627
8,蔚来ES6,2539,蔚来,33.80 - 39.60,,202008,3706.074627
8,蔚来ES6,3268,蔚来,33.80 - 39.60,,202009,3706.074627
12,蔚来ES6,2495,蔚来,33.80 - 39.60,,202010,3706.074627
15,蔚来ES6,2438,蔚来,33.80 - 39.60,,202011,3706.074627
20,蔚来ES6,2335,蔚来,33.80 - 39.60,,202012,3706.074627
10,蔚来ES6,2800,蔚来,33.80 - 39.60,,202101,3706.074627
9,蔚来ES6,2252,蔚来,33.80 - 39.60,,202102,3706.074627
11,蔚来ES6,3164,蔚来,33.80 - 39.60,,202103,3706.074627
10,蔚来ES6,3903,蔚来,33.80 - 39.60,,202104,3706.074627
13,蔚来ES6,3096,蔚来,33.80 - 39.60,,202105,3706.074627
15,蔚来ES6,3589,蔚来,33.80 - 39.60,,202106,3706.074627
13,蔚来ES6,4059,蔚来,33.80 - 39.60,,202107,3706.074627
35,蔚来ES6,1514,蔚来,33.80 - 39.60,,202108,3706.074627
16,蔚来ES6,4900,蔚来,33.80 - 39.60,,202109,3706.074627
26,蔚来ES6,3349,蔚来,33.80 - 39.60,,202110,3706.074627
20,蔚来ES6,4362,蔚来,33.80 - 39.60,,202111,3706.074627
26,蔚来ES6,4751,蔚来,33.80 - 39.60,,202112,3706.074627
20,蔚来ES6,5247,蔚来,33.80 - 39.60,,202201,3706.074627
20,蔚来ES6,3309,蔚来,33.80 - 39.60,,202202,3706.074627
19,蔚来ES6,5064,蔚来,33.80 - 39.60,,202203,3706.074627
32,蔚来ES6,1878,蔚来,33.80 - 39.60,,202204,3706.074627
36,蔚来ES6,2936,蔚来,33.80 - 39.60,,202205,3706.074627
24,蔚来ES6,5100,蔚来,33.80 - 39.60,,202206,3706.074627
32,蔚来ES6,4836,蔚来,33.80 - 39.60,,202207,3706.074627
34,蔚来ES6,4507,蔚来,33.80 - 39.60,,202208,3706.074627
41,蔚来ES6,3507,蔚来,33.80 - 39.60,,202209,3706.074627
60,蔚来ES6,1970,蔚来,33.80 - 39.60,,202210,3706.074627
60,蔚来ES6,1927,蔚来,33.80 - 39.60,,202211,3706.074627
77,蔚来ES6,1731,蔚来,33.80 - 39.60,,202212,3706.074627
61,蔚来ES6,872,蔚来,33.80 - 39.60,,202301,3706.074627
28,蔚来ES6,2848,蔚来,33.80 - 39.60,,202302,3706.074627
79,蔚来ES6,853,蔚来,33.80 - 39.60,,202303,3706.074627
137,蔚来ES6,174,蔚来,33.80 - 39.60,,202304,3706.074627
70,蔚来ES6,1016,蔚来,33.80 - 39.60,,202305,3706.074627
35,蔚来ES6,4677,蔚来,33.80 - 39.60,,202306,3706.074627
17,蔚来ES6,11118,蔚来,33.80 - 39.60,,202307,3706.074627
23,蔚来ES6,8601,蔚来,33.80 - 39.60,,202308,3706.074627
27,蔚来ES6,7896,蔚来,33.80 - 39.60,,202309,3706.074627
32,蔚来ES6,5875,蔚来,33.80 - 39.60,,202310,3706.074627
39,蔚来ES6,5666,蔚来,33.80 - 39.60,,202311,3706.074627
35,蔚来ES6,6943,蔚来,33.80 - 39.60,,202312,3706.074627
47,蔚来ES6,3944,蔚来,33.80 - 39.60,,202401,3706.074627
33,蔚来ES6,2959,蔚来,33.80 - 39.60,,202402,3706.074627
41,蔚来ES6,3729,蔚来,33.80 - 39.60,,202403,3706.074627
27,蔚来ES6,5527,蔚来,33.80 - 39.60,,202404,3706.074627
24,蔚来ES6,8094,蔚来,33.80 - 39.60,,202405,3706.074627
27,蔚来ES6,7654,蔚来,33.80 - 39.60,,202406,3706.074627
27,蔚来ES6,8112,蔚来,33.80 - 39.60,,202407,3706.074627
31,蔚来ES6,7694,蔚来,33.80 - 39.60,,202408,3706.074627
33,蔚来ES6,7901,蔚来,33.80 - 39.60,,202409,3706.074627
47,蔚来ES6,6471,蔚来,33.80 - 39.60,,202410,3706.074627
58,蔚来ES6,5942,蔚来,33.80 - 39.60,,202411,3706.074627
248,AION RT,73,广汽埃安,11.98 - 16.58,,202410,3696
42,AION RT,7319,广汽埃安,11.98 - 16.58,,202411,3696
77,蔚来ET5T,1339,蔚来,29.80 - 35.60,,202306,3691.666667
38,蔚来ET5T,3662,蔚来,29.80 - 35.60,,202307,3691.666667
40,蔚来ET5T,4083,蔚来,29.80 - 35.60,,202308,3691.666667
54,蔚来ET5T,2593,蔚来,29.80 - 35.60,,202309,3691.666667
50,蔚来ET5T,3105,蔚来,29.80 - 35.60,,202310,3691.666667
52,蔚来ET5T,3248,蔚来,29.80 - 35.60,,202311,3691.666667
59,蔚来ET5T,3331,蔚来,29.80 - 35.60,,202312,3691.666667
63,蔚来ET5T,2208,蔚来,29.80 - 35.60,,202401,3691.666667
48,蔚来ET5T,1983,蔚来,29.80 - 35.60,,202402,3691.666667
64,蔚来ET5T,2202,蔚来,29.80 - 35.60,,202403,3691.666667
41,蔚来ET5T,4427,蔚来,29.80 - 35.60,,202404,3691.666667
43,蔚来ET5T,4785,蔚来,29.80 - 35.60,,202405,3691.666667
42,蔚来ET5T,5578,蔚来,29.80 - 35.60,,202406,3691.666667
46,蔚来ET5T,5113,蔚来,29.80 - 35.60,,202407,3691.666667
52,蔚来ET5T,4755,蔚来,29.80 - 35.60,,202408,3691.666667
51,蔚来ET5T,5590,蔚来,29.80 - 35.60,,202409,3691.666667
66,蔚来ET5T,4306,蔚来,29.80 - 35.60,,202410,3691.666667
83,蔚来ET5T,4142,蔚来,29.80 - 35.60,,202411,3691.666667
51,坦克400新能源,3102,长城汽车,27.98 - 28.98,,202310,3663.928571
46,坦克400新能源,4052,长城汽车,27.98 - 28.98,,202311,3663.928571
51,坦克400新能源,4086,长城汽车,27.98 - 28.98,,202312,3663.928571
42,坦克400新能源,4586,长城汽车,27.98 - 28.98,,202401,3663.928571
59,坦克400新能源,1539,长城汽车,27.98 - 28.98,,202402,3663.928571
53,坦克400新能源,3060,长城汽车,27.98 - 28.98,,202403,3663.928571
54,坦克400新能源,3107,长城汽车,27.98 - 28.98,,202404,3663.928571
61,坦克400新能源,3116,长城汽车,27.98 - 28.98,,202405,3663.928571
58,坦克400新能源,4107,长城汽车,27.98 - 28.98,,202406,3663.928571
54,坦克400新能源,4007,长城汽车,27.98 - 28.98,,202407,3663.928571
65,坦克400新能源,3510,长城汽车,27.98 - 28.98,,202408,3663.928571
69,坦克400新能源,3716,长城汽车,27.98 - 28.98,,202409,3663.928571
74,坦克400新能源,4091,长城汽车,27.98 - 28.98,,202410,3663.928571
67,坦克400新能源,5216,长城汽车,27.98 - 28.98,,202411,3663.928571
61,坦克500新能源,2023,长城汽车,33.50 - 36.38,,202307,3619.235294
46,坦克500新能源,3036,长城汽车,33.50 - 36.38,,202308,3619.235294
39,坦克500新能源,4269,长城汽车,33.50 - 36.38,,202309,3619.235294
35,坦克500新能源,5065,长城汽车,33.50 - 36.38,,202310,3619.235294
45,坦克500新能源,4191,长城汽车,33.50 - 36.38,,202311,3619.235294
49,坦克500新能源,4169,长城汽车,33.50 - 36.38,,202312,3619.235294
36,坦克500新能源,5045,长城汽车,33.50 - 36.38,,202401,3619.235294
46,坦克500新能源,2034,长城汽车,33.50 - 36.38,,202402,3619.235294
54,坦克500新能源,2948,长城汽车,33.50 - 36.38,,202403,3619.235294
48,坦克500新能源,3646,长城汽车,33.50 - 36.38,,202404,3619.235294
59,坦克500新能源,3158,长城汽车,33.50 - 36.38,,202405,3619.235294
63,坦克500新能源,3417,长城汽车,33.50 - 36.38,,202406,3619.235294
68,坦克500新能源,2975,长城汽车,33.50 - 36.38,,202407,3619.235294
73,坦克500新能源,3017,长城汽车,33.50 - 36.38,,202408,3619.235294
68,坦克500新能源,3743,长城汽车,33.50 - 36.38,,202409,3619.235294
75,坦克500新能源,4001,长城汽车,33.50 - 36.38,,202410,3619.235294
72,坦克500新能源,4790,长城汽车,33.50 - 36.38,,202411,3619.235294
92,传祺E8,1229,广汽乘用车,16.68 - 23.58,,202311,3593.076923
40,传祺E8,5562,广汽乘用车,16.68 - 23.58,,202312,3593.076923
52,传祺E8,3470,广汽乘用车,16.68 - 23.58,,202401,3593.076923
67,传祺E8,1280,广汽乘用车,16.68 - 23.58,,202402,3593.076923
69,传祺E8,2055,广汽乘用车,16.68 - 23.58,,202403,3593.076923
66,传祺E8,2299,广汽乘用车,16.68 - 23.58,,202404,3593.076923
73,传祺E8,2444,广汽乘用车,16.68 - 23.58,,202405,3593.076923
74,传祺E8,2391,广汽乘用车,16.68 - 23.58,,202406,3593.076923
69,传祺E8,2967,广汽乘用车,16.68 - 23.58,,202407,3593.076923
59,传祺E8,4171,广汽乘用车,16.68 - 23.58,,202408,3593.076923
47,传祺E8,6223,广汽乘用车,16.68 - 23.58,,202409,3593.076923
49,传祺E8,6219,广汽乘用车,16.68 - 23.58,,202410,3593.076923
48,传祺E8,6400,广汽乘用车,16.68 - 23.58,,202411,3593.076923
90,智己LS6,1220,智己汽车,22.99 - 30.29,,202309,3585.666667
46,智己LS6,3627,智己汽车,22.99 - 30.29,,202310,3585.666667
27,智己LS6,8158,智己汽车,22.99 - 30.29,,202311,3585.666667
25,智己LS6,9878,智己汽车,22.99 - 30.29,,202312,3585.666667
40,智己LS6,4612,智己汽车,22.99 - 30.29,,202401,3585.666667
61,智己LS6,1491,智己汽车,22.99 - 30.29,,202402,3585.666667
56,智己LS6,2630,智己汽车,22.99 - 30.29,,202403,3585.666667
87,智己LS6,1456,智己汽车,22.99 - 30.29,,202404,3585.666667
154,智己LS6,483,智己汽车,22.99 - 30.29,,202405,3585.666667
84,智己LS6,2013,智己汽车,22.99 - 30.29,,202406,3585.666667
83,智己LS6,2108,智己汽车,22.99 - 30.29,,202407,3585.666667
83,智己LS6,2677,智己汽车,22.99 - 30.29,,202408,3585.666667
109,智己LS6,1902,智己汽车,22.99 - 30.29,,202409,3585.666667
54,智己LS6,6021,智己汽车,22.99 - 30.29,,202410,3585.666667
64,智己LS6,5509,智己汽车,22.99 - 30.29,,202411,3585.666667
7,元新能源,2018,比亚迪,0.00 - 0.00,,201806,3583.928571
2,元新能源,4174,比亚迪,0.00 - 0.00,,201807,3583.928571
4,元新能源,4487,比亚迪,0.00 - 0.00,,201808,3583.928571
3,元新能源,5008,比亚迪,0.00 - 0.00,,201809,3583.928571
3,元新能源,5803,比亚迪,0.00 - 0.00,,201810,3583.928571
4,元新能源,6188,比亚迪,0.00 - 0.00,,201811,3583.928571
5,元新能源,8021,比亚迪,0.00 - 0.00,,201812,3583.928571
2,元新能源,10093,比亚迪,0.00 - 0.00,,201901,3583.928571
1,元新能源,4332,比亚迪,0.00 - 0.00,,201902,3583.928571
3,元新能源,10021,比亚迪,0.00 - 0.00,,201903,3583.928571
2,元新能源,6428,比亚迪,0.00 - 0.00,,201904,3583.928571
2,元新能源,6044,比亚迪,0.00 - 0.00,,201905,3583.928571
3,元新能源,6566,比亚迪,0.00 - 0.00,,201906,3583.928571
3,元新能源,4320,比亚迪,0.00 - 0.00,,201907,3583.928571
3,元新能源,4127,比亚迪,0.00 - 0.00,,201908,3583.928571
4,元新能源,3051,比亚迪,0.00 - 0.00,,201909,3583.928571
3,元新能源,3072,比亚迪,0.00 - 0.00,,201910,3583.928571
7,元新能源,2412,比亚迪,0.00 - 0.00,,201911,3583.928571
21,元新能源,1434,比亚迪,0.00 - 0.00,,201912,3583.928571
8,元新能源,1434,比亚迪,0.00 - 0.00,,202001,3583.928571
4,元新能源,505,比亚迪,0.00 - 0.00,,202002,3583.928571
6,元新能源,2009,比亚迪,0.00 - 0.00,,202003,3583.928571
8,元新能源,1591,比亚迪,0.00 - 0.00,,202004,3583.928571
9,元新能源,1714,比亚迪,0.00 - 0.00,,202005,3583.928571
11,元新能源,1737,比亚迪,0.00 - 0.00,,202006,3583.928571
13,元新能源,1801,比亚迪,0.00 - 0.00,,202007,3583.928571
23,元新能源,1015,比亚迪,0.00 - 0.00,,202008,3583.928571
25,元新能源,1066,比亚迪,0.00 - 0.00,,202009,3583.928571
27,元新能源,1112,比亚迪,0.00 - 0.00,,202010,3583.928571
29,元新能源,1260,比亚迪,0.00 - 0.00,,202011,3583.928571
33,元新能源,1062,比亚迪,0.00 - 0.00,,202012,3583.928571
42,元新能源,493,比亚迪,0.00 - 0.00,,202101,3583.928571
33,元新能源,361,比亚迪,0.00 - 0.00,,202102,3583.928571
33,元新能源,926,比亚迪,0.00 - 0.00,,202103,3583.928571
21,元新能源,1997,比亚迪,0.00 - 0.00,,202104,3583.928571
60,元新能源,373,比亚迪,0.00 - 0.00,,202105,3583.928571
33,元新能源,1238,比亚迪,0.00 - 0.00,,202106,3583.928571
11,元新能源,4255,比亚迪,0.00 - 0.00,,202107,3583.928571
12,元新能源,5372,比亚迪,0.00 - 0.00,,202109,3583.928571
10,元新能源,6507,比亚迪,0.00 - 0.00,,202110,3583.928571
13,元新能源,6521,比亚迪,0.00 - 0.00,,202111,3583.928571
13,元新能源,8577,比亚迪,0.00 - 0.00,,202112,3583.928571
98,奇瑞iCAR 03,1445,奇瑞新能源,10.98 - 16.98,,202312,3566.583333
115,奇瑞iCAR 03,673,奇瑞新能源,10.98 - 16.98,,202401,3566.583333
134,奇瑞iCAR 03,296,奇瑞新能源,10.98 - 16.98,,202402,3566.583333
44,奇瑞iCAR 03,3602,奇瑞新能源,10.98 - 16.98,,202403,3566.583333
36,奇瑞iCAR 03,4940,奇瑞新能源,10.98 - 16.98,,202404,3566.583333
48,奇瑞iCAR 03,4145,奇瑞新能源,10.98 - 16.98,,202405,3566.583333
57,奇瑞iCAR 03,4195,奇瑞新能源,10.98 - 16.98,,202406,3566.583333
51,奇瑞iCAR 03,4197,奇瑞新能源,10.98 - 16.98,,202407,3566.583333
56,奇瑞iCAR 03,4358,奇瑞新能源,10.98 - 16.98,,202408,3566.583333
59,奇瑞iCAR 03,4585,奇瑞新能源,10.98 - 16.98,,202409,3566.583333
57,奇瑞iCAR 03,5644,奇瑞新能源,10.98 - 16.98,,202410,3566.583333
74,奇瑞iCAR 03,4719,奇瑞新能源,10.98 - 16.98,,202411,3566.583333
122,丰田bZ3,297,一汽丰田,16.98 - 19.98,,202303,3481.809524
43,丰田bZ3,2342,一汽丰田,16.98 - 19.98,,202304,3481.809524
44,丰田bZ3,2553,一汽丰田,16.98 - 19.98,,202305,3481.809524
47,丰田bZ3,3030,一汽丰田,16.98 - 19.98,,202306,3481.809524
106,丰田bZ3,598,一汽丰田,16.98 - 19.98,,202307,3481.809524
30,丰田bZ3,5831,一汽丰田,16.98 - 19.98,,202308,3481.809524
41,丰田bZ3,4023,一汽丰田,16.98 - 19.98,,202309,3481.809524
54,丰田bZ3,2881,一汽丰田,16.98 - 19.98,,202310,3481.809524
61,丰田bZ3,2835,一汽丰田,16.98 - 19.98,,202311,3481.809524
95,丰田bZ3,1537,一汽丰田,16.98 - 19.98,,202312,3481.809524
60,丰田bZ3,2421,一汽丰田,16.98 - 19.98,,202401,3481.809524
56,丰田bZ3,1674,一汽丰田,16.98 - 19.98,,202402,3481.809524
26,丰田bZ3,5697,一汽丰田,16.98 - 19.98,,202403,3481.809524
42,丰田bZ3,4273,一汽丰田,16.98 - 19.98,,202404,3481.809524
36,丰田bZ3,5646,一汽丰田,16.98 - 19.98,,202405,3481.809524
45,丰田bZ3,5381,一汽丰田,16.98 - 19.98,,202406,3481.809524
52,丰田bZ3,4156,一汽丰田,16.98 - 19.98,,202407,3481.809524
48,丰田bZ3,5326,一汽丰田,16.98 - 19.98,,202408,3481.809524
71,丰田bZ3,3664,一汽丰田,16.98 - 19.98,,202409,3481.809524
78,丰田bZ3,3696,一汽丰田,16.98 - 19.98,,202410,3481.809524
66,丰田bZ3,5257,一汽丰田,16.98 - 19.98,,202411,3481.809524
149,乐道L60,832,蔚来,20.69 - 25.59,,202409,3411
65,乐道L60,4319,蔚来,20.69 - 25.59,,202410,3411
68,乐道L60,5082,蔚来,20.69 - 25.59,,202411,3411
1,北汽新能源EC,4128,北汽新能源,0.00 - 0.00,,201612,3396.241379
2,北汽新能源EC,724,北汽新能源,0.00 - 0.00,,201701,3396.241379
1,北汽新能源EC,2800,北汽新能源,0.00 - 0.00,,201702,3396.241379
1,北汽新能源EC,3605,北汽新能源,0.00 - 0.00,,201703,3396.241379
1,北汽新能源EC,4351,北汽新能源,0.00 - 0.00,,201704,3396.241379
2,北汽新能源EC,3895,北汽新能源,0.00 - 0.00,,201705,3396.241379
5,北汽新能源EC,2581,北汽新能源,0.00 - 0.00,,201706,3396.241379
2,北汽新能源EC,4068,北汽新能源,0.00 - 0.00,,201707,3396.241379
1,北汽新能源EC,6726,北汽新能源,0.00 - 0.00,,201708,3396.241379
1,北汽新能源EC,9143,北汽新能源,0.00 - 0.00,,201709,3396.241379
1,北汽新能源EC,11315,北汽新能源,0.00 - 0.00,,201710,3396.241379
1,北汽新能源EC,15719,北汽新能源,0.00 - 0.00,,201711,3396.241379
1,北汽新能源EC,12718,北汽新能源,0.00 - 0.00,,201712,3396.241379
1,北汽新能源EC,8580,北汽新能源,0.00 - 0.00,,201801,3396.241379
1,北汽新能源EC,6552,北汽新能源,0.00 - 0.00,,201802,3396.241379
1,北汽新能源EC,10498,北汽新能源,0.00 - 0.00,,201803,3396.241379
1,北汽新能源EC,9272,北汽新能源,0.00 - 0.00,,201804,3396.241379
1,北汽新能源EC,12624,北汽新能源,0.00 - 0.00,,201805,3396.241379
39,北汽新能源EC,2,北汽新能源,0.00 - 0.00,,201806,3396.241379
13,北汽新能源EC,1518,北汽新能源,0.00 - 0.00,,201807,3396.241379
9,北汽新能源EC,2156,北汽新能源,0.00 - 0.00,,201808,3396.241379
7,北汽新能源EC,3943,北汽新能源,0.00 - 0.00,,201809,3396.241379
1,北汽新能源EC,17141,北汽新能源,0.00 - 0.00,,201810,3396.241379
1,北汽新能源EC,13938,北汽新能源,0.00 - 0.00,,201811,3396.241379
3,北汽新能源EC,9613,北汽新能源,0.00 - 0.00,,201812,3396.241379
36,北汽新能源EC,157,北汽新能源,0.00 - 0.00,,201902,3396.241379
8,北汽新能源EC,3528,北汽新能源,0.00 - 0.00,,201903,3396.241379
39,北汽新能源EC,216,北汽新能源,0.00 - 0.00,,201905,3396.241379
42,北汽新能源EC,236,北汽新能源,0.00 - 0.00,,201906,3396.241379
10,北汽新能源EC,1500,北汽新能源,0.00 - 0.00,,201907,3396.241379
27,北汽新能源EC,500,北汽新能源,0.00 - 0.00,,201908,3396.241379
14,北汽新能源EC,1352,北汽新能源,0.00 - 0.00,,201909,3396.241379
20,北汽新能源EC,667,北汽新能源,0.00 - 0.00,,201910,3396.241379
25,北汽新能源EC,734,北汽新能源,0.00 - 0.00,,201911,3396.241379
6,北汽新能源EC,5318,北汽新能源,0.00 - 0.00,,201912,3396.241379
62,北汽新能源EC,30,北汽新能源,0.00 - 0.00,,202001,3396.241379
27,北汽新能源EC,55,北汽新能源,0.00 - 0.00,,202002,3396.241379
14,北汽新能源EC,988,北汽新能源,0.00 - 0.00,,202003,3396.241379
59,北汽新能源EC,40,北汽新能源,0.00 - 0.00,,202004,3396.241379
28,北汽新能源EC,531,北汽新能源,0.00 - 0.00,,202005,3396.241379
34,北汽新能源EC,556,北汽新能源,0.00 - 0.00,,202006,3396.241379
32,北汽新能源EC,720,北汽新能源,0.00 - 0.00,,202007,3396.241379
56,北汽新能源EC,223,北汽新能源,0.00 - 0.00,,202008,3396.241379
105,北汽新能源EC,4,北汽新能源,0.00 - 0.00,,202009,3396.241379
143,北汽新能源EC,0,北汽新能源,0.00 - 0.00,,202010,3396.241379
25,北汽新能源EC,1660,北汽新能源,0.00 - 0.00,,202011,3396.241379
63,北汽新能源EC,341,北汽新能源,0.00 - 0.00,,202012,3396.241379
96,北汽新能源EC,15,北汽新能源,0.00 - 0.00,,202101,3396.241379
128,北汽新能源EC,0,北汽新能源,0.00 - 0.00,,202102,3396.241379
114,北汽新能源EC,1,北汽新能源,0.00 - 0.00,,202103,3396.241379
129,北汽新能源EC,0,北汽新能源,0.00 - 0.00,,202104,3396.241379
142,北汽新能源EC,0,北汽新能源,0.00 - 0.00,,202105,3396.241379
144,北汽新能源EC,0,北汽新能源,0.00 - 0.00,,202106,3396.241379
150,北汽新能源EC,0,北汽新能源,0.00 - 0.00,,202107,3396.241379
144,北汽新能源EC,0,北汽新能源,0.00 - 0.00,,202109,3396.241379
153,北汽新能源EC,0,北汽新能源,0.00 - 0.00,,202110,3396.241379
149,北汽新能源EC,0,北汽新能源,0.00 - 0.00,,202111,3396.241379
167,北汽新能源EC,0,北汽新能源,0.00 - 0.00,,202111,3396.241379
158,北汽新能源EC,0,北汽新能源,0.00 - 0.00,,202112,3396.241379
68,魏牌 蓝山,1050,长城汽车,27.38 - 32.68,,202304,3369.55
26,魏牌 蓝山,5136,长城汽车,27.38 - 32.68,,202305,3369.55
30,魏牌 蓝山,5506,长城汽车,27.38 - 32.68,,202306,3369.55
30,魏牌 蓝山,5566,长城汽车,27.38 - 32.68,,202307,3369.55
34,魏牌 蓝山,5023,长城汽车,27.38 - 32.68,,202308,3369.55
64,魏牌 蓝山,2026,长城汽车,27.38 - 32.68,,202309,3369.55
73,魏牌 蓝山,2032,长城汽车,27.38 - 32.68,,202310,3369.55
74,魏牌 蓝山,2035,长城汽车,27.38 - 32.68,,202311,3369.55
71,魏牌 蓝山,2564,长城汽车,27.38 - 32.68,,202312,3369.55
64,魏牌 蓝山,2085,长城汽车,27.38 - 32.68,,202401,3369.55
42,魏牌 蓝山,2108,长城汽车,27.38 - 32.68,,202402,3369.55
58,魏牌 蓝山,2522,长城汽车,27.38 - 32.68,,202403,3369.55
55,魏牌 蓝山,3088,长城汽车,27.38 - 32.68,,202404,3369.55
79,魏牌 蓝山,2006,长城汽车,27.38 - 32.68,,202405,3369.55
88,魏牌 蓝山,1902,长城汽车,27.38 - 32.68,,202406,3369.55
86,魏牌 蓝山,1967,长城汽车,27.38 - 32.68,,202407,3369.55
92,魏牌 蓝山,2358,长城汽车,27.38 - 32.68,,202408,3369.55
48,魏牌 蓝山,6019,长城汽车,27.38 - 32.68,,202409,3369.55
52,魏牌 蓝山,6030,长城汽车,27.38 - 32.68,,202410,3369.55
51,魏牌 蓝山,6368,长城汽车,27.38 - 32.68,,202411,3369.55
10,北汽新能源EU,4075,北汽新能源,7.98 - 7.98,,201810,3327.657895
13,北汽新能源EU,2941,北汽新能源,7.98 - 7.98,,201811,3327.657895
2,北汽新能源EU,12561,北汽新能源,7.98 - 7.98,,201812,3327.657895
6,北汽新能源EU,3895,北汽新能源,7.98 - 7.98,,201901,3327.657895
6,北汽新能源EU,2465,北汽新能源,7.98 - 7.98,,201902,3327.657895
2,北汽新能源EU,12983,北汽新能源,7.98 - 7.98,,201903,3327.657895
5,北汽新能源EU,4738,北汽新能源,7.98 - 7.98,,201904,3327.657895
1,北汽新能源EU,7079,北汽新能源,7.98 - 7.98,,201905,3327.657895
1,北汽新能源EU,17916,北汽新能源,7.98 - 7.98,,201906,3327.657895
1,北汽新能源EU,8937,北汽新能源,7.98 - 7.98,,201907,3327.657895
2,北汽新能源EU,7580,北汽新能源,7.98 - 7.98,,201908,3327.657895
1,北汽新能源EU,8710,北汽新能源,7.98 - 7.98,,201909,3327.657895
1,北汽新能源EU,7623,北汽新能源,7.98 - 7.98,,201910,3327.657895
2,北汽新能源EU,6258,北汽新能源,7.98 - 7.98,,201911,3327.657895
5,北汽新能源EU,5452,北汽新能源,7.98 - 7.98,,201912,3327.657895
11,北汽新能源EU,1400,北汽新能源,7.98 - 7.98,,202001,3327.657895
2,北汽新能源EU,979,北汽新能源,7.98 - 7.98,,202002,3327.657895
2,北汽新能源EU,4450,北汽新能源,7.98 - 7.98,,202003,3327.657895
21,北汽新能源EU,630,北汽新能源,7.98 - 7.98,,202004,3327.657895
20,北汽新能源EU,940,北汽新能源,7.98 - 7.98,,202005,3327.657895
14,北汽新能源EU,1542,北汽新能源,7.98 - 7.98,,202006,3327.657895
31,北汽新能源EU,728,北汽新能源,7.98 - 7.98,,202007,3327.657895
17,北汽新能源EU,1562,北汽新能源,7.98 - 7.98,,202008,3327.657895
48,北汽新能源EU,300,北汽新能源,7.98 - 7.98,,202009,3327.657895
47,北汽新能源EU,430,北汽新能源,7.98 - 7.98,,202010,3327.657895
130,北汽新能源EU,0,北汽新能源,7.98 - 7.98,,202011,3327.657895
143,北汽新能源EU,0,北汽新能源,7.98 - 7.98,,202012,3327.657895
110,北汽新能源EU,2,北汽新能源,7.98 - 7.98,,202101,3327.657895
105,北汽新能源EU,1,北汽新能源,7.98 - 7.98,,202102,3327.657895
109,北汽新能源EU,3,北汽新能源,7.98 - 7.98,,202103,3327.657895
119,北汽新能源EU,0,北汽新能源,7.98 - 7.98,,202104,3327.657895
129,北汽新能源EU,0,北汽新能源,7.98 - 7.98,,202105,3327.657895
140,北汽新能源EU,0,北汽新能源,7.98 - 7.98,,202106,3327.657895
143,北汽新能源EU,0,北汽新能源,7.98 - 7.98,,202107,3327.657895
138,北汽新能源EU,0,北汽新能源,7.98 - 7.98,,202109,3327.657895
120,北汽新能源EU,16,北汽新能源,7.98 - 7.98,,202110,3327.657895
114,北汽新能源EU,51,北汽新能源,7.98 - 7.98,,202111,3327.657895
97,北汽新能源EU,204,北汽新能源,7.98 - 7.98,,202112,3327.657895
75,护卫舰07,1805,比亚迪,17.98 - 31.98,,202212,3286.666667
17,护卫舰07,5043,比亚迪,17.98 - 31.98,,202301,3286.666667
18,护卫舰07,6429,比亚迪,17.98 - 31.98,,202302,3286.666667
16,护卫舰07,6455,比亚迪,17.98 - 31.98,,202303,3286.666667
14,护卫舰07,10042,比亚迪,17.98 - 31.98,,202304,3286.666667
15,护卫舰07,10005,比亚迪,17.98 - 31.98,,202305,3286.666667
26,护卫舰07,6134,比亚迪,17.98 - 31.98,,202306,3286.666667
33,护卫舰07,4501,比亚迪,17.98 - 31.98,,202307,3286.666667
37,护卫舰07,4604,比亚迪,17.98 - 31.98,,202308,3286.666667
48,护卫舰07,3085,比亚迪,17.98 - 31.98,,202309,3286.666667
42,护卫舰07,4247,比亚迪,17.98 - 31.98,,202310,3286.666667
54,护卫舰07,3088,比亚迪,17.98 - 31.98,,202311,3286.666667
70,护卫舰07,2629,比亚迪,17.98 - 31.98,,202312,3286.666667
67,护卫舰07,1847,比亚迪,17.98 - 31.98,,202401,3286.666667
88,护卫舰07,705,比亚迪,17.98 - 31.98,,202402,3286.666667
97,护卫舰07,1120,比亚迪,17.98 - 31.98,,202403,3286.666667
88,护卫舰07,1427,比亚迪,17.98 - 31.98,,202404,3286.666667
96,护卫舰07,1372,比亚迪,17.98 - 31.98,,202405,3286.666667
110,护卫舰07,1115,比亚迪,17.98 - 31.98,,202406,3286.666667
124,护卫舰07,926,比亚迪,17.98 - 31.98,,202407,3286.666667
151,护卫舰07,672,比亚迪,17.98 - 31.98,,202408,3286.666667
171,护卫舰07,600,比亚迪,17.98 - 31.98,,202409,3286.666667
179,护卫舰07,563,比亚迪,17.98 - 31.98,,202410,3286.666667
183,护卫舰07,466,比亚迪,17.98 - 31.98,,202411,3286.666667
165,别克GL8新能源,439,上汽通用别克,35.99 - 41.99,,202406,3269.666667
58,别克GL8新能源,3483,上汽通用别克,35.99 - 41.99,,202407,3269.666667
58,别克GL8新能源,4234,上汽通用别克,35.99 - 41.99,,202408,3269.666667
58,别克GL8新能源,4691,上汽通用别克,35.99 - 41.99,,202409,3269.666667
87,别克GL8新能源,3153,上汽通用别克,35.99 - 41.99,,202410,3269.666667
92,别克GL8新能源,3618,上汽通用别克,35.99 - 41.99,,202411,3269.666667
91,捷途山海T1,2856,奇瑞汽车,15.48 - 17.48,,202410,3249
91,捷途山海T1,3642,奇瑞汽车,15.48 - 17.48,,202411,3249
48,ID.4 CROZZ,180,一汽-大众,19.39 - 29.86,,202102,3230.369565
57,ID.4 CROZZ,365,一汽-大众,19.39 - 29.86,,202103,3230.369565
38,ID.4 CROZZ,722,一汽-大众,19.39 - 29.86,,202104,3230.369565
47,ID.4 CROZZ,502,一汽-大众,19.39 - 29.86,,202105,3230.369565
28,ID.4 CROZZ,2191,一汽-大众,19.39 - 29.86,,202106,3230.369565
36,ID.4 CROZZ,1216,一汽-大众,19.39 - 29.86,,202107,3230.369565
20,ID.4 CROZZ,2993,一汽-大众,19.39 - 29.86,,202108,3230.369565
21,ID.4 CROZZ,3858,一汽-大众,19.39 - 29.86,,202109,3230.369565
28,ID.4 CROZZ,3235,一汽-大众,19.39 - 29.86,,202110,3230.369565
17,ID.4 CROZZ,5187,一汽-大众,19.39 - 29.86,,202111,3230.369565
18,ID.4 CROZZ,6535,一汽-大众,19.39 - 29.86,,202112,3230.369565
38,ID.4 CROZZ,2206,一汽-大众,19.39 - 29.86,,202201,3230.369565
31,ID.4 CROZZ,2374,一汽-大众,19.39 - 29.86,,202202,3230.369565
28,ID.4 CROZZ,3177,一汽-大众,19.39 - 29.86,,202203,3230.369565
25,ID.4 CROZZ,2610,一汽-大众,19.39 - 29.86,,202204,3230.369565
31,ID.4 CROZZ,3460,一汽-大众,19.39 - 29.86,,202205,3230.369565
22,ID.4 CROZZ,6140,一汽-大众,19.39 - 29.86,,202206,3230.369565
22,ID.4 CROZZ,6270,一汽-大众,19.39 - 29.86,,202207,3230.369565
17,ID.4 CROZZ,8178,一汽-大众,19.39 - 29.86,,202208,3230.369565
39,ID.4 CROZZ,3570,一汽-大众,19.39 - 29.86,,202209,3230.369565
35,ID.4 CROZZ,3557,一汽-大众,19.39 - 29.86,,202210,3230.369565
43,ID.4 CROZZ,3038,一汽-大众,19.39 - 29.86,,202211,3230.369565
37,ID.4 CROZZ,4168,一汽-大众,19.39 - 29.86,,202212,3230.369565
75,ID.4 CROZZ,532,一汽-大众,19.39 - 29.86,,202301,3230.369565
46,ID.4 CROZZ,1641,一汽-大众,19.39 - 29.86,,202302,3230.369565
40,ID.4 CROZZ,2260,一汽-大众,19.39 - 29.86,,202303,3230.369565
53,ID.4 CROZZ,1639,一汽-大众,19.39 - 29.86,,202304,3230.369565
31,ID.4 CROZZ,3937,一汽-大众,19.39 - 29.86,,202305,3230.369565
39,ID.4 CROZZ,3792,一汽-大众,19.39 - 29.86,,202306,3230.369565
44,ID.4 CROZZ,3190,一汽-大众,19.39 - 29.86,,202307,3230.369565
49,ID.4 CROZZ,2646,一汽-大众,19.39 - 29.86,,202308,3230.369565
40,ID.4 CROZZ,4157,一汽-大众,19.39 - 29.86,,202309,3230.369565
40,ID.4 CROZZ,4292,一汽-大众,19.39 - 29.86,,202310,3230.369565
48,ID.4 CROZZ,3872,一汽-大众,19.39 - 29.86,,202311,3230.369565
39,ID.4 CROZZ,5600,一汽-大众,19.39 - 29.86,,202312,3230.369565
50,ID.4 CROZZ,3622,一汽-大众,19.39 - 29.86,,202401,3230.369565
66,ID.4 CROZZ,1299,一汽-大众,19.39 - 29.86,,202402,3230.369565
47,ID.4 CROZZ,3333,一汽-大众,19.39 - 29.86,,202403,3230.369565
46,ID.4 CROZZ,3722,一汽-大众,19.39 - 29.86,,202404,3230.369565
50,ID.4 CROZZ,3961,一汽-大众,19.39 - 29.86,,202405,3230.369565
60,ID.4 CROZZ,4094,一汽-大众,19.39 - 29.86,,202406,3230.369565
61,ID.4 CROZZ,3273,一汽-大众,19.39 - 29.86,,202407,3230.369565
72,ID.4 CROZZ,3061,一汽-大众,19.39 - 29.86,,202408,3230.369565
75,ID.4 CROZZ,3343,一汽-大众,19.39 - 29.86,,202409,3230.369565
93,ID.4 CROZZ,2721,一汽-大众,19.39 - 29.86,,202410,3230.369565
101,ID.4 CROZZ,2878,一汽-大众,19.39 - 29.86,,202411,3230.369565
28,小蚂蚁,366,奇瑞新能源,5.99 - 7.69,,201807,3222.521127
29,小蚂蚁,380,奇瑞新能源,5.99 - 7.69,,201808,3222.521127
30,小蚂蚁,500,奇瑞新能源,5.99 - 7.69,,201809,3222.521127
54,小蚂蚁,109,奇瑞新能源,5.99 - 7.69,,201812,3222.521127
43,小蚂蚁,119,奇瑞新能源,5.99 - 7.69,,201901,3222.521127
48,小蚂蚁,19,奇瑞新能源,5.99 - 7.69,,201902,3222.521127
40,小蚂蚁,188,奇瑞新能源,5.99 - 7.69,,201903,3222.521127
49,小蚂蚁,115,奇瑞新能源,5.99 - 7.69,,201904,3222.521127
53,小蚂蚁,96,奇瑞新能源,5.99 - 7.69,,201905,3222.521127
39,小蚂蚁,111,奇瑞新能源,5.99 - 7.69,,201907,3222.521127
37,小蚂蚁,210,奇瑞新能源,5.99 - 7.69,,201908,3222.521127
54,小蚂蚁,69,奇瑞新能源,5.99 - 7.69,,201909,3222.521127
33,小蚂蚁,262,奇瑞新能源,5.99 - 7.69,,201910,3222.521127
84,小蚂蚁,0,奇瑞新能源,5.99 - 7.69,,201911,3222.521127
98,小蚂蚁,0,奇瑞新能源,5.99 - 7.69,,201912,3222.521127
127,小蚂蚁,0,奇瑞新能源,5.99 - 7.69,,202001,3222.521127
63,小蚂蚁,0,奇瑞新能源,5.99 - 7.69,,202002,3222.521127
125,小蚂蚁,0,奇瑞新能源,5.99 - 7.69,,202002,3222.521127
142,小蚂蚁,0,奇瑞新能源,5.99 - 7.69,,202004,3222.521127
117,小蚂蚁,0,奇瑞新能源,5.99 - 7.69,,202005,3222.521127
151,小蚂蚁,0,奇瑞新能源,5.99 - 7.69,,202005,3222.521127
140,小蚂蚁,0,奇瑞新能源,5.99 - 7.69,,202008,3222.521127
164,小蚂蚁,0,奇瑞新能源,5.99 - 7.69,,202008,3222.521127
61,小蚂蚁,140,奇瑞新能源,5.99 - 7.69,,202009,3222.521127
46,小蚂蚁,492,奇瑞新能源,5.99 - 7.69,,202010,3222.521127
59,小蚂蚁,349,奇瑞新能源,5.99 - 7.69,,202011,3222.521127
65,小蚂蚁,323,奇瑞新能源,5.99 - 7.69,,202012,3222.521127
4,小蚂蚁,6472,奇瑞新能源,5.99 - 7.69,,202101,3222.521127
15,小蚂蚁,1591,奇瑞新能源,5.99 - 7.69,,202102,3222.521127
7,小蚂蚁,5310,奇瑞新能源,5.99 - 7.69,,202103,3222.521127
5,小蚂蚁,5617,奇瑞新能源,5.99 - 7.69,,202104,3222.521127
6,小蚂蚁,5632,奇瑞新能源,5.99 - 7.69,,202105,3222.521127
9,小蚂蚁,6307,奇瑞新能源,5.99 - 7.69,,202106,3222.521127
9,小蚂蚁,5565,奇瑞新能源,5.99 - 7.69,,202107,3222.521127
12,小蚂蚁,5975,奇瑞新能源,5.99 - 7.69,,202108,3222.521127
7,小蚂蚁,7815,奇瑞新能源,5.99 - 7.69,,202109,3222.521127
8,小蚂蚁,7433,奇瑞新能源,5.99 - 7.69,,202110,3222.521127
8,小蚂蚁,9291,奇瑞新能源,5.99 - 7.69,,202111,3222.521127
9,小蚂蚁,10141,奇瑞新能源,5.99 - 7.69,,202112,3222.521127
11,小蚂蚁,9412,奇瑞新能源,5.99 - 7.69,,202201,3222.521127
17,小蚂蚁,3735,奇瑞新能源,5.99 - 7.69,,202202,3222.521127
15,小蚂蚁,8240,奇瑞新能源,5.99 - 7.69,,202203,3222.521127
11,小蚂蚁,6086,奇瑞新能源,5.99 - 7.69,,202204,3222.521127
9,小蚂蚁,9754,奇瑞新能源,5.99 - 7.69,,202205,3222.521127
11,小蚂蚁,9692,奇瑞新能源,5.99 - 7.69,,202206,3222.521127
11,小蚂蚁,11489,奇瑞新能源,5.99 - 7.69,,202207,3222.521127
14,小蚂蚁,10037,奇瑞新能源,5.99 - 7.69,,202208,3222.521127
14,小蚂蚁,9292,奇瑞新能源,5.99 - 7.69,,202209,3222.521127
17,小蚂蚁,9940,奇瑞新能源,5.99 - 7.69,,202210,3222.521127
31,小蚂蚁,4020,奇瑞新能源,5.99 - 7.69,,202211,3222.521127
40,小蚂蚁,3972,奇瑞新能源,5.99 - 7.69,,202212,3222.521127
55,小蚂蚁,1035,奇瑞新能源,5.99 - 7.69,,202301,3222.521127
36,小蚂蚁,2128,奇瑞新能源,5.99 - 7.69,,202302,3222.521127
48,小蚂蚁,1872,奇瑞新能源,5.99 - 7.69,,202303,3222.521127
42,小蚂蚁,2439,奇瑞新能源,5.99 - 7.69,,202304,3222.521127
61,小蚂蚁,1429,奇瑞新能源,5.99 - 7.69,,202305,3222.521127
71,小蚂蚁,1541,奇瑞新能源,5.99 - 7.69,,202306,3222.521127
60,小蚂蚁,2110,奇瑞新能源,5.99 - 7.69,,202307,3222.521127
53,小蚂蚁,2320,奇瑞新能源,5.99 - 7.69,,202308,3222.521127
53,小蚂蚁,2684,奇瑞新能源,5.99 - 7.69,,202309,3222.521127
63,小蚂蚁,2439,奇瑞新能源,5.99 - 7.69,,202310,3222.521127
51,小蚂蚁,3275,奇瑞新能源,5.99 - 7.69,,202311,3222.521127
57,小蚂蚁,3478,奇瑞新能源,5.99 - 7.69,,202312,3222.521127
88,小蚂蚁,1256,奇瑞新能源,5.99 - 7.69,,202401,3222.521127
77,小蚂蚁,1020,奇瑞新能源,5.99 - 7.69,,202402,3222.521127
85,小蚂蚁,1479,奇瑞新能源,5.99 - 7.69,,202403,3222.521127
83,小蚂蚁,1654,奇瑞新能源,5.99 - 7.69,,202404,3222.521127
75,小蚂蚁,2300,奇瑞新能源,5.99 - 7.69,,202405,3222.521127
100,小蚂蚁,1447,奇瑞新能源,5.99 - 7.69,,202406,3222.521127
93,小蚂蚁,1792,奇瑞新能源,5.99 - 7.69,,202407,3222.521127
87,小蚂蚁,2524,奇瑞新能源,5.99 - 7.69,,202408,3222.521127
80,小蚂蚁,2928,奇瑞新能源,5.99 - 7.69,,202409,3222.521127
68,小蚂蚁,4198,奇瑞新能源,5.99 - 7.69,,202410,3222.521127
73,小蚂蚁,4785,奇瑞新能源,5.99 - 7.69,,202411,3222.521127
167,长安启源Q05,338,长安启源,9.69 - 12.79,,202312,3210.363636
52,长安启源Q05,1749,长安启源,9.69 - 12.79,,202402,3210.363636
34,长安启源Q05,4751,长安启源,9.69 - 12.79,,202403,3210.363636
50,长安启源Q05,3241,长安启源,9.69 - 12.79,,202404,3210.363636
49,长安启源Q05,4063,长安启源,9.69 - 12.79,,202405,3210.363636
56,长安启源Q05,4196,长安启源,9.69 - 12.79,,202406,3210.363636
72,长安启源Q05,2672,长安启源,9.69 - 12.79,,202407,3210.363636
66,长安启源Q05,3503,长安启源,9.69 - 12.79,,202408,3210.363636
72,长安启源Q05,3628,长安启源,9.69 - 12.79,,202409,3210.363636
79,长安启源Q05,3478,长安启源,9.69 - 12.79,,202410,3210.363636
88,长安启源Q05,3695,长安启源,9.69 - 12.79,,202411,3210.363636
1,普锐斯,5015,一汽丰田,0.00 - 0.00,,201401,3151.807692
2,普锐斯,152,一汽丰田,0.00 - 0.00,,201402,3151.807692
2,普锐斯,97,一汽丰田,0.00 - 0.00,,201403,3151.807692
1,普锐斯,4126,一汽丰田,0.00 - 0.00,,201404,3151.807692
1,普锐斯,3689,一汽丰田,0.00 - 0.00,,201405,3151.807692
1,普锐斯,4607,一汽丰田,0.00 - 0.00,,201406,3151.807692
2,普锐斯,2715,一汽丰田,0.00 - 0.00,,201407,3151.807692
1,普锐斯,2965,一汽丰田,0.00 - 0.00,,201408,3151.807692
1,普锐斯,2520,一汽丰田,0.00 - 0.00,,201409,3151.807692
1,普锐斯,2080,一汽丰田,0.00 - 0.00,,201410,3151.807692
1,普锐斯,1872,一汽丰田,0.00 - 0.00,,201411,3151.807692
2,普锐斯,2575,一汽丰田,0.00 - 0.00,,201412,3151.807692
2,普锐斯,2352,一汽丰田,0.00 - 0.00,,201501,3151.807692
2,普锐斯,2051,一汽丰田,0.00 - 0.00,,201502,3151.807692
2,普锐斯,1920,一汽丰田,0.00 - 0.00,,201503,3151.807692
2,普锐斯,2122,一汽丰田,0.00 - 0.00,,201504,3151.807692
1,普锐斯,3096,一汽丰田,0.00 - 0.00,,201505,3151.807692
1,普锐斯,4537,一汽丰田,0.00 - 0.00,,201506,3151.807692
1,普锐斯,4097,一汽丰田,0.00 - 0.00,,201507,3151.807692
1,普锐斯,3274,一汽丰田,0.00 - 0.00,,201508,3151.807692
2,普锐斯,3112,一汽丰田,0.00 - 0.00,,201509,3151.807692
1,普锐斯,3368,一汽丰田,0.00 - 0.00,,201510,3151.807692
1,普锐斯,5292,一汽丰田,0.00 - 0.00,,201511,3151.807692
1,普锐斯,7707,一汽丰田,0.00 - 0.00,,201512,3151.807692
1,普锐斯,6606,一汽丰田,0.00 - 0.00,,201601,3151.807692
29,普锐斯,0,一汽丰田,0.00 - 0.00,,201712,3151.807692
252,海狮05 DM-i,78,比亚迪,11.28 - 14.28,,202409,3055.333333
81,海狮05 DM-i,3452,比亚迪,11.28 - 14.28,,202410,3055.333333
63,海狮05 DM-i,5636,比亚迪,11.28 - 14.28,,202411,3055.333333
107,长安启源A05,884,长安启源,7.89 - 13.69,,202310,2924.785714
86,长安启源A05,1445,长安启源,7.89 - 13.69,,202311,2924.785714
72,长安启源A05,2529,长安启源,7.89 - 13.69,,202312,2924.785714
55,长安启源A05,2921,长安启源,7.89 - 13.69,,202401,2924.785714
32,长安启源A05,2987,长安启源,7.89 - 13.69,,202402,2924.785714
27,长安启源A05,5622,长安启源,7.89 - 13.69,,202403,2924.785714
53,长安启源A05,3165,长安启源,7.89 - 13.69,,202404,2924.785714
57,长安启源A05,3356,长安启源,7.89 - 13.69,,202405,2924.785714
49,长安启源A05,5041,长安启源,7.89 - 13.69,,202406,2924.785714
80,长安启源A05,2394,长安启源,7.89 - 13.69,,202407,2924.785714
69,长安启源A05,3300,长安启源,7.89 - 13.69,,202408,2924.785714
84,长安启源A05,2719,长安启源,7.89 - 13.69,,202409,2924.785714
120,长安启源A05,1912,长安启源,7.89 - 13.69,,202410,2924.785714
102,长安启源A05,2672,长安启源,7.89 - 13.69,,202411,2924.785714
66,纳米01,1884,东风汽车,7.48 - 13.98,,202401,2877.636364
57,纳米01,1668,东风汽车,7.48 - 13.98,,202402,2877.636364
96,纳米01,1188,东风汽车,7.48 - 13.98,,202403,2877.636364
78,纳米01,1802,东风汽车,7.48 - 13.98,,202404,2877.636364
76,纳米01,2245,东风汽车,7.48 - 13.98,,202405,2877.636364
77,纳米01,2251,东风汽车,7.48 - 13.98,,202406,2877.636364
71,纳米01,2708,东风汽车,7.48 - 13.98,,202407,2877.636364
67,纳米01,3460,东风汽车,7.48 - 13.98,,202408,2877.636364
67,纳米01,3781,东风汽车,7.48 - 13.98,,202409,2877.636364
63,纳米01,4858,东风汽车,7.48 - 13.98,,202410,2877.636364
61,纳米01,5809,东风汽车,7.48 - 13.98,,202411,2877.636364
137,蔚来ET5,221,蔚来,29.80 - 35.60,,202209,2847.592593
78,蔚来ET5,1030,蔚来,29.80 - 35.60,,202210,2847.592593
47,蔚来ET5,2968,蔚来,29.80 - 35.60,,202211,2847.592593
20,蔚来ET5,7594,蔚来,29.80 - 35.60,,202212,2847.592593
16,蔚来ET5,5795,蔚来,29.80 - 35.60,,202301,2847.592593
17,蔚来ET5,6471,蔚来,29.80 - 35.60,,202302,2847.592593
17,蔚来ET5,6437,蔚来,29.80 - 35.60,,202303,2847.592593
28,蔚来ET5,4293,蔚来,29.80 - 35.60,,202304,2847.592593
34,蔚来ET5,3224,蔚来,29.80 - 35.60,,202305,2847.592593
52,蔚来ET5,2479,蔚来,29.80 - 35.60,,202306,2847.592593
57,蔚来ET5,2337,蔚来,29.80 - 35.60,,202307,2847.592593
47,蔚来ET5,2882,蔚来,29.80 - 35.60,,202308,2847.592593
86,蔚来ET5,1299,蔚来,29.80 - 35.60,,202309,2847.592593
84,蔚来ET5,1551,蔚来,29.80 - 35.60,,202310,2847.592593
75,蔚来ET5,1913,蔚来,29.80 - 35.60,,202311,2847.592593
81,蔚来ET5,2167,蔚来,29.80 - 35.60,,202312,2847.592593
86,蔚来ET5,1330,蔚来,29.80 - 35.60,,202401,2847.592593
69,蔚来ET5,1249,蔚来,29.80 - 35.60,,202402,2847.592593
63,蔚来ET5,2214,蔚来,29.80 - 35.60,,202403,2847.592593
67,蔚来ET5,2283,蔚来,29.80 - 35.60,,202404,2847.592593
71,蔚来ET5,2497,蔚来,29.80 - 35.60,,202405,2847.592593
68,蔚来ET5,2979,蔚来,29.80 - 35.60,,202406,2847.592593
73,蔚来ET5,2672,蔚来,29.80 - 35.60,,202407,2847.592593
82,蔚来ET5,2705,蔚来,29.80 - 35.60,,202408,2847.592593
99,蔚来ET5,2378,蔚来,29.80 - 35.60,,202409,2847.592593
111,蔚来ET5,2042,蔚来,29.80 - 35.60,,202410,2847.592593
123,蔚来ET5,1875,蔚来,29.80 - 35.60,,202411,2847.592593
79,哪吒L,1768,合众汽车,12.99 - 18.29,,202404,2836.375
52,哪吒L,3732,合众汽车,12.99 - 18.29,,202405,2836.375
46,哪吒L,5283,合众汽车,12.99 - 18.29,,202406,2836.375
42,哪吒L,5628,合众汽车,12.99 - 18.29,,202407,2836.375
107,哪吒L,1489,合众汽车,12.99 - 18.29,,202408,2836.375
93,哪吒L,2600,合众汽车,12.99 - 18.29,,202409,2836.375
114,哪吒L,1990,合众汽车,12.99 - 18.29,,202410,2836.375
220,哪吒L,201,合众汽车,12.99 - 18.29,,202411,2836.375
67,星纪元 ET,2770,星途,18.98 - 31.98,,202405,2784.285714
59,星纪元 ET,4100,星途,18.98 - 31.98,,202406,2784.285714
59,星纪元 ET,3450,星途,18.98 - 31.98,,202407,2784.285714
101,星纪元 ET,1744,星途,18.98 - 31.98,,202408,2784.285714
94,星纪元 ET,2572,星途,18.98 - 31.98,,202409,2784.285714
102,星纪元 ET,2302,星途,18.98 - 31.98,,202410,2784.285714
103,星纪元 ET,2552,星途,18.98 - 31.98,,202411,2784.285714
84,荣威D7,1603,上汽集团,12.38 - 20.08,,202311,2784
44,荣威D7,5007,上汽集团,12.38 - 20.08,,202312,2784
30,荣威D7,6001,上汽集团,12.38 - 20.08,,202401,2784
70,荣威D7,1216,上汽集团,12.38 - 20.08,,202402,2784
87,荣威D7,1435,上汽集团,12.38 - 20.08,,202403,2784
47,荣威D7,3690,上汽集团,12.38 - 20.08,,202404,2784
58,荣威D7,3345,上汽集团,12.38 - 20.08,,202405,2784
90,荣威D7,1726,上汽集团,12.38 - 20.08,,202406,2784
79,荣威D7,2433,上汽集团,12.38 - 20.08,,202407,2784
89,荣威D7,2502,上汽集团,12.38 - 20.08,,202408,2784
81,荣威D7,2921,上汽集团,12.38 - 20.08,,202409,2784
107,荣威D7,2227,上汽集团,12.38 - 20.08,,202410,2784
118,荣威D7,2086,上汽集团,12.38 - 20.08,,202411,2784
90,捷途山海L7,2658,奇瑞汽车,12.98 - 16.38,,202409,2766.666667
92,捷途山海L7,2762,奇瑞汽车,12.98 - 16.38,,202410,2766.666667
100,捷途山海L7,2880,奇瑞汽车,12.98 - 16.38,,202411,2766.666667
54,银河E8,3058,吉利汽车,16.58 - 22.88,,202401,2748.545455
43,银河E8,2089,吉利汽车,16.58 - 22.88,,202402,2748.545455
57,银河E8,2541,吉利汽车,16.58 - 22.88,,202403,2748.545455
71,银河E8,2173,吉利汽车,16.58 - 22.88,,202404,2748.545455
72,银河E8,2476,吉利汽车,16.58 - 22.88,,202405,2748.545455
67,银河E8,3077,吉利汽车,16.58 - 22.88,,202406,2748.545455
64,银河E8,3076,吉利汽车,16.58 - 22.88,,202407,2748.545455
84,银河E8,2640,吉利汽车,16.58 - 22.88,,202408,2748.545455
85,银河E8,2718,吉利汽车,16.58 - 22.88,,202409,2748.545455
94,银河E8,2705,吉利汽车,16.58 - 22.88,,202410,2748.545455
89,银河E8,3681,吉利汽车,16.58 - 22.88,,202411,2748.545455
94,eπ007,1220,东风乘用车,13.16 - 19.96,,202403,2732.222222
59,eπ007,2795,东风乘用车,13.16 - 19.96,,202404,2732.222222
63,eπ007,3032,东风乘用车,13.16 - 19.96,,202405,2732.222222
73,eπ007,2426,东风乘用车,13.16 - 19.96,,202406,2732.222222
87,eπ007,1962,东风乘用车,13.16 - 19.96,,202407,2732.222222
85,eπ007,2576,东风乘用车,13.16 - 19.96,,202408,2732.222222
76,eπ007,3274,东风乘用车,13.16 - 19.96,,202409,2732.222222
77,eπ007,3899,东风乘用车,13.16 - 19.96,,202410,2732.222222
94,eπ007,3406,东风乘用车,13.16 - 19.96,,202411,2732.222222
64,宝马iX3,172,华晨宝马,40.50 - 44.50,,202010,2723.816327
44,宝马iX3,637,华晨宝马,40.50 - 44.50,,202011,2723.816327
26,宝马iX3,1844,华晨宝马,40.50 - 44.50,,202012,2723.816327
19,宝马iX3,1513,华晨宝马,40.50 - 44.50,,202101,2723.816327
10,宝马iX3,2159,华晨宝马,40.50 - 44.50,,202102,2723.816327
9,宝马iX3,3519,华晨宝马,40.50 - 44.50,,202103,2723.816327
11,宝马iX3,3552,华晨宝马,40.50 - 44.50,,202104,2723.816327
15,宝马iX3,2621,华晨宝马,40.50 - 44.50,,202105,2723.816327
12,宝马iX3,4384,华晨宝马,40.50 - 44.50,,202106,2723.816327
163,宝马iX3,0,华晨宝马,40.50 - 44.50,,202107,2723.816327
13,宝马iX3,4584,华晨宝马,40.50 - 44.50,,202108,2723.816327
18,宝马iX3,4399,华晨宝马,40.50 - 44.50,,202109,2723.816327
16,宝马iX3,4384,华晨宝马,40.50 - 44.50,,202110,2723.816327
18,宝马iX3,4824,华晨宝马,40.50 - 44.50,,202111,2723.816327
24,宝马iX3,5104,华晨宝马,40.50 - 44.50,,202112,2723.816327
50,宝马iX3,1556,华晨宝马,40.50 - 44.50,,202201,2723.816327
47,宝马iX3,1424,华晨宝马,40.50 - 44.50,,202202,2723.816327
39,宝马iX3,2704,华晨宝马,40.50 - 44.50,,202203,2723.816327
75,宝马iX3,550,华晨宝马,40.50 - 44.50,,202204,2723.816327
41,宝马iX3,2212,华晨宝马,40.50 - 44.50,,202205,2723.816327
50,宝马iX3,2262,华晨宝马,40.50 - 44.50,,202206,2723.816327
42,宝马iX3,3141,华晨宝马,40.50 - 44.50,,202207,2723.816327
62,宝马iX3,1782,华晨宝马,40.50 - 44.50,,202208,2723.816327
64,宝马iX3,1926,华晨宝马,40.50 - 44.50,,202209,2723.816327
37,宝马iX3,3103,华晨宝马,40.50 - 44.50,,202210,2723.816327
23,宝马iX3,4990,华晨宝马,40.50 - 44.50,,202211,2723.816327
48,宝马iX3,3563,华晨宝马,40.50 - 44.50,,202212,2723.816327
29,宝马iX3,2263,华晨宝马,40.50 - 44.50,,202301,2723.816327
27,宝马iX3,2859,华晨宝马,40.50 - 44.50,,202302,2723.816327
26,宝马iX3,3864,华晨宝马,40.50 - 44.50,,202303,2723.816327
30,宝马iX3,4202,华晨宝马,40.50 - 44.50,,202304,2723.816327
37,宝马iX3,3835,华晨宝马,40.50 - 44.50,,202306,2723.816327
49,宝马iX3,2861,华晨宝马,40.50 - 44.50,,202307,2723.816327
48,宝马iX3,2652,华晨宝马,40.50 - 44.50,,202308,2723.816327
52,宝马iX3,2847,华晨宝马,40.50 - 44.50,,202309,2723.816327
57,宝马iX3,2659,华晨宝马,40.50 - 44.50,,202310,2723.816327
50,宝马iX3,3281,华晨宝马,40.50 - 44.50,,202311,2723.816327
53,宝马iX3,3982,华晨宝马,40.50 - 44.50,,202312,2723.816327
49,宝马iX3,3769,华晨宝马,40.50 - 44.50,,202401,2723.816327
41,宝马iX3,2177,华晨宝马,40.50 - 44.50,,202402,2723.816327
42,宝马iX3,3659,华晨宝马,40.50 - 44.50,,202403,2723.816327
49,宝马iX3,3317,华晨宝马,40.50 - 44.50,,202404,2723.816327
82,宝马iX3,1902,华晨宝马,40.50 - 44.50,,202405,2723.816327
108,宝马iX3,1135,华晨宝马,40.50 - 44.50,,202406,2723.816327
89,宝马iX3,1896,华晨宝马,40.50 - 44.50,,202407,2723.816327
110,宝马iX3,1421,华晨宝马,40.50 - 44.50,,202408,2723.816327
115,宝马iX3,1662,华晨宝马,40.50 - 44.50,,202409,2723.816327
117,宝马iX3,1937,华晨宝马,40.50 - 44.50,,202410,2723.816327
111,宝马iX3,2378,华晨宝马,40.50 - 44.50,,202411,2723.816327
34,吉利几何E萤火虫,4033,吉利几何,5.98 - 8.98,,202206,2685.233333
27,吉利几何E萤火虫,5171,吉利几何,5.98 - 8.98,,202207,2685.233333
22,吉利几何E萤火虫,6320,吉利几何,5.98 - 8.98,,202208,2685.233333
25,吉利几何E萤火虫,5714,吉利几何,5.98 - 8.98,,202209,2685.233333
71,吉利几何E萤火虫,1496,吉利几何,5.98 - 8.98,,202210,2685.233333
57,吉利几何E萤火虫,2271,吉利几何,5.98 - 8.98,,202211,2685.233333
34,吉利几何E萤火虫,4357,吉利几何,5.98 - 8.98,,202212,2685.233333
38,吉利几何E萤火虫,1522,吉利几何,5.98 - 8.98,,202301,2685.233333
42,吉利几何E萤火虫,1838,吉利几何,5.98 - 8.98,,202302,2685.233333
65,吉利几何E萤火虫,1092,吉利几何,5.98 - 8.98,,202303,2685.233333
41,吉利几何E萤火虫,2632,吉利几何,5.98 - 8.98,,202304,2685.233333
60,吉利几何E萤火虫,1493,吉利几何,5.98 - 8.98,,202305,2685.233333
73,吉利几何E萤火虫,1470,吉利几何,5.98 - 8.98,,202306,2685.233333
69,吉利几何E萤火虫,1591,吉利几何,5.98 - 8.98,,202307,2685.233333
45,吉利几何E萤火虫,3297,吉利几何,5.98 - 8.98,,202308,2685.233333
38,吉利几何E萤火虫,4332,吉利几何,5.98 - 8.98,,202309,2685.233333
37,吉利几何E萤火虫,4578,吉利几何,5.98 - 8.98,,202310,2685.233333
44,吉利几何E萤火虫,4192,吉利几何,5.98 - 8.98,,202311,2685.233333
50,吉利几何E萤火虫,4094,吉利几何,5.98 - 8.98,,202312,2685.233333
44,吉利几何E萤火虫,4045,吉利几何,5.98 - 8.98,,202401,2685.233333
44,吉利几何E萤火虫,2044,吉利几何,5.98 - 8.98,,202402,2685.233333
81,吉利几何E萤火虫,1489,吉利几何,5.98 - 8.98,,202403,2685.233333
77,吉利几何E萤火虫,1852,吉利几何,5.98 - 8.98,,202404,2685.233333
77,吉利几何E萤火虫,2111,吉利几何,5.98 - 8.98,,202405,2685.233333
87,吉利几何E萤火虫,1916,吉利几何,5.98 - 8.98,,202406,2685.233333
95,吉利几何E萤火虫,1661,吉利几何,5.98 - 8.98,,202407,2685.233333
99,吉利几何E萤火虫,1833,吉利几何,5.98 - 8.98,,202408,2685.233333
108,吉利几何E萤火虫,1980,吉利几何,5.98 - 8.98,,202409,2685.233333
243,吉利几何E萤火虫,88,吉利几何,5.98 - 8.98,,202410,2685.233333
263,吉利几何E萤火虫,45,吉利几何,5.98 - 8.98,,202411,2685.233333
116,eπ008,1016,东风乘用车,20.66 - 21.66,,202406,2664.333333
66,eπ008,3044,东风乘用车,20.66 - 21.66,,202407,2664.333333
80,eπ008,2768,东风乘用车,20.66 - 21.66,,202408,2664.333333
82,eπ008,2847,东风乘用车,20.66 - 21.66,,202409,2664.333333
88,eπ008,3111,东风乘用车,20.66 - 21.66,,202410,2664.333333
96,eπ008,3200,东风乘用车,20.66 - 21.66,,202411,2664.333333
155,深蓝L07,761,深蓝汽车,15.19 - 17.39,,202409,2613.666667
83,深蓝L07,3328,深蓝汽车,15.19 - 17.39,,202410,2613.666667
87,深蓝L07,3752,深蓝汽车,15.19 - 17.39,,202411,2613.666667
136,腾势Z9GT,1172,腾势汽车,33.48 - 41.48,,202409,2606
89,腾势Z9GT,3089,腾势汽车,33.48 - 41.48,,202410,2606
93,腾势Z9GT,3557,腾势汽车,33.48 - 41.48,,202411,2606
184,海豹06GT,513,比亚迪,13.68 - 18.68,,202410,2597.5
75,海豹06GT,4682,比亚迪,13.68 - 18.68,,202411,2597.5
12,宋新能源,218,比亚迪,0.00 - 0.00,,201704,2597.472727
6,宋新能源,2121,比亚迪,0.00 - 0.00,,201705,2597.472727
1,宋新能源,4741,比亚迪,0.00 - 0.00,,201706,2597.472727
1,宋新能源,6616,比亚迪,0.00 - 0.00,,201707,2597.472727
2,宋新能源,5434,比亚迪,0.00 - 0.00,,201708,2597.472727
3,宋新能源,4117,比亚迪,0.00 - 0.00,,201709,2597.472727
3,宋新能源,3328,比亚迪,0.00 - 0.00,,201710,2597.472727
5,宋新能源,3367,比亚迪,0.00 - 0.00,,201711,2597.472727
4,宋新能源,4821,比亚迪,0.00 - 0.00,,201712,2597.472727
3,宋新能源,2681,比亚迪,0.00 - 0.00,,201801,2597.472727
2,宋新能源,4418,比亚迪,0.00 - 0.00,,201802,2597.472727
3,宋新能源,4696,比亚迪,0.00 - 0.00,,201803,2597.472727
7,宋新能源,3137,比亚迪,0.00 - 0.00,,201804,2597.472727
7,宋新能源,3268,比亚迪,0.00 - 0.00,,201805,2597.472727
4,宋新能源,3372,比亚迪,0.00 - 0.00,,201806,2597.472727
8,宋新能源,2516,比亚迪,0.00 - 0.00,,201807,2597.472727
11,宋新能源,1999,比亚迪,0.00 - 0.00,,201808,2597.472727
9,宋新能源,3146,比亚迪,0.00 - 0.00,,201809,2597.472727
8,宋新能源,4238,比亚迪,0.00 - 0.00,,201810,2597.472727
9,宋新能源,4310,比亚迪,0.00 - 0.00,,201811,2597.472727
8,宋新能源,5853,比亚迪,0.00 - 0.00,,201812,2597.472727
8,宋新能源,2858,比亚迪,0.00 - 0.00,,201901,2597.472727
9,宋新能源,1769,比亚迪,0.00 - 0.00,,201902,2597.472727
18,宋新能源,1612,比亚迪,0.00 - 0.00,,201903,2597.472727
18,宋新能源,1412,比亚迪,0.00 - 0.00,,201904,2597.472727
18,宋新能源,1534,比亚迪,0.00 - 0.00,,201905,2597.472727
20,宋新能源,1759,比亚迪,0.00 - 0.00,,201906,2597.472727
65,宋新能源,0,比亚迪,0.00 - 0.00,,201907,2597.472727
81,宋新能源,0,比亚迪,0.00 - 0.00,,201908,2597.472727
77,宋新能源,0,比亚迪,0.00 - 0.00,,201909,2597.472727
83,宋新能源,0,比亚迪,0.00 - 0.00,,201910,2597.472727
86,宋新能源,0,比亚迪,0.00 - 0.00,,201911,2597.472727
104,宋新能源,0,比亚迪,0.00 - 0.00,,201912,2597.472727
93,宋新能源,0,比亚迪,0.00 - 0.00,,202001,2597.472727
79,宋新能源,0,比亚迪,0.00 - 0.00,,202002,2597.472727
101,宋新能源,0,比亚迪,0.00 - 0.00,,202003,2597.472727
120,宋新能源,0,比亚迪,0.00 - 0.00,,202005,2597.472727
105,宋新能源,0,比亚迪,0.00 - 0.00,,202006,2597.472727
152,宋新能源,0,比亚迪,0.00 - 0.00,,202006,2597.472727
121,宋新能源,0,比亚迪,0.00 - 0.00,,202007,2597.472727
161,宋新能源,0,比亚迪,0.00 - 0.00,,202007,2597.472727
21,宋新能源,1391,比亚迪,0.00 - 0.00,,202009,2597.472727
19,宋新能源,1609,比亚迪,0.00 - 0.00,,202010,2597.472727
17,宋新能源,2200,比亚迪,0.00 - 0.00,,202011,2597.472727
25,宋新能源,1908,比亚迪,0.00 - 0.00,,202012,2597.472727
30,宋新能源,717,比亚迪,0.00 - 0.00,,202101,2597.472727
50,宋新能源,172,比亚迪,0.00 - 0.00,,202102,2597.472727
35,宋新能源,906,比亚迪,0.00 - 0.00,,202103,2597.472727
15,宋新能源,2864,比亚迪,0.00 - 0.00,,202104,2597.472727
7,宋新能源,4628,比亚迪,0.00 - 0.00,,202105,2597.472727
7,宋新能源,7435,比亚迪,0.00 - 0.00,,202106,2597.472727
26,宋新能源,2605,比亚迪,0.00 - 0.00,,202107,2597.472727
5,宋新能源,12305,比亚迪,0.00 - 0.00,,202108,2597.472727
5,宋新能源,14780,比亚迪,0.00 - 0.00,,202109,2597.472727
156,宋新能源,0,比亚迪,0.00 - 0.00,,202110,2597.472727
171,宋新能源,0,比亚迪,0.00 - 0.00,,202111,2597.472727
164,宋新能源,0,比亚迪,0.00 - 0.00,,202112,2597.472727
175,极狐 阿尔法T5(ARCFOX αT5),163,北汽新能源,15.58 - 19.98,,202311,2597.461538
119,极狐 阿尔法T5(ARCFOX αT5),855,北汽新能源,15.58 - 19.98,,202312,2597.461538
133,极狐 阿尔法T5(ARCFOX αT5),503,北汽新能源,15.58 - 19.98,,202401,2597.461538
192,极狐 阿尔法T5(ARCFOX αT5),65,北汽新能源,15.58 - 19.98,,202402,2597.461538
73,极狐 阿尔法T5(ARCFOX αT5),1765,北汽新能源,15.58 - 19.98,,202403,2597.461538
76,极狐 阿尔法T5(ARCFOX αT5),1892,北汽新能源,15.58 - 19.98,,202404,2597.461538
53,极狐 阿尔法T5(ARCFOX αT5),3731,北汽新能源,15.58 - 19.98,,202405,2597.461538
62,极狐 阿尔法T5(ARCFOX αT5),3702,北汽新能源,15.58 - 19.98,,202406,2597.461538
50,极狐 阿尔法T5(ARCFOX αT5),4688,北汽新能源,15.58 - 19.98,,202407,2597.461538
57,极狐 阿尔法T5(ARCFOX αT5),4260,北汽新能源,15.58 - 19.98,,202408,2597.461538
60,极狐 阿尔法T5(ARCFOX αT5),4520,北汽新能源,15.58 - 19.98,,202409,2597.461538
84,极狐 阿尔法T5(ARCFOX αT5),3313,北汽新能源,15.58 - 19.98,,202410,2597.461538
78,极狐 阿尔法T5(ARCFOX αT5),4310,北汽新能源,15.58 - 19.98,,202411,2597.461538
46,五菱NanoEV,1636,上汽通用五菱,5.68 - 6.68,,202111,2557
34,五菱NanoEV,3478,上汽通用五菱,5.68 - 6.68,,202112,2557
36,骏行,3740,国金汽车,15.98 - 15.98,,202206,2525
36,骏行,3885,国金汽车,15.98 - 15.98,,202207,2525
42,骏行,3720,国金汽车,15.98 - 15.98,,202208,2525
35,骏行,4200,国金汽车,15.98 - 15.98,,202209,2525
30,骏行,4550,国金汽车,15.98 - 15.98,,202210,2525
36,骏行,3550,国金汽车,15.98 - 15.98,,202211,2525
35,骏行,4355,国金汽车,15.98 - 15.98,,202212,2525
40,骏行,1500,国金汽车,15.98 - 15.98,,202301,2525
63,骏行,1000,国金汽车,15.98 - 15.98,,202302,2525
70,骏行,1000,国金汽车,15.98 - 15.98,,202303,2525
71,骏行,1000,国金汽车,15.98 - 15.98,,202304,2525
82,骏行,850,国金汽车,15.98 - 15.98,,202305,2525
84,骏行,1100,国金汽车,15.98 - 15.98,,202306,2525
92,骏行,900,国金汽车,15.98 - 15.98,,202307,2525
115,ID.4 X,0,上汽大众,15.99 - 28.34,,202102,2501.543478
44,ID.4 X,625,上汽大众,15.99 - 28.34,,202103,2501.543478
34,ID.4 X,922,上汽大众,15.99 - 28.34,,202104,2501.543478
33,ID.4 X,847,上汽大众,15.99 - 28.34,,202105,2501.543478
34,ID.4 X,1100,上汽大众,15.99 - 28.34,,202106,2501.543478
25,ID.4 X,2651,上汽大众,15.99 - 28.34,,202107,2501.543478
31,ID.4 X,1686,上汽大众,15.99 - 28.34,,202108,2501.543478
23,ID.4 X,3189,上汽大众,15.99 - 28.34,,202109,2501.543478
18,ID.4 X,4195,上汽大众,15.99 - 28.34,,202110,2501.543478
25,ID.4 X,3914,上汽大众,15.99 - 28.34,,202111,2501.543478
28,ID.4 X,4045,上汽大众,15.99 - 28.34,,202112,2501.543478
23,ID.4 X,4088,上汽大众,15.99 - 28.34,,202201,2501.543478
49,ID.4 X,1357,上汽大众,15.99 - 28.34,,202202,2501.543478
56,ID.4 X,1527,上汽大众,15.99 - 28.34,,202203,2501.543478
77,ID.4 X,539,上汽大众,15.99 - 28.34,,202204,2501.543478
42,ID.4 X,2201,上汽大众,15.99 - 28.34,,202205,2501.543478
28,ID.4 X,4571,上汽大众,15.99 - 28.34,,202206,2501.543478
28,ID.4 X,5144,上汽大众,15.99 - 28.34,,202207,2501.543478
33,ID.4 X,4561,上汽大众,15.99 - 28.34,,202208,2501.543478
63,ID.4 X,1933,上汽大众,15.99 - 28.34,,202209,2501.543478
39,ID.4 X,3034,上汽大众,15.99 - 28.34,,202210,2501.543478
28,ID.4 X,4074,上汽大众,15.99 - 28.34,,202211,2501.543478
47,ID.4 X,3608,上汽大众,15.99 - 28.34,,202212,2501.543478
51,ID.4 X,1135,上汽大众,15.99 - 28.34,,202301,2501.543478
79,ID.4 X,680,上汽大众,15.99 - 28.34,,202302,2501.543478
50,ID.4 X,1703,上汽大众,15.99 - 28.34,,202303,2501.543478
33,ID.4 X,3601,上汽大众,15.99 - 28.34,,202304,2501.543478
47,ID.4 X,2323,上汽大众,15.99 - 28.34,,202305,2501.543478
67,ID.4 X,1733,上汽大众,15.99 - 28.34,,202306,2501.543478
96,ID.4 X,841,上汽大众,15.99 - 28.34,,202307,2501.543478
73,ID.4 X,1665,上汽大众,15.99 - 28.34,,202308,2501.543478
51,ID.4 X,2867,上汽大众,15.99 - 28.34,,202309,2501.543478
53,ID.4 X,2917,上汽大众,15.99 - 28.34,,202310,2501.543478
63,ID.4 X,2747,上汽大众,15.99 - 28.34,,202311,2501.543478
85,ID.4 X,1950,上汽大众,15.99 - 28.34,,202312,2501.543478
75,ID.4 X,1625,上汽大众,15.99 - 28.34,,202401,2501.543478
74,ID.4 X,1100,上汽大众,15.99 - 28.34,,202402,2501.543478
70,ID.4 X,1933,上汽大众,15.99 - 28.34,,202403,2501.543478
65,ID.4 X,2350,上汽大众,15.99 - 28.34,,202404,2501.543478
66,ID.4 X,2800,上汽大众,15.99 - 28.34,,202405,2501.543478
69,ID.4 X,2760,上汽大众,15.99 - 28.34,,202406,2501.543478
63,ID.4 X,3120,上汽大众,15.99 - 28.34,,202407,2501.543478
64,ID.4 X,3710,上汽大众,15.99 - 28.34,,202408,2501.543478
73,ID.4 X,3437,上汽大众,15.99 - 28.34,,202409,2501.543478
71,ID.4 X,4155,上汽大众,15.99 - 28.34,,202410,2501.543478
84,ID.4 X,4108,上汽大众,15.99 - 28.34,,202411,2501.543478
30,smart精灵#1,4794,smart,15.49 - 28.49,,202212,2478.416667
24,smart精灵#1,3170,smart,15.49 - 28.49,,202301,2478.416667
22,smart精灵#1,3616,smart,15.49 - 28.49,,202302,2478.416667
19,smart精灵#1,5911,smart,15.49 - 28.49,,202303,2478.416667
27,smart精灵#1,4390,smart,15.49 - 28.49,,202304,2478.416667
41,smart精灵#1,2624,smart,15.49 - 28.49,,202305,2478.416667
48,smart精灵#1,2882,smart,15.49 - 28.49,,202306,2478.416667
65,smart精灵#1,1892,smart,15.49 - 28.49,,202307,2478.416667
71,smart精灵#1,1740,smart,15.49 - 28.49,,202308,2478.416667
73,smart精灵#1,1677,smart,15.49 - 28.49,,202309,2478.416667
69,smart精灵#1,2138,smart,15.49 - 28.49,,202310,2478.416667
78,smart精灵#1,1850,smart,15.49 - 28.49,,202311,2478.416667
84,smart精灵#1,2009,smart,15.49 - 28.49,,202312,2478.416667
99,smart精灵#1,978,smart,15.49 - 28.49,,202401,2478.416667
109,smart精灵#1,470,smart,15.49 - 28.49,,202402,2478.416667
98,smart精灵#1,1041,smart,15.49 - 28.49,,202403,2478.416667
90,smart精灵#1,1227,smart,15.49 - 28.49,,202404,2478.416667
70,smart精灵#1,2527,smart,15.49 - 28.49,,202405,2478.416667
78,smart精灵#1,2245,smart,15.49 - 28.49,,202406,2478.416667
84,smart精灵#1,2085,smart,15.49 - 28.49,,202407,2478.416667
77,smart精灵#1,2826,smart,15.49 - 28.49,,202408,2478.416667
100,smart精灵#1,2358,smart,15.49 - 28.49,,202409,2478.416667
97,smart精灵#1,2569,smart,15.49 - 28.49,,202410,2478.416667
108,smart精灵#1,2463,smart,15.49 - 28.49,,202411,2478.416667
107,豹8,2463,方程豹,37.98 - 40.78,,202411,2463
105,星海S7,2192,东风风行,11.98 - 18.49,,202409,2446.333333
90,星海S7,2935,东风风行,11.98 - 18.49,,202410,2446.333333
115,星海S7,2212,东风风行,11.98 - 18.49,,202411,2446.333333
110,马自达EZ-6,2445,长安马自达,13.98 - 17.98,,202411,2445
144,岚图梦想家,15,岚图汽车,32.99 - 63.99,,202203,2396.060606
134,岚图梦想家,28,岚图汽车,32.99 - 63.99,,202204,2396.060606
138,岚图梦想家,63,岚图汽车,32.99 - 63.99,,202205,2396.060606
131,岚图梦想家,125,岚图汽车,32.99 - 63.99,,202206,2396.060606
91,岚图梦想家,792,岚图汽车,32.99 - 63.99,,202207,2396.060606
67,岚图梦想家,1591,岚图汽车,32.99 - 63.99,,202208,2396.060606
76,岚图梦想家,1354,岚图汽车,32.99 - 63.99,,202209,2396.060606
73,岚图梦想家,1328,岚图汽车,32.99 - 63.99,,202210,2396.060606
87,岚图梦想家,1030,岚图汽车,32.99 - 63.99,,202211,2396.060606
88,岚图梦想家,1225,岚图汽车,32.99 - 63.99,,202212,2396.060606
66,岚图梦想家,683,岚图汽车,32.99 - 63.99,,202301,2396.060606
83,岚图梦想家,637,岚图汽车,32.99 - 63.99,,202302,2396.060606
51,岚图梦想家,1656,岚图汽车,32.99 - 63.99,,202303,2396.060606
50,岚图梦想家,1711,岚图汽车,32.99 - 63.99,,202304,2396.060606
56,岚图梦想家,1732,岚图汽车,32.99 - 63.99,,202305,2396.060606
81,岚图梦想家,1206,岚图汽车,32.99 - 63.99,,202306,2396.060606
64,岚图梦想家,1894,岚图汽车,32.99 - 63.99,,202307,2396.060606
57,岚图梦想家,2241,岚图汽车,32.99 - 63.99,,202308,2396.060606
58,岚图梦想家,2197,岚图汽车,32.99 - 63.99,,202309,2396.060606
48,岚图梦想家,3358,岚图汽车,32.99 - 63.99,,202310,2396.060606
47,岚图梦想家,3918,岚图汽车,32.99 - 63.99,,202311,2396.060606
42,岚图梦想家,5285,岚图汽车,32.99 - 63.99,,202312,2396.060606
51,岚图梦想家,3539,岚图汽车,32.99 - 63.99,,202401,2396.060606
63,岚图梦想家,1406,岚图汽车,32.99 - 63.99,,202402,2396.060606
52,岚图梦想家,3095,岚图汽车,32.99 - 63.99,,202403,2396.060606
57,岚图梦想家,2822,岚图汽车,32.99 - 63.99,,202404,2396.060606
60,岚图梦想家,3156,岚图汽车,32.99 - 63.99,,202405,2396.060606
66,岚图梦想家,3247,岚图汽车,32.99 - 63.99,,202406,2396.060606
62,岚图梦想家,3235,岚图汽车,32.99 - 63.99,,202407,2396.060606
70,岚图梦想家,3254,岚图汽车,32.99 - 63.99,,202408,2396.060606
55,岚图梦想家,5400,岚图汽车,32.99 - 63.99,,202409,2396.060606
38,岚图梦想家,7808,岚图汽车,32.99 - 63.99,,202410,2396.060606
40,岚图梦想家,8039,岚图汽车,32.99 - 63.99,,202411,2396.060606
13,秦新能源,1622,比亚迪,15.58 - 16.98,,201911,2362.557377
17,秦新能源,1669,比亚迪,15.58 - 16.98,,201912,2362.557377
6,秦新能源,1690,比亚迪,15.58 - 16.98,,202001,2362.557377
1,秦新能源,1531,比亚迪,15.58 - 16.98,,202002,2362.557377
1,秦新能源,5683,比亚迪,15.58 - 16.98,,202003,2362.557377
1,秦新能源,5632,比亚迪,15.58 - 16.98,,202004,2362.557377
4,秦新能源,3532,比亚迪,15.58 - 16.98,,202005,2362.557377
3,秦新能源,4883,比亚迪,15.58 - 16.98,,202006,2362.557377
4,秦新能源,3988,比亚迪,15.58 - 16.98,,202007,2362.557377
6,秦新能源,3029,比亚迪,15.58 - 16.98,,202008,2362.557377
19,秦新能源,1484,比亚迪,14.99 - 29.99,,202008,2362.557377
6,秦新能源,4095,比亚迪,15.58 - 16.98,,202009,2362.557377
5,秦新能源,4535,比亚迪,15.58 - 16.98,,202010,2362.557377
5,秦新能源,4955,比亚迪,15.58 - 16.98,,202011,2362.557377
6,秦新能源,4446,比亚迪,15.58 - 16.98,,202012,2362.557377
18,秦新能源,1559,比亚迪,15.58 - 16.98,,202101,2362.557377
18,秦新能源,1196,比亚迪,15.58 - 16.98,,202102,2362.557377
23,秦新能源,1715,比亚迪,15.58 - 16.98,,202103,2362.557377
30,秦新能源,1085,比亚迪,15.58 - 16.98,,202104,2362.557377
25,秦新能源,1470,比亚迪,15.58 - 16.98,,202105,2362.557377
29,秦新能源,1968,比亚迪,15.58 - 16.98,,202106,2362.557377
27,秦新能源,2279,比亚迪,15.58 - 16.98,,202107,2362.557377
30,秦新能源,1708,比亚迪,15.58 - 16.98,,202108,2362.557377
42,秦新能源,1428,比亚迪,15.58 - 16.98,,202109,2362.557377
38,秦新能源,1817,比亚迪,15.58 - 16.98,,202110,2362.557377
44,秦新能源,1898,比亚迪,15.58 - 16.98,,202111,2362.557377
49,秦新能源,1656,比亚迪,15.58 - 16.98,,202112,2362.557377
62,秦新能源,1006,比亚迪,15.58 - 16.98,,202201,2362.557377
36,秦新能源,1995,比亚迪,15.58 - 16.98,,202202,2362.557377
49,秦新能源,1855,比亚迪,15.58 - 16.98,,202203,2362.557377
21,秦新能源,3228,比亚迪,15.58 - 16.98,,202204,2362.557377
37,秦新能源,2810,比亚迪,15.58 - 16.98,,202205,2362.557377
39,秦新能源,3243,比亚迪,15.58 - 16.98,,202206,2362.557377
35,秦新能源,4021,比亚迪,15.58 - 16.98,,202207,2362.557377
39,秦新能源,3823,比亚迪,15.58 - 16.98,,202208,2362.557377
42,秦新能源,3457,比亚迪,15.58 - 16.98,,202209,2362.557377
51,秦新能源,2475,比亚迪,15.58 - 16.98,,202210,2362.557377
49,秦新能源,2822,比亚迪,15.58 - 16.98,,202211,2362.557377
54,秦新能源,3057,比亚迪,15.58 - 16.98,,202212,2362.557377
28,秦新能源,2595,比亚迪,15.58 - 16.98,,202301,2362.557377
24,秦新能源,3106,比亚迪,15.58 - 16.98,,202302,2362.557377
34,秦新能源,3015,比亚迪,15.58 - 16.98,,202303,2362.557377
40,秦新能源,2696,比亚迪,15.58 - 16.98,,202304,2362.557377
46,秦新能源,2350,比亚迪,15.58 - 16.98,,202305,2362.557377
51,秦新能源,2550,比亚迪,15.58 - 16.98,,202306,2362.557377
53,秦新能源,2540,比亚迪,15.58 - 16.98,,202307,2362.557377
60,秦新能源,2196,比亚迪,15.58 - 16.98,,202308,2362.557377
62,秦新能源,2070,比亚迪,15.58 - 16.98,,202309,2362.557377
74,秦新能源,2001,比亚迪,15.58 - 16.98,,202310,2362.557377
72,秦新能源,2088,比亚迪,15.58 - 16.98,,202311,2362.557377
65,秦新能源,2975,比亚迪,15.58 - 16.98,,202312,2362.557377
104,秦新能源,830,比亚迪,15.58 - 16.98,,202401,2362.557377
78,秦新能源,923,比亚迪,15.58 - 16.98,,202402,2362.557377
100,秦新能源,1010,比亚迪,15.58 - 16.98,,202403,2362.557377
95,秦新能源,1093,比亚迪,15.58 - 16.98,,202404,2362.557377
102,秦新能源,1156,比亚迪,15.58 - 16.98,,202405,2362.557377
162,秦新能源,455,比亚迪,15.58 - 16.98,,202406,2362.557377
152,秦新能源,621,比亚迪,15.58 - 16.98,,202407,2362.557377
178,秦新能源,431,比亚迪,15.58 - 16.98,,202408,2362.557377
197,秦新能源,356,比亚迪,15.58 - 16.98,,202409,2362.557377
197,秦新能源,360,比亚迪,15.58 - 16.98,,202410,2362.557377
195,秦新能源,354,比亚迪,15.58 - 16.98,,202411,2362.557377
22,宝骏E100,26,上汽通用五菱,4.98 - 5.48,,201707,2325.240741
17,宝骏E100,674,上汽通用五菱,4.98 - 5.48,,201708,2325.240741
12,宝骏E100,1562,上汽通用五菱,4.98 - 5.48,,201709,2325.240741
12,宝骏E100,1724,上汽通用五菱,4.98 - 5.48,,201710,2325.240741
12,宝骏E100,1915,上汽通用五菱,4.98 - 5.48,,201711,2325.240741
3,宝骏E100,5545,上汽通用五菱,4.98 - 5.48,,201712,2325.240741
19,宝骏E100,80,上汽通用五菱,4.98 - 5.48,,201801,2325.240741
7,宝骏E100,601,上汽通用五菱,4.98 - 5.48,,201802,2325.240741
11,宝骏E100,901,上汽通用五菱,4.98 - 5.48,,201803,2325.240741
5,宝骏E100,3760,上汽通用五菱,4.98 - 5.48,,201804,2325.240741
3,宝骏E100,4310,上汽通用五菱,4.98 - 5.48,,201805,2325.240741
14,宝骏E100,873,上汽通用五菱,4.98 - 5.48,,201806,2325.240741
20,宝骏E100,602,上汽通用五菱,4.98 - 5.48,,201807,2325.240741
18,宝骏E100,745,上汽通用五菱,4.98 - 5.48,,201808,2325.240741
20,宝骏E100,1043,上汽通用五菱,4.98 - 5.48,,201809,2325.240741
12,宝骏E100,3126,上汽通用五菱,4.98 - 5.48,,201810,2325.240741
6,宝骏E100,5155,上汽通用五菱,4.98 - 5.48,,201811,2325.240741
9,宝骏E100,4692,上汽通用五菱,4.98 - 5.48,,201812,2325.240741
3,宝骏E100,8312,上汽通用五菱,4.98 - 5.48,,201901,2325.240741
15,宝骏E100,1011,上汽通用五菱,4.98 - 5.48,,201902,2325.240741
26,宝骏E100,961,上汽通用五菱,4.98 - 5.48,,201903,2325.240741
16,宝骏E100,1488,上汽通用五菱,4.98 - 5.48,,201904,2325.240741
34,宝骏E100,546,上汽通用五菱,4.98 - 5.48,,201905,2325.240741
6,宝骏E100,4556,上汽通用五菱,4.98 - 5.48,,201906,2325.240741
2,宝骏E100,6328,上汽通用五菱,4.98 - 5.48,,201907,2325.240741
1,宝骏E100,8698,上汽通用五菱,4.98 - 5.48,,201908,2325.240741
2,宝骏E100,5353,上汽通用五菱,4.98 - 5.48,,201909,2325.240741
2,宝骏E100,4636,上汽通用五菱,4.98 - 5.48,,201910,2325.240741
1,宝骏E100,9809,上汽通用五菱,4.98 - 5.48,,201911,2325.240741
2,宝骏E100,8352,上汽通用五菱,4.98 - 5.48,,201912,2325.240741
10,宝骏E100,1417,上汽通用五菱,4.98 - 5.48,,202001,2325.240741
10,宝骏E100,335,上汽通用五菱,4.98 - 5.48,,202002,2325.240741
8,宝骏E100,1557,上汽通用五菱,4.98 - 5.48,,202003,2325.240741
6,宝骏E100,2042,上汽通用五菱,4.98 - 5.48,,202004,2325.240741
8,宝骏E100,2191,上汽通用五菱,4.98 - 5.48,,202005,2325.240741
4,宝骏E100,3259,上汽通用五菱,4.98 - 5.48,,202006,2325.240741
48,宝骏E100,266,上汽通用五菱,4.98 - 5.48,,202007,2325.240741
32,宝骏E100,716,上汽通用五菱,4.98 - 5.48,,202008,2325.240741
18,宝骏E100,1551,上汽通用五菱,4.98 - 5.48,,202009,2325.240741
13,宝骏E100,2184,上汽通用五菱,4.98 - 5.48,,202010,2325.240741
7,宝骏E100,4490,上汽通用五菱,4.98 - 5.48,,202011,2325.240741
9,宝骏E100,3651,上汽通用五菱,4.98 - 5.48,,202012,2325.240741
43,宝骏E100,478,上汽通用五菱,4.98 - 5.48,,202101,2325.240741
44,宝骏E100,217,上汽通用五菱,4.98 - 5.48,,202102,2325.240741
48,宝骏E100,534,上汽通用五菱,4.98 - 5.48,,202103,2325.240741
63,宝骏E100,257,上汽通用五菱,4.98 - 5.48,,202104,2325.240741
74,宝骏E100,152,上汽通用五菱,4.98 - 5.48,,202105,2325.240741
71,宝骏E100,230,上汽通用五菱,4.98 - 5.48,,202106,2325.240741
62,宝骏E100,330,上汽通用五菱,4.98 - 5.48,,202107,2325.240741
53,宝骏E100,664,上汽通用五菱,4.98 - 5.48,,202108,2325.240741
61,宝骏E100,499,上汽通用五菱,4.98 - 5.48,,202109,2325.240741
85,宝骏E100,198,上汽通用五菱,4.98 - 5.48,,202110,2325.240741
62,宝骏E100,952,上汽通用五菱,4.98 - 5.48,,202111,2325.240741
140,宝骏E100,9,上汽通用五菱,4.98 - 5.48,,202112,2325.240741
189,智界S7,115,LUXCEED 智界,22.98 - 34.98,,202311,2310.230769
123,智界S7,784,LUXCEED 智界,22.98 - 34.98,,202312,2310.230769
123,智界S7,604,LUXCEED 智界,22.98 - 34.98,,202401,2310.230769
82,智界S7,794,LUXCEED 智界,22.98 - 34.98,,202402,2310.230769
49,智界S7,3197,LUXCEED 智界,22.98 - 34.98,,202403,2310.230769
35,智界S7,5012,LUXCEED 智界,22.98 - 34.98,,202404,2310.230769
42,智界S7,5021,LUXCEED 智界,22.98 - 34.98,,202405,2310.230769
76,智界S7,2306,LUXCEED 智界,22.98 - 34.98,,202406,2310.230769
101,智界S7,1541,LUXCEED 智界,22.98 - 34.98,,202407,2310.230769
179,智界S7,425,LUXCEED 智界,22.98 - 34.98,,202408,2310.230769
95,智界S7,2522,LUXCEED 智界,22.98 - 34.98,,202409,2310.230769
42,智界S7,7397,LUXCEED 智界,22.98 - 34.98,,202410,2310.230769
202,智界S7,315,LUXCEED 智界,22.98 - 34.98,,202411,2310.230769
8,奇瑞eQ,1035,奇瑞新能源,15.99 - 17.19,,201704,2307.470588
8,奇瑞eQ,1660,奇瑞新能源,15.99 - 17.19,,201705,2307.470588
6,奇瑞eQ,2245,奇瑞新能源,15.99 - 17.19,,201708,2307.470588
5,奇瑞eQ,2596,奇瑞新能源,15.99 - 17.19,,201709,2307.470588
8,奇瑞eQ,1996,奇瑞新能源,15.99 - 17.19,,201710,2307.470588
4,奇瑞eQ,3372,奇瑞新能源,15.99 - 17.19,,201711,2307.470588
2,奇瑞eQ,5650,奇瑞新能源,15.99 - 17.19,,201712,2307.470588
5,奇瑞eQ,1396,奇瑞新能源,15.99 - 17.19,,201801,2307.470588
4,奇瑞eQ,2753,奇瑞新能源,15.99 - 17.19,,201802,2307.470588
5,奇瑞eQ,3279,奇瑞新能源,15.99 - 17.19,,201803,2307.470588
4,奇瑞eQ,3799,奇瑞新能源,15.99 - 17.19,,201804,2307.470588
8,奇瑞eQ,3055,奇瑞新能源,15.99 - 17.19,,201805,2307.470588
3,奇瑞eQ,3665,奇瑞新能源,15.99 - 17.19,,201807,2307.470588
3,奇瑞eQ,4613,奇瑞新能源,15.99 - 17.19,,201808,2307.470588
2,奇瑞eQ,5310,奇瑞新能源,15.99 - 17.19,,201809,2307.470588
7,奇瑞eQ,3375,奇瑞新能源,15.99 - 17.19,,201901,2307.470588
4,奇瑞eQ,3157,奇瑞新能源,15.99 - 17.19,,201902,2307.470588
11,奇瑞eQ,2838,奇瑞新能源,15.99 - 17.19,,201903,2307.470588
7,奇瑞eQ,4129,奇瑞新能源,15.99 - 17.19,,201904,2307.470588
5,奇瑞eQ,3818,奇瑞新能源,15.99 - 17.19,,201905,2307.470588
4,奇瑞eQ,4965,奇瑞新能源,15.99 - 17.19,,201906,2307.470588
6,奇瑞eQ,2405,奇瑞新能源,15.99 - 17.19,,201907,2307.470588
6,奇瑞eQ,2345,奇瑞新能源,15.99 - 17.19,,201908,2307.470588
6,奇瑞eQ,2584,奇瑞新能源,15.99 - 17.19,,201909,2307.470588
6,奇瑞eQ,2414,奇瑞新能源,15.99 - 17.19,,201910,2307.470588
81,奇瑞eQ,0,奇瑞新能源,15.99 - 17.19,,201911,2307.470588
114,奇瑞eQ,0,奇瑞新能源,15.99 - 17.19,,201912,2307.470588
119,奇瑞eQ,0,奇瑞新能源,15.99 - 17.19,,202001,2307.470588
113,奇瑞eQ,0,奇瑞新能源,15.99 - 17.19,,202002,2307.470588
98,奇瑞eQ,0,奇瑞新能源,15.99 - 17.19,,202003,2307.470588
134,奇瑞eQ,0,奇瑞新能源,15.99 - 17.19,,202003,2307.470588
130,奇瑞eQ,0,奇瑞新能源,15.99 - 17.19,,202005,2307.470588
104,奇瑞eQ,0,奇瑞新能源,15.99 - 17.19,,202006,2307.470588
151,奇瑞eQ,0,奇瑞新能源,15.99 - 17.19,,202006,2307.470588
137,奇瑞eQ,0,奇瑞新能源,15.99 - 17.19,,202007,2307.470588
117,奇瑞eQ,0,奇瑞新能源,15.99 - 17.19,,202008,2307.470588
66,名爵HS新能源,870,上汽集团,18.98 - 21.98,,202201,2288.125
58,名爵HS新能源,1048,上汽集团,18.98 - 21.98,,202202,2288.125
55,名爵HS新能源,1537,上汽集团,18.98 - 21.98,,202203,2288.125
87,名爵HS新能源,369,上汽集团,18.98 - 21.98,,202204,2288.125
38,名爵HS新能源,2526,上汽集团,18.98 - 21.98,,202205,2288.125
32,名爵HS新能源,4074,上汽集团,18.98 - 21.98,,202206,2288.125
38,名爵HS新能源,3797,上汽集团,18.98 - 21.98,,202207,2288.125
35,名爵HS新能源,4084,上汽集团,18.98 - 21.98,,202208,2288.125
89,阿维塔12,1820,阿维塔科技,26.58 - 42.99,,202312,2271.727273
65,阿维塔12,1315,阿维塔科技,26.58 - 42.99,,202402,2271.727273
51,阿维塔12,3106,阿维塔科技,26.58 - 42.99,,202403,2271.727273
45,阿维塔12,3733,阿维塔科技,26.58 - 42.99,,202404,2271.727273
69,阿维塔12,2704,阿维塔科技,26.58 - 42.99,,202405,2271.727273
85,阿维塔12,1959,阿维塔科技,26.58 - 42.99,,202406,2271.727273
98,阿维塔12,1596,阿维塔科技,26.58 - 42.99,,202407,2271.727273
103,阿维塔12,1657,阿维塔科技,26.58 - 42.99,,202408,2271.727273
106,阿维塔12,2156,阿维塔科技,26.58 - 42.99,,202409,2271.727273
113,阿维塔12,2003,阿维塔科技,26.58 - 42.99,,202410,2271.727273
99,阿维塔12,2940,阿维塔科技,26.58 - 42.99,,202411,2271.727273
91,五菱缤果PLUS,1375,上汽通用五菱,7.58 - 9.88,,202403,2214.111111
101,五菱缤果PLUS,1001,上汽通用五菱,7.58 - 9.88,,202404,2214.111111
136,五菱缤果PLUS,661,上汽通用五菱,7.58 - 9.88,,202405,2214.111111
151,五菱缤果PLUS,540,上汽通用五菱,7.58 - 9.88,,202406,2214.111111
113,五菱缤果PLUS,1193,上汽通用五菱,7.58 - 9.88,,202407,2214.111111
108,五菱缤果PLUS,1470,上汽通用五菱,7.58 - 9.88,,202408,2214.111111
102,五菱缤果PLUS,2343,上汽通用五菱,7.58 - 9.88,,202409,2214.111111
61,五菱缤果PLUS,5072,上汽通用五菱,7.58 - 9.88,,202410,2214.111111
52,五菱缤果PLUS,6272,上汽通用五菱,7.58 - 9.88,,202411,2214.111111
97,风云A8,1066,奇瑞汽车,10.99 - 14.99,,202401,2174.818182
91,风云A8,668,奇瑞汽车,10.99 - 14.99,,202402,2174.818182
95,风云A8,1191,奇瑞汽车,10.99 - 14.99,,202403,2174.818182
62,风云A8,2563,奇瑞汽车,10.99 - 14.99,,202404,2174.818182
65,风云A8,2869,奇瑞汽车,10.99 - 14.99,,202405,2174.818182
75,风云A8,2356,奇瑞汽车,10.99 - 14.99,,202406,2174.818182
65,风云A8,3054,奇瑞汽车,10.99 - 14.99,,202407,2174.818182
74,风云A8,2986,奇瑞汽车,10.99 - 14.99,,202408,2174.818182
96,风云A8,2471,奇瑞汽车,10.99 - 14.99,,202409,2174.818182
105,风云A8,2248,奇瑞汽车,10.99 - 14.99,,202410,2174.818182
109,风云A8,2451,奇瑞汽车,10.99 - 14.99,,202411,2174.818182
31,哪吒X,7091,合众汽车,8.98 - 15.98,,202311,2151.846154
217,哪吒X,10,合众汽车,8.98 - 15.98,,202312,2151.846154
38,哪吒X,4766,合众汽车,8.98 - 15.98,,202401,2151.846154
36,哪吒X,2338,合众汽车,8.98 - 15.98,,202402,2151.846154
108,哪吒X,824,合众汽车,8.98 - 15.98,,202403,2151.846154
113,哪吒X,773,合众汽车,8.98 - 15.98,,202404,2151.846154
152,哪吒X,492,合众汽车,8.98 - 15.98,,202405,2151.846154
98,哪吒X,1542,合众汽车,8.98 - 15.98,,202406,2151.846154
88,哪吒X,1945,合众汽车,8.98 - 15.98,,202407,2151.846154
93,哪吒X,2297,合众汽车,8.98 - 15.98,,202408,2151.846154
78,哪吒X,3085,合众汽车,8.98 - 15.98,,202409,2151.846154
116,哪吒X,1948,合众汽车,8.98 - 15.98,,202410,2151.846154
154,哪吒X,863,合众汽车,8.98 - 15.98,,202411,2151.846154
10,北京EU5,2057,北京汽车,12.99 - 17.19,,201911,2151.372881
3,北京EU5,7411,北京汽车,12.99 - 17.19,,201912,2151.372881
35,北京EU5,169,北京汽车,12.99 - 17.19,,202001,2151.372881
88,北京EU5,0,北京汽车,12.99 - 17.19,,202002,2151.372881
109,北京EU5,0,北京汽车,12.99 - 17.19,,202003,2151.372881
117,北京EU5,0,北京汽车,12.99 - 17.19,,202004,2151.372881
141,北京EU5,0,北京汽车,12.99 - 17.19,,202005,2151.372881
126,北京EU5,0,北京汽车,12.99 - 17.19,,202006,2151.372881
141,北京EU5,0,北京汽车,12.99 - 17.19,,202007,2151.372881
116,北京EU5,0,北京汽车,12.99 - 17.19,,202008,2151.372881
129,北京EU5,0,北京汽车,12.99 - 17.19,,202009,2151.372881
129,北京EU5,0,北京汽车,12.99 - 17.19,,202010,2151.372881
134,北京EU5,0,北京汽车,12.99 - 17.19,,202011,2151.372881
149,北京EU5,0,北京汽车,12.99 - 17.19,,202012,2151.372881
116,北京EU5,0,北京汽车,12.99 - 17.19,,202101,2151.372881
142,北京EU5,0,北京汽车,12.99 - 17.19,,202102,2151.372881
120,北京EU5,0,北京汽车,12.99 - 17.19,,202103,2151.372881
146,北京EU5,0,北京汽车,12.99 - 17.19,,202104,2151.372881
122,北京EU5,0,北京汽车,12.99 - 17.19,,202105,2151.372881
146,北京EU5,0,北京汽车,12.99 - 17.19,,202107,2151.372881
148,北京EU5,0,北京汽车,12.99 - 17.19,,202108,2151.372881
129,北京EU5,0,北京汽车,12.99 - 17.19,,202109,2151.372881
191,北京EU5,0,北京汽车,12.99 - 17.19,,202110,2151.372881
139,北京EU5,3,北京汽车,12.99 - 17.19,,202111,2151.372881
156,北京EU5,0,北京汽车,12.99 - 17.19,,202112,2151.372881
55,北京EU5,1293,北京汽车,12.99 - 17.19,,202201,2151.372881
67,北京EU5,713,北京汽车,12.99 - 17.19,,202202,2151.372881
24,北京EU5,4105,北京汽车,12.99 - 17.19,,202203,2151.372881
38,北京EU5,1415,北京汽车,12.99 - 17.19,,202204,2151.372881
62,北京EU5,1219,北京汽车,12.99 - 17.19,,202205,2151.372881
68,北京EU5,1518,北京汽车,12.99 - 17.19,,202206,2151.372881
46,北京EU5,2587,北京汽车,12.99 - 17.19,,202207,2151.372881
43,北京EU5,3279,北京汽车,12.99 - 17.19,,202209,2151.372881
29,北京EU5,4667,北京汽车,12.99 - 17.19,,202210,2151.372881
22,北京EU5,5183,北京汽车,12.99 - 17.19,,202211,2151.372881
19,北京EU5,8840,北京汽车,12.99 - 17.19,,202212,2151.372881
34,北京EU5,1725,北京汽车,12.99 - 17.19,,202301,2151.372881
34,北京EU5,2254,北京汽车,12.99 - 17.19,,202302,2151.372881
14,北京EU5,8135,北京汽车,12.99 - 17.19,,202303,2151.372881
39,北京EU5,2889,北京汽车,12.99 - 17.19,,202304,2151.372881
42,北京EU5,2585,北京汽车,12.99 - 17.19,,202305,2151.372881
19,北京EU5,9295,北京汽车,12.99 - 17.19,,202306,2151.372881
66,北京EU5,1821,北京汽车,12.99 - 17.19,,202307,2151.372881
29,北京EU5,5849,北京汽车,12.99 - 17.19,,202308,2151.372881
31,北京EU5,5320,北京汽车,12.99 - 17.19,,202309,2151.372881
43,北京EU5,3907,北京汽车,12.99 - 17.19,,202310,2151.372881
38,北京EU5,5741,北京汽车,12.99 - 17.19,,202311,2151.372881
19,北京EU5,12811,北京汽车,12.99 - 17.19,,202312,2151.372881
108,北京EU5,775,北京汽车,12.99 - 17.19,,202401,2151.372881
73,北京EU5,1110,北京汽车,12.99 - 17.19,,202402,2151.372881
31,北京EU5,5221,北京汽车,12.99 - 17.19,,202403,2151.372881
133,北京EU5,556,北京汽车,12.99 - 17.19,,202404,2151.372881
112,北京EU5,933,北京汽车,12.99 - 17.19,,202405,2151.372881
99,北京EU5,1491,北京汽车,12.99 - 17.19,,202406,2151.372881
147,北京EU5,655,北京汽车,12.99 - 17.19,,202407,2151.372881
146,北京EU5,705,北京汽车,12.99 - 17.19,,202408,2151.372881
98,北京EU5,2385,北京汽车,12.99 - 17.19,,202409,2151.372881
98,北京EU5,2525,北京汽车,12.99 - 17.19,,202410,2151.372881
86,北京EU5,3784,北京汽车,12.99 - 17.19,,202411,2151.372881
86,欧尚Z6新能源,1180,长安汽车,15.58 - 17.58,,202209,2137.56
80,欧尚Z6新能源,1532,长安汽车,15.58 - 17.58,,202211,2137.56
67,欧尚Z6新能源,2353,长安汽车,15.58 - 17.58,,202212,2137.56
87,欧尚Z6新能源,592,长安汽车,15.58 - 17.58,,202302,2137.56
81,欧尚Z6新能源,763,长安汽车,15.58 - 17.58,,202303,2137.56
75,欧尚Z6新能源,889,长安汽车,15.58 - 17.58,,202304,2137.56
58,欧尚Z6新能源,1666,长安汽车,15.58 - 17.58,,202305,2137.56
38,欧尚Z6新能源,3808,长安汽车,15.58 - 17.58,,202306,2137.56
34,欧尚Z6新能源,4410,长安汽车,15.58 - 17.58,,202307,2137.56
36,欧尚Z6新能源,4649,长安汽车,15.58 - 17.58,,202308,2137.56
34,欧尚Z6新能源,4949,长安汽车,15.58 - 17.58,,202309,2137.56
39,欧尚Z6新能源,4298,长安汽车,15.58 - 17.58,,202310,2137.56
56,欧尚Z6新能源,3020,长安汽车,15.58 - 17.58,,202311,2137.56
67,欧尚Z6新能源,2858,长安汽车,15.58 - 17.58,,202312,2137.56
46,欧尚Z6新能源,3952,长安汽车,15.58 - 17.58,,202401,2137.56
51,欧尚Z6新能源,1891,长安汽车,15.58 - 17.58,,202402,2137.56
65,欧尚Z6新能源,2195,长安汽车,15.58 - 17.58,,202403,2137.56
85,欧尚Z6新能源,1586,长安汽车,15.58 - 17.58,,202404,2137.56
93,欧尚Z6新能源,1485,长安汽车,15.58 - 17.58,,202405,2137.56
109,欧尚Z6新能源,1135,长安汽车,15.58 - 17.58,,202406,2137.56
120,欧尚Z6新能源,1016,长安汽车,15.58 - 17.58,,202407,2137.56
127,欧尚Z6新能源,979,长安汽车,15.58 - 17.58,,202408,2137.56
151,欧尚Z6新能源,830,长安汽车,15.58 - 17.58,,202409,2137.56
162,欧尚Z6新能源,754,长安汽车,15.58 - 17.58,,202410,2137.56
167,欧尚Z6新能源,649,长安汽车,15.58 - 17.58,,202411,2137.56
20,AION V,1069,广汽埃安,12.98 - 19.36,,202007,2102.037736
12,AION V,1801,广汽埃安,12.98 - 19.36,,202008,2102.037736
14,AION V,2003,广汽埃安,12.98 - 19.36,,202009,2102.037736
15,AION V,2006,广汽埃安,12.98 - 19.36,,202010,2102.037736
20,AION V,2002,广汽埃安,12.98 - 19.36,,202011,2102.037736
30,AION V,1500,广汽埃安,12.98 - 19.36,,202012,2102.037736
22,AION V,1201,广汽埃安,12.98 - 19.36,,202101,2102.037736
27,AION V,503,广汽埃安,12.98 - 19.36,,202102,2102.037736
28,AION V,1205,广汽埃安,12.98 - 19.36,,202103,2102.037736
29,AION V,1153,广汽埃安,12.98 - 19.36,,202104,2102.037736
29,AION V,1256,广汽埃安,12.98 - 19.36,,202105,2102.037736
32,AION V,1266,广汽埃安,12.98 - 19.36,,202106,2102.037736
28,AION V,2183,广汽埃安,12.98 - 19.36,,202107,2102.037736
24,AION V,2154,广汽埃安,12.98 - 19.36,,202108,2102.037736
50,AION V,787,广汽埃安,12.98 - 19.36,,202109,2102.037736
57,AION V,682,广汽埃安,12.98 - 19.36,,202110,2102.037736
52,AION V,1422,广汽埃安,12.98 - 19.36,,202111,2102.037736
48,AION V,2014,广汽埃安,12.98 - 19.36,,202112,2102.037736
36,AION V,2230,广汽埃安,12.98 - 19.36,,202201,2102.037736
33,AION V,2140,广汽埃安,12.98 - 19.36,,202202,2102.037736
27,AION V,3579,广汽埃安,12.98 - 19.36,,202203,2102.037736
41,AION V,1337,广汽埃安,12.98 - 19.36,,202204,2102.037736
47,AION V,1855,广汽埃安,12.98 - 19.36,,202205,2102.037736
42,AION V,3002,广汽埃安,12.98 - 19.36,,202206,2102.037736
30,AION V,5028,广汽埃安,12.98 - 19.36,,202207,2102.037736
38,AION V,3879,广汽埃安,12.98 - 19.36,,202208,2102.037736
48,AION V,2632,广汽埃安,12.98 - 19.36,,202209,2102.037736
45,AION V,2671,广汽埃安,12.98 - 19.36,,202210,2102.037736
69,AION V,1744,广汽埃安,12.98 - 19.36,,202211,2102.037736
78,AION V,1727,广汽埃安,12.98 - 19.36,,202212,2102.037736
97,AION V,317,广汽埃安,12.98 - 19.36,,202301,2102.037736
118,AION V,250,广汽埃安,12.98 - 19.36,,202302,2102.037736
113,AION V,346,广汽埃安,12.98 - 19.36,,202303,2102.037736
112,AION V,370,广汽埃安,12.98 - 19.36,,202304,2102.037736
108,AION V,417,广汽埃安,12.98 - 19.36,,202305,2102.037736
63,AION V,1778,广汽埃安,12.98 - 19.36,,202306,2102.037736
50,AION V,2679,广汽埃安,12.98 - 19.36,,202307,2102.037736
65,AION V,1893,广汽埃安,12.98 - 19.36,,202308,2102.037736
71,AION V,1758,广汽埃安,12.98 - 19.36,,202309,2102.037736
78,AION V,1837,广汽埃安,12.98 - 19.36,,202310,2102.037736
42,AION V,4599,广汽埃安,12.98 - 19.36,,202311,2102.037736
52,AION V,4062,广汽埃安,12.98 - 19.36,,202312,2102.037736
83,AION V,1445,广汽埃安,12.98 - 19.36,,202401,2102.037736
97,AION V,589,广汽埃安,12.98 - 19.36,,202402,2102.037736
90,AION V,1377,广汽埃安,12.98 - 19.36,,202403,2102.037736
81,AION V,1666,广汽埃安,12.98 - 19.36,,202404,2102.037736
84,AION V,1825,广汽埃安,12.98 - 19.36,,202405,2102.037736
94,AION V,1680,广汽埃安,12.98 - 19.36,,202406,2102.037736
102,AION V,1479,广汽埃安,12.98 - 19.36,,202407,2102.037736
62,AION V,3779,广汽埃安,12.98 - 19.36,,202408,2102.037736
49,AION V,5724,广汽埃安,12.98 - 19.36,,202409,2102.037736
44,AION V,7110,广汽埃安,12.98 - 19.36,,202410,2102.037736
49,AION V,6397,广汽埃安,12.98 - 19.36,,202411,2102.037736
27,东风风神E70,2,东风乘用车,14.28 - 15.38,,201709,2056.918605
28,东风风神E70,131,东风乘用车,14.28 - 15.38,,201710,2056.918605
20,东风风神E70,704,东风乘用车,14.28 - 15.38,,201711,2056.918605
12,东风风神E70,1724,东风乘用车,14.28 - 15.38,,201712,2056.918605
22,东风风神E70,44,东风乘用车,14.28 - 15.38,,201801,2056.918605
20,东风风神E70,56,东风乘用车,14.28 - 15.38,,201802,2056.918605
14,东风风神E70,507,东风乘用车,14.28 - 15.38,,201803,2056.918605
13,东风风神E70,1102,东风乘用车,14.28 - 15.38,,201804,2056.918605
21,东风风神E70,624,东风乘用车,14.28 - 15.38,,201805,2056.918605
19,东风风神E70,340,东风乘用车,14.28 - 15.38,,201806,2056.918605
26,东风风神E70,400,东风乘用车,14.28 - 15.38,,201807,2056.918605
36,东风风神E70,263,东风乘用车,14.28 - 15.38,,201808,2056.918605
26,东风风神E70,674,东风乘用车,14.28 - 15.38,,201809,2056.918605
24,东风风神E70,855,东风乘用车,14.28 - 15.38,,201810,2056.918605
24,东风风神E70,1395,东风乘用车,14.28 - 15.38,,201811,2056.918605
20,东风风神E70,1937,东风乘用车,14.28 - 15.38,,201812,2056.918605
19,东风风神E70,1282,东风乘用车,14.28 - 15.38,,201901,2056.918605
20,东风风神E70,603,东风乘用车,14.28 - 15.38,,201902,2056.918605
21,东风风神E70,1444,东风乘用车,14.28 - 15.38,,201903,2056.918605
33,东风风神E70,525,东风乘用车,14.28 - 15.38,,201904,2056.918605
24,东风风神E70,1243,东风乘用车,14.28 - 15.38,,201905,2056.918605
11,东风风神E70,3525,东风乘用车,14.28 - 15.38,,201906,2056.918605
35,东风风神E70,147,东风乘用车,14.28 - 15.38,,201907,2056.918605
30,东风风神E70,373,东风乘用车,14.28 - 15.38,,201908,2056.918605
32,东风风神E70,331,东风乘用车,14.28 - 15.38,,201909,2056.918605
13,东风风神E70,1121,东风乘用车,14.28 - 15.38,,201910,2056.918605
5,东风风神E70,2552,东风乘用车,14.28 - 15.38,,201911,2056.918605
15,东风风神E70,1826,东风乘用车,14.28 - 15.38,,201912,2056.918605
39,东风风神E70,140,东风乘用车,14.28 - 15.38,,202001,2056.918605
52,东风风神E70,2,东风乘用车,14.28 - 15.38,,202002,2056.918605
52,东风风神E70,35,东风乘用车,14.28 - 15.38,,202003,2056.918605
58,东风风神E70,49,东风乘用车,14.28 - 15.38,,202004,2056.918605
33,东风风神E70,386,东风乘用车,14.28 - 15.38,,202005,2056.918605
37,东风风神E70,402,东风乘用车,14.28 - 15.38,,202006,2056.918605
40,东风风神E70,486,东风乘用车,14.28 - 15.38,,202007,2056.918605
89,东风风神E70,23,东风乘用车,14.28 - 15.38,,202008,2056.918605
50,东风风神E70,255,东风乘用车,14.28 - 15.38,,202009,2056.918605
21,东风风神E70,1341,东风乘用车,14.28 - 15.38,,202010,2056.918605
35,东风风神E70,901,东风乘用车,14.28 - 15.38,,202011,2056.918605
47,东风风神E70,695,东风乘用车,14.28 - 15.38,,202012,2056.918605
89,东风风神E70,26,东风乘用车,14.28 - 15.38,,202101,2056.918605
95,东风风神E70,11,东风乘用车,14.28 - 15.38,,202102,2056.918605
37,东风风神E70,855,东风乘用车,14.28 - 15.38,,202103,2056.918605
31,东风风神E70,1035,东风乘用车,14.28 - 15.38,,202104,2056.918605
23,东风风神E70,1897,东风乘用车,14.28 - 15.38,,202105,2056.918605
17,东风风神E70,3426,东风乘用车,14.28 - 15.38,,202106,2056.918605
18,东风风神E70,3031,东风乘用车,14.28 - 15.38,,202107,2056.918605
23,东风风神E70,2416,东风乘用车,14.28 - 15.38,,202108,2056.918605
17,东风风神E70,4711,东风乘用车,14.28 - 15.38,,202109,2056.918605
17,东风风神E70,4298,东风乘用车,14.28 - 15.38,,202110,2056.918605
19,东风风神E70,4656,东风乘用车,14.28 - 15.38,,202111,2056.918605
31,东风风神E70,3513,东风乘用车,14.28 - 15.38,,202112,2056.918605
31,东风风神E70,3053,东风乘用车,14.28 - 15.38,,202201,2056.918605
28,东风风神E70,2641,东风乘用车,14.28 - 15.38,,202202,2056.918605
22,东风风神E70,4345,东风乘用车,14.28 - 15.38,,202203,2056.918605
15,东风风神E70,4306,东风乘用车,14.28 - 15.38,,202204,2056.918605
21,东风风神E70,4666,东风乘用车,14.28 - 15.38,,202205,2056.918605
15,东风风神E70,8193,东风乘用车,14.28 - 15.38,,202206,2056.918605
16,东风风神E70,7556,东风乘用车,14.28 - 15.38,,202207,2056.918605
19,东风风神E70,7410,东风乘用车,14.28 - 15.38,,202208,2056.918605
16,东风风神E70,8692,东风乘用车,14.28 - 15.38,,202209,2056.918605
16,东风风神E70,10032,东风乘用车,14.28 - 15.38,,202210,2056.918605
17,东风风神E70,6210,东风乘用车,14.28 - 15.38,,202211,2056.918605
22,东风风神E70,7368,东风乘用车,14.28 - 15.38,,202212,2056.918605
46,东风风神E70,1323,东风乘用车,14.28 - 15.38,,202301,2056.918605
66,东风风神E70,956,东风乘用车,14.28 - 15.38,,202302,2056.918605
89,东风风神E70,639,东风乘用车,14.28 - 15.38,,202303,2056.918605
35,东风风神E70,3191,东风乘用车,14.28 - 15.38,,202304,2056.918605
36,东风风神E70,3089,东风乘用车,14.28 - 15.38,,202305,2056.918605
45,东风风神E70,3054,东风乘用车,14.28 - 15.38,,202306,2056.918605
47,东风风神E70,2923,东风乘用车,14.28 - 15.38,,202307,2056.918605
44,东风风神E70,3463,东风乘用车,14.28 - 15.38,,202308,2056.918605
47,东风风神E70,3264,东风乘用车,14.28 - 15.38,,202309,2056.918605
64,东风风神E70,2386,东风乘用车,14.28 - 15.38,,202310,2056.918605
43,东风风神E70,4271,东风乘用车,14.28 - 15.38,,202311,2056.918605
64,东风风神E70,3025,东风乘用车,14.28 - 15.38,,202312,2056.918605
57,东风风神E70,2655,东风乘用车,14.28 - 15.38,,202401,2056.918605
64,东风风神E70,1400,东风乘用车,14.28 - 15.38,,202402,2056.918605
93,东风风神E70,1124,东风乘用车,14.28 - 15.38,,202404,2056.918605
160,东风风神E70,407,东风乘用车,14.28 - 15.38,,202405,2056.918605
97,东风风神E70,1572,东风乘用车,14.28 - 15.38,,202406,2056.918605
118,东风风神E70,1067,东风乘用车,14.28 - 15.38,,202407,2056.918605
124,东风风神E70,1086,东风乘用车,14.28 - 15.38,,202408,2056.918605
159,东风风神E70,684,东风乘用车,14.28 - 15.38,,202409,2056.918605
196,东风风神E70,360,东风乘用车,14.28 - 15.38,,202410,2056.918605
229,东风风神E70,164,东风乘用车,14.28 - 15.38,,202411,2056.918605
26,花仙子,1513,江汽集团,5.99 - 9.09,,202103,2042.477273
19,花仙子,2249,江汽集团,5.99 - 9.09,,202104,2042.477273
19,花仙子,2257,江汽集团,5.99 - 9.09,,202105,2042.477273
24,花仙子,2801,江汽集团,5.99 - 9.09,,202106,2042.477273
21,花仙子,2788,江汽集团,5.99 - 9.09,,202107,2042.477273
18,花仙子,3255,江汽集团,5.99 - 9.09,,202108,2042.477273
19,花仙子,4290,江汽集团,5.99 - 9.09,,202109,2042.477273
13,花仙子,5322,江汽集团,5.99 - 9.09,,202110,2042.477273
16,花仙子,5456,江汽集团,5.99 - 9.09,,202111,2042.477273
21,花仙子,5578,江汽集团,5.99 - 9.09,,202112,2042.477273
22,花仙子,4509,江汽集团,5.99 - 9.09,,202201,2042.477273
19,花仙子,3518,江汽集团,5.99 - 9.09,,202202,2042.477273
25,花仙子,3985,江汽集团,5.99 - 9.09,,202203,2042.477273
22,花仙子,3209,江汽集团,5.99 - 9.09,,202204,2042.477273
19,花仙子,4871,江汽集团,5.99 - 9.09,,202205,2042.477273
26,花仙子,4752,江汽集团,5.99 - 9.09,,202206,2042.477273
37,花仙子,3812,江汽集团,5.99 - 9.09,,202207,2042.477273
29,花仙子,5506,江汽集团,5.99 - 9.09,,202208,2042.477273
24,花仙子,5900,江汽集团,5.99 - 9.09,,202209,2042.477273
31,花仙子,4176,江汽集团,5.99 - 9.09,,202210,2042.477273
77,花仙子,1590,江汽集团,5.99 - 9.09,,202211,2042.477273
45,花仙子,3794,江汽集团,5.99 - 9.09,,202212,2042.477273
115,花仙子,186,江汽集团,5.99 - 9.09,,202301,2042.477273
98,花仙子,449,江汽集团,5.99 - 9.09,,202302,2042.477273
99,花仙子,534,江汽集团,5.99 - 9.09,,202303,2042.477273
86,花仙子,657,江汽集团,5.99 - 9.09,,202304,2042.477273
144,花仙子,145,江汽集团,5.99 - 9.09,,202305,2042.477273
182,花仙子,16,江汽集团,5.99 - 9.09,,202306,2042.477273
194,花仙子,15,江汽集团,5.99 - 9.09,,202308,2042.477273
205,花仙子,11,江汽集团,5.99 - 9.09,,202309,2042.477273
215,花仙子,1,江汽集团,5.99 - 9.09,,202310,2042.477273
215,花仙子,7,江汽集团,5.99 - 9.09,,202311,2042.477273
228,花仙子,2,江汽集团,5.99 - 9.09,,202312,2042.477273
220,花仙子,8,江汽集团,5.99 - 9.09,,202401,2042.477273
226,花仙子,7,江汽集团,5.99 - 9.09,,202402,2042.477273
228,花仙子,20,江汽集团,5.99 - 9.09,,202403,2042.477273
231,花仙子,23,江汽集团,5.99 - 9.09,,202404,2042.477273
211,花仙子,135,江汽集团,5.99 - 9.09,,202405,2042.477273
154,花仙子,521,江汽集团,5.99 - 9.09,,202406,2042.477273
186,花仙子,302,江汽集团,5.99 - 9.09,,202407,2042.477273
202,花仙子,290,江汽集团,5.99 - 9.09,,202408,2042.477273
184,花仙子,442,江汽集团,5.99 - 9.09,,202409,2042.477273
189,花仙子,440,江汽集团,5.99 - 9.09,,202410,2042.477273
179,花仙子,527,江汽集团,5.99 - 9.09,,202411,2042.477273
11,比亚迪e2,2078,比亚迪,8.98 - 14.78,,201909,2039.491228
7,比亚迪e2,2151,比亚迪,8.98 - 14.78,,201910,2039.491228
14,比亚迪e2,1524,比亚迪,8.98 - 14.78,,201911,2039.491228
18,比亚迪e2,1566,比亚迪,8.98 - 14.78,,201912,2039.491228
14,比亚迪e2,1028,比亚迪,8.98 - 14.78,,202001,2039.491228
13,比亚迪e2,305,比亚迪,8.98 - 14.78,,202002,2039.491228
11,比亚迪e2,1215,比亚迪,8.98 - 14.78,,202003,2039.491228
10,比亚迪e2,1322,比亚迪,8.98 - 14.78,,202004,2039.491228
11,比亚迪e2,1461,比亚迪,8.98 - 14.78,,202005,2039.491228
15,比亚迪e2,1517,比亚迪,8.98 - 14.78,,202006,2039.491228
16,比亚迪e2,1534,比亚迪,8.98 - 14.78,,202007,2039.491228
18,比亚迪e2,1557,比亚迪,8.98 - 14.78,,202008,2039.491228
11,比亚迪e2,2113,比亚迪,8.98 - 14.78,,202009,2039.491228
11,比亚迪e2,2598,比亚迪,8.98 - 14.78,,202010,2039.491228
13,比亚迪e2,2670,比亚迪,8.98 - 14.78,,202011,2039.491228
21,比亚迪e2,2296,比亚迪,8.98 - 14.78,,202012,2039.491228
25,比亚迪e2,1055,比亚迪,8.98 - 14.78,,202101,2039.491228
28,比亚迪e2,479,比亚迪,8.98 - 14.78,,202102,2039.491228
31,比亚迪e2,1011,比亚迪,8.98 - 14.78,,202103,2039.491228
14,比亚迪e2,2973,比亚迪,8.98 - 14.78,,202104,2039.491228
12,比亚迪e2,3195,比亚迪,8.98 - 14.78,,202105,2039.491228
14,比亚迪e2,3972,比亚迪,8.98 - 14.78,,202106,2039.491228
20,比亚迪e2,2939,比亚迪,8.98 - 14.78,,202107,2039.491228
17,比亚迪e2,3513,比亚迪,8.98 - 14.78,,202108,2039.491228
20,比亚迪e2,4129,比亚迪,8.98 - 14.78,,202109,2039.491228
19,比亚迪e2,4150,比亚迪,8.98 - 14.78,,202110,2039.491228
28,比亚迪e2,3349,比亚迪,8.98 - 14.78,,202111,2039.491228
33,比亚迪e2,3500,比亚迪,8.98 - 14.78,,202112,2039.491228
27,比亚迪e2,3535,比亚迪,8.98 - 14.78,,202201,2039.491228
68,比亚迪e2,680,比亚迪,8.98 - 14.78,,202202,2039.491228
37,比亚迪e2,2736,比亚迪,8.98 - 14.78,,202203,2039.491228
36,比亚迪e2,1500,比亚迪,8.98 - 14.78,,202204,2039.491228
28,比亚迪e2,3851,比亚迪,8.98 - 14.78,,202205,2039.491228
38,比亚迪e2,3280,比亚迪,8.98 - 14.78,,202206,2039.491228
105,比亚迪e2,479,比亚迪,8.98 - 14.78,,202207,2039.491228
61,比亚迪e2,1783,比亚迪,8.98 - 14.78,,202208,2039.491228
153,比亚迪e2,91,比亚迪,8.98 - 14.78,,202209,2039.491228
123,比亚迪e2,292,比亚迪,8.98 - 14.78,,202304,2039.491228
27,比亚迪e2,4723,比亚迪,8.98 - 14.78,,202305,2039.491228
44,比亚迪e2,3264,比亚迪,8.98 - 14.78,,202306,2039.491228
52,比亚迪e2,2550,比亚迪,8.98 - 14.78,,202307,2039.491228
70,比亚迪e2,1760,比亚迪,8.98 - 14.78,,202308,2039.491228
60,比亚迪e2,2106,比亚迪,8.98 - 14.78,,202309,2039.491228
94,比亚迪e2,1140,比亚迪,8.98 - 14.78,,202310,2039.491228
90,比亚迪e2,1290,比亚迪,8.98 - 14.78,,202311,2039.491228
87,比亚迪e2,1845,比亚迪,8.98 - 14.78,,202312,2039.491228
95,比亚迪e2,1157,比亚迪,8.98 - 14.78,,202401,2039.491228
89,比亚迪e2,699,比亚迪,8.98 - 14.78,,202402,2039.491228
72,比亚迪e2,1811,比亚迪,8.98 - 14.78,,202403,2039.491228
56,比亚迪e2,2906,比亚迪,8.98 - 14.78,,202404,2039.491228
87,比亚迪e2,1657,比亚迪,8.98 - 14.78,,202405,2039.491228
81,比亚迪e2,2091,比亚迪,8.98 - 14.78,,202406,2039.491228
85,比亚迪e2,2029,比亚迪,8.98 - 14.78,,202407,2039.491228
88,比亚迪e2,2524,比亚迪,8.98 - 14.78,,202408,2039.491228
128,比亚迪e2,1301,比亚迪,8.98 - 14.78,,202409,2039.491228
181,比亚迪e2,549,比亚迪,8.98 - 14.78,,202410,2039.491228
129,比亚迪e2,1422,比亚迪,8.98 - 14.78,,202411,2039.491228
141,小鹏G9,184,小鹏汽车,26.39 - 35.99,,202209,2022.111111
95,小鹏G9,623,小鹏汽车,26.39 - 35.99,,202210,2022.111111
79,小鹏G9,1546,小鹏汽车,26.39 - 35.99,,202211,2022.111111
39,小鹏G9,4020,小鹏汽车,26.39 - 35.99,,202212,2022.111111
30,小鹏G9,2249,小鹏汽车,26.39 - 35.99,,202301,2022.111111
65,小鹏G9,960,小鹏汽车,26.39 - 35.99,,202302,2022.111111
71,小鹏G9,972,小鹏汽车,26.39 - 35.99,,202303,2022.111111
73,小鹏G9,925,小鹏汽车,26.39 - 35.99,,202304,2022.111111
72,小鹏G9,1005,小鹏汽车,26.39 - 35.99,,202305,2022.111111
87,小鹏G9,1025,小鹏汽车,26.39 - 35.99,,202306,2022.111111
94,小鹏G9,872,小鹏汽车,26.39 - 35.99,,202307,2022.111111
109,小鹏G9,616,小鹏汽车,26.39 - 35.99,,202308,2022.111111
81,小鹏G9,1390,小鹏汽车,26.39 - 35.99,,202309,2022.111111
36,小鹏G9,4593,小鹏汽车,26.39 - 35.99,,202310,2022.111111
37,小鹏G9,5778,小鹏汽车,26.39 - 35.99,,202311,2022.111111
41,小鹏G9,5405,小鹏汽车,26.39 - 35.99,,202312,2022.111111
72,小鹏G9,1737,小鹏汽车,26.39 - 35.99,,202401,2022.111111
80,小鹏G9,861,小鹏汽车,26.39 - 35.99,,202402,2022.111111
89,小鹏G9,1393,小鹏汽车,26.39 - 35.99,,202403,2022.111111
70,小鹏G9,2180,小鹏汽车,26.39 - 35.99,,202404,2022.111111
62,小鹏G9,3068,小鹏汽车,26.39 - 35.99,,202405,2022.111111
79,小鹏G9,2190,小鹏汽车,26.39 - 35.99,,202406,2022.111111
67,小鹏G9,3031,小鹏汽车,26.39 - 35.99,,202407,2022.111111
91,小鹏G9,2400,小鹏汽车,26.39 - 35.99,,202408,2022.111111
111,小鹏G9,1752,小鹏汽车,26.39 - 35.99,,202409,2022.111111
121,小鹏G9,1831,小鹏汽车,26.39 - 35.99,,202410,2022.111111
121,小鹏G9,1991,小鹏汽车,26.39 - 35.99,,202411,2022.111111
83,领克Z10,2819,领克,18.68 - 32.98,,202409,1989.333333
110,领克Z10,2052,领克,18.68 - 32.98,,202410,1989.333333
138,领克Z10,1097,领克,18.68 - 32.98,,202411,1989.333333
34,奔驰E级新能源,2275,北京奔驰,52.19 - 53.86,,202201,1955.9375
38,奔驰E级新能源,1756,北京奔驰,52.19 - 53.86,,202202,1955.9375
43,奔驰E级新能源,2225,北京奔驰,52.19 - 53.86,,202203,1955.9375
83,奔驰E级新能源,432,北京奔驰,52.19 - 53.86,,202204,1955.9375
58,奔驰E级新能源,1479,北京奔驰,52.19 - 53.86,,202205,1955.9375
54,奔驰E级新能源,1905,北京奔驰,52.19 - 53.86,,202206,1955.9375
45,奔驰E级新能源,2756,北京奔驰,52.19 - 53.86,,202207,1955.9375
52,奔驰E级新能源,2338,北京奔驰,52.19 - 53.86,,202208,1955.9375
53,奔驰E级新能源,2456,北京奔驰,52.19 - 53.86,,202209,1955.9375
62,奔驰E级新能源,1772,北京奔驰,52.19 - 53.86,,202210,1955.9375
56,奔驰E级新能源,2350,北京奔驰,52.19 - 53.86,,202211,1955.9375
86,奔驰E级新能源,1254,北京奔驰,52.19 - 53.86,,202212,1955.9375
32,奔驰E级新能源,1878,北京奔驰,52.19 - 53.86,,202301,1955.9375
44,奔驰E级新能源,1746,北京奔驰,52.19 - 53.86,,202302,1955.9375
38,奔驰E级新能源,2373,北京奔驰,52.19 - 53.86,,202303,1955.9375
44,奔驰E级新能源,2300,北京奔驰,52.19 - 53.86,,202304,1955.9375
29,威马E.5,3171,威马汽车,15.01 - 21.51,,202110,1926.571429
33,威马E.5,2794,威马汽车,15.01 - 21.51,,202111,1926.571429
46,威马E.5,2227,威马汽车,15.01 - 21.51,,202112,1926.571429
74,威马E.5,644,威马汽车,15.01 - 21.51,,202201,1926.571429
62,威马E.5,912,威马汽车,15.01 - 21.51,,202202,1926.571429
45,威马E.5,2066,威马汽车,15.01 - 21.51,,202203,1926.571429
67,威马E.5,679,威马汽车,15.01 - 21.51,,202204,1926.571429
43,威马E.5,2044,威马汽车,15.01 - 21.51,,202205,1926.571429
41,威马E.5,3007,威马汽车,15.01 - 21.51,,202206,1926.571429
41,威马E.5,3141,威马汽车,15.01 - 21.51,,202207,1926.571429
47,威马E.5,3142,威马汽车,15.01 - 21.51,,202208,1926.571429
52,威马E.5,2498,威马汽车,15.01 - 21.51,,202209,1926.571429
102,威马E.5,501,威马汽车,15.01 - 21.51,,202210,1926.571429
136,威马E.5,146,威马汽车,15.01 - 21.51,,202211,1926.571429
106,知豆彩虹,1510,知豆电动车,3.19 - 4.39,,202408,1895.5
112,知豆彩虹,1750,知豆电动车,3.19 - 4.39,,202409,1895.5
109,知豆彩虹,2122,知豆电动车,3.19 - 4.39,,202410,1895.5
116,知豆彩虹,2200,知豆电动车,3.19 - 4.39,,202411,1895.5
39,雷丁芒果,932,雷丁,2.98 - 7.39,,202106,1891.8
31,雷丁芒果,1445,雷丁,2.98 - 7.39,,202107,1891.8
22,雷丁芒果,2856,雷丁,2.98 - 7.39,,202108,1891.8
26,雷丁芒果,2669,雷丁,2.98 - 7.39,,202109,1891.8
24,雷丁芒果,3502,雷丁,2.98 - 7.39,,202110,1891.8
27,雷丁芒果,3540,雷丁,2.98 - 7.39,,202111,1891.8
44,雷丁芒果,2335,雷丁,2.98 - 7.39,,202112,1891.8
42,雷丁芒果,2071,雷丁,2.98 - 7.39,,202201,1891.8
42,雷丁芒果,1531,雷丁,2.98 - 7.39,,202202,1891.8
46,雷丁芒果,1967,雷丁,2.98 - 7.39,,202203,1891.8
50,雷丁芒果,1129,雷丁,2.98 - 7.39,,202204,1891.8
64,雷丁芒果,1217,雷丁,2.98 - 7.39,,202205,1891.8
77,雷丁芒果,1264,雷丁,2.98 - 7.39,,202206,1891.8
56,雷丁芒果,2091,雷丁,2.98 - 7.39,,202207,1891.8
65,雷丁芒果,1637,雷丁,2.98 - 7.39,,202208,1891.8
69,雷丁芒果,1563,雷丁,2.98 - 7.39,,202209,1891.8
72,雷丁芒果,1382,雷丁,2.98 - 7.39,,202210,1891.8
59,雷丁芒果,2046,雷丁,2.98 - 7.39,,202211,1891.8
61,雷丁芒果,2658,雷丁,2.98 - 7.39,,202212,1891.8
196,雷丁芒果,1,雷丁,2.98 - 7.39,,202303,1891.8
179,极狐 阿尔法S5,207,北汽新能源,16.08 - 21.68,,202403,1885
175,极狐 阿尔法S5,240,北汽新能源,16.08 - 21.68,,202404,1885
179,极狐 阿尔法S5,302,北汽新能源,16.08 - 21.68,,202405,1885
135,极狐 阿尔法S5,715,北汽新能源,16.08 - 21.68,,202406,1885
97,极狐 阿尔法S5,1622,北汽新能源,16.08 - 21.68,,202407,1885
81,极狐 阿尔法S5,2752,北汽新能源,16.08 - 21.68,,202408,1885
77,极狐 阿尔法S5,3199,北汽新能源,16.08 - 21.68,,202409,1885
80,极狐 阿尔法S5,3469,北汽新能源,16.08 - 21.68,,202410,1885
76,极狐 阿尔法S5,4459,北汽新能源,16.08 - 21.68,,202411,1885
64,小鹏P5,437,小鹏汽车,15.69 - 18.89,,202110,1853.157895
39,小鹏P5,2154,小鹏汽车,15.69 - 18.89,,202111,1853.157895
25,小鹏P5,5030,小鹏汽车,15.69 - 18.89,,202112,1853.157895
24,小鹏P5,4029,小鹏汽车,15.69 - 18.89,,202201,1853.157895
35,小鹏P5,2059,小鹏汽车,15.69 - 18.89,,202202,1853.157895
21,小鹏P5,4398,小鹏汽车,15.69 - 18.89,,202203,1853.157895
19,小鹏P5,3564,小鹏汽车,15.69 - 18.89,,202204,1853.157895
29,小鹏P5,3686,小鹏汽车,15.69 - 18.89,,202205,1853.157895
23,小鹏P5,5598,小鹏汽车,15.69 - 18.89,,202206,1853.157895
39,小鹏P5,3608,小鹏汽车,15.69 - 18.89,,202207,1853.157895
51,小鹏P5,2678,小鹏汽车,15.69 - 18.89,,202208,1853.157895
56,小鹏P5,2417,小鹏汽车,15.69 - 18.89,,202209,1853.157895
66,小鹏P5,1665,小鹏汽车,15.69 - 18.89,,202210,1853.157895
81,小鹏P5,1453,小鹏汽车,15.69 - 18.89,,202211,1853.157895
57,小鹏P5,2827,小鹏汽车,15.69 - 18.89,,202212,1853.157895
44,小鹏P5,1389,小鹏汽车,15.69 - 18.89,,202301,1853.157895
41,小鹏P5,1890,小鹏汽车,15.69 - 18.89,,202302,1853.157895
41,小鹏P5,2241,小鹏汽车,15.69 - 18.89,,202303,1853.157895
52,小鹏P5,1654,小鹏汽车,15.69 - 18.89,,202304,1853.157895
57,小鹏P5,1704,小鹏汽车,15.69 - 18.89,,202305,1853.157895
68,小鹏P5,1721,小鹏汽车,15.69 - 18.89,,202306,1853.157895
89,小鹏P5,980,小鹏汽车,15.69 - 18.89,,202307,1853.157895
83,小鹏P5,1268,小鹏汽车,15.69 - 18.89,,202308,1853.157895
108,小鹏P5,826,小鹏汽车,15.69 - 18.89,,202309,1853.157895
72,小鹏P5,2055,小鹏汽车,15.69 - 18.89,,202310,1853.157895
66,小鹏P5,2523,小鹏汽车,15.69 - 18.89,,202311,1853.157895
88,小鹏P5,1838,小鹏汽车,15.69 - 18.89,,202312,1853.157895
146,小鹏P5,377,小鹏汽车,15.69 - 18.89,,202401,1853.157895
152,小鹏P5,213,小鹏汽车,15.69 - 18.89,,202402,1853.157895
127,小鹏P5,575,小鹏汽车,15.69 - 18.89,,202403,1853.157895
126,小鹏P5,626,小鹏汽车,15.69 - 18.89,,202404,1853.157895
143,小鹏P5,613,小鹏汽车,15.69 - 18.89,,202405,1853.157895
187,小鹏P5,283,小鹏汽车,15.69 - 18.89,,202406,1853.157895
170,小鹏P5,457,小鹏汽车,15.69 - 18.89,,202407,1853.157895
131,小鹏P5,864,小鹏汽车,15.69 - 18.89,,202408,1853.157895
238,小鹏P5,109,小鹏汽车,15.69 - 18.89,,202409,1853.157895
177,小鹏P5,602,小鹏汽车,15.69 - 18.89,,202410,1853.157895
284,小鹏P5,9,小鹏汽车,15.69 - 18.89,,202411,1853.157895
37,哈弗枭龙MAX,3088,长城汽车,15.98 - 17.98,,202305,1847
27,哈弗枭龙MAX,6098,长城汽车,15.98 - 17.98,,202306,1847
27,哈弗枭龙MAX,6197,长城汽车,15.98 - 17.98,,202307,1847
33,哈弗枭龙MAX,5156,长城汽车,15.98 - 17.98,,202308,1847
45,哈弗枭龙MAX,3557,长城汽车,15.98 - 17.98,,202309,1847
59,哈弗枭龙MAX,2636,长城汽车,15.98 - 17.98,,202310,1847
65,哈弗枭龙MAX,2646,长城汽车,15.98 - 17.98,,202311,1847
105,哈弗枭龙MAX,1148,长城汽车,15.98 - 17.98,,202312,1847
93,哈弗枭龙MAX,1188,长城汽车,15.98 - 17.98,,202401,1847
100,哈弗枭龙MAX,543,长城汽车,15.98 - 17.98,,202402,1847
133,哈弗枭龙MAX,516,长城汽车,15.98 - 17.98,,202403,1847
145,哈弗枭龙MAX,448,长城汽车,15.98 - 17.98,,202404,1847
163,哈弗枭龙MAX,386,长城汽车,15.98 - 17.98,,202405,1847
173,哈弗枭龙MAX,355,长城汽车,15.98 - 17.98,,202406,1847
175,哈弗枭龙MAX,352,长城汽车,15.98 - 17.98,,202407,1847
180,哈弗枭龙MAX,394,长城汽车,15.98 - 17.98,,202408,1847
216,哈弗枭龙MAX,195,长城汽车,15.98 - 17.98,,202409,1847
231,哈弗枭龙MAX,135,长城汽车,15.98 - 17.98,,202410,1847
259,哈弗枭龙MAX,55,长城汽车,15.98 - 17.98,,202411,1847
59,小鹏X9,2478,小鹏汽车,35.98 - 41.98,,202401,1839
62,小鹏X9,1448,小鹏汽车,35.98 - 41.98,,202402,1839
40,小鹏X9,3946,小鹏汽车,35.98 - 41.98,,202403,1839
75,小鹏X9,1959,小鹏汽车,35.98 - 41.98,,202404,1839
88,小鹏X9,1625,小鹏汽车,35.98 - 41.98,,202405,1839
93,小鹏X9,1687,小鹏汽车,35.98 - 41.98,,202406,1839
104,小鹏X9,1459,小鹏汽车,35.98 - 41.98,,202407,1839
109,小鹏X9,1438,小鹏汽车,35.98 - 41.98,,202408,1839
123,小鹏X9,1374,小鹏汽车,35.98 - 41.98,,202409,1839
127,小鹏X9,1376,小鹏汽车,35.98 - 41.98,,202410,1839
128,小鹏X9,1439,小鹏汽车,35.98 - 41.98,,202411,1839
25,吉利几何A,1017,吉利几何,14.38 - 20.78,,201904,1830.617647
20,吉利几何A,1375,吉利几何,14.38 - 20.78,,201905,1830.617647
21,吉利几何A,1743,吉利几何,14.38 - 20.78,,201906,1830.617647
14,吉利几何A,1076,吉利几何,14.38 - 20.78,,201907,1830.617647
15,吉利几何A,1176,吉利几何,14.38 - 20.78,,201908,1830.617647
16,吉利几何A,1184,吉利几何,14.38 - 20.78,,201909,1830.617647
11,吉利几何A,1565,吉利几何,14.38 - 20.78,,201910,1830.617647
6,吉利几何A,2456,吉利几何,14.38 - 20.78,,201911,1830.617647
26,吉利几何A,1070,吉利几何,14.38 - 20.78,,201912,1830.617647
44,吉利几何A,96,吉利几何,14.38 - 20.78,,202001,1830.617647
14,吉利几何A,285,吉利几何,14.38 - 20.78,,202002,1830.617647
27,吉利几何A,293,吉利几何,14.38 - 20.78,,202003,1830.617647
38,吉利几何A,168,吉利几何,14.38 - 20.78,,202004,1830.617647
41,吉利几何A,216,吉利几何,14.38 - 20.78,,202005,1830.617647
71,吉利几何A,63,吉利几何,14.38 - 20.78,,202006,1830.617647
24,吉利几何A,874,吉利几何,14.38 - 20.78,,202007,1830.617647
43,吉利几何A,326,吉利几何,14.38 - 20.78,,202008,1830.617647
45,吉利几何A,326,吉利几何,14.38 - 20.78,,202009,1830.617647
39,吉利几何A,725,吉利几何,14.38 - 20.78,,202010,1830.617647
34,吉利几何A,948,吉利几何,14.38 - 20.78,,202011,1830.617647
50,吉利几何A,593,吉利几何,14.38 - 20.78,,202012,1830.617647
76,吉利几何A,75,吉利几何,14.38 - 20.78,,202101,1830.617647
112,吉利几何A,0,吉利几何,14.38 - 20.78,,202102,1830.617647
97,吉利几何A,25,吉利几何,14.38 - 20.78,,202103,1830.617647
60,吉利几何A,284,吉利几何,14.38 - 20.78,,202104,1830.617647
35,吉利几何A,772,吉利几何,14.38 - 20.78,,202105,1830.617647
38,吉利几何A,942,吉利几何,14.38 - 20.78,,202106,1830.617647
34,吉利几何A,1291,吉利几何,14.38 - 20.78,,202107,1830.617647
32,吉利几何A,1639,吉利几何,14.38 - 20.78,,202108,1830.617647
36,吉利几何A,1676,吉利几何,14.38 - 20.78,,202109,1830.617647
37,吉利几何A,2004,吉利几何,14.38 - 20.78,,202110,1830.617647
26,吉利几何A,3563,吉利几何,14.38 - 20.78,,202111,1830.617647
19,吉利几何A,6060,吉利几何,14.38 - 20.78,,202112,1830.617647
26,吉利几何A,3585,吉利几何,14.38 - 20.78,,202201,1830.617647
32,吉利几何A,2192,吉利几何,14.38 - 20.78,,202202,1830.617647
41,吉利几何A,2450,吉利几何,14.38 - 20.78,,202203,1830.617647
27,吉利几何A,2513,吉利几何,14.38 - 20.78,,202204,1830.617647
23,吉利几何A,4461,吉利几何,14.38 - 20.78,,202205,1830.617647
27,吉利几何A,4744,吉利几何,14.38 - 20.78,,202206,1830.617647
26,吉利几何A,5286,吉利几何,14.38 - 20.78,,202207,1830.617647
26,吉利几何A,5895,吉利几何,14.38 - 20.78,,202208,1830.617647
21,吉利几何A,6307,吉利几何,14.38 - 20.78,,202209,1830.617647
25,吉利几何A,5701,吉利几何,14.38 - 20.78,,202210,1830.617647
24,吉利几何A,4922,吉利几何,14.38 - 20.78,,202211,1830.617647
29,吉利几何A,5305,吉利几何,14.38 - 20.78,,202212,1830.617647
37,吉利几何A,1563,吉利几何,14.38 - 20.78,,202301,1830.617647
35,吉利几何A,2248,吉利几何,14.38 - 20.78,,202302,1830.617647
37,吉利几何A,2479,吉利几何,14.38 - 20.78,,202303,1830.617647
38,吉利几何A,3039,吉利几何,14.38 - 20.78,,202304,1830.617647
54,吉利几何A,1894,吉利几何,14.38 - 20.78,,202305,1830.617647
86,吉利几何A,1049,吉利几何,14.38 - 20.78,,202306,1830.617647
84,吉利几何A,1121,吉利几何,14.38 - 20.78,,202307,1830.617647
63,吉利几何A,2106,吉利几何,14.38 - 20.78,,202308,1830.617647
92,吉利几何A,1154,吉利几何,14.38 - 20.78,,202309,1830.617647
113,吉利几何A,802,吉利几何,14.38 - 20.78,,202310,1830.617647
139,吉利几何A,479,吉利几何,14.38 - 20.78,,202311,1830.617647
141,吉利几何A,547,吉利几何,14.38 - 20.78,,202312,1830.617647
56,吉利几何A,2802,吉利几何,14.38 - 20.78,,202401,1830.617647
60,吉利几何A,1531,吉利几何,14.38 - 20.78,,202402,1830.617647
84,吉利几何A,1481,吉利几何,14.38 - 20.78,,202403,1830.617647
80,吉利几何A,1756,吉利几何,14.38 - 20.78,,202404,1830.617647
95,吉利几何A,1385,吉利几何,14.38 - 20.78,,202405,1830.617647
96,吉利几何A,1574,吉利几何,14.38 - 20.78,,202406,1830.617647
130,吉利几何A,836,吉利几何,14.38 - 20.78,,202407,1830.617647
148,吉利几何A,702,吉利几何,14.38 - 20.78,,202408,1830.617647
97,吉利几何A,2466,吉利几何,14.38 - 20.78,,202409,1830.617647
139,吉利几何A,1100,吉利几何,14.38 - 20.78,,202410,1830.617647
137,吉利几何A,1101,吉利几何,14.38 - 20.78,,202411,1830.617647
3,比亚迪e5,1961,比亚迪,22.07 - 22.07,,201608,1824.639344
2,比亚迪e5,2094,比亚迪,22.07 - 22.07,,201609,1824.639344
3,比亚迪e5,1943,比亚迪,22.07 - 22.07,,201610,1824.639344
3,比亚迪e5,2113,比亚迪,22.07 - 22.07,,201611,1824.639344
4,比亚迪e5,2420,比亚迪,22.07 - 22.07,,201612,1824.639344
7,比亚迪e5,410,比亚迪,22.07 - 22.07,,201702,1824.639344
2,比亚迪e5,1567,比亚迪,22.07 - 22.07,,201703,1824.639344
4,比亚迪e5,2512,比亚迪,22.07 - 22.07,,201704,1824.639344
3,比亚迪e5,3131,比亚迪,22.07 - 22.07,,201705,1824.639344
3,比亚迪e5,3206,比亚迪,22.07 - 22.07,,201706,1824.639344
4,比亚迪e5,2946,比亚迪,22.07 - 22.07,,201707,1824.639344
7,比亚迪e5,2203,比亚迪,22.07 - 22.07,,201708,1824.639344
8,比亚迪e5,2288,比亚迪,22.07 - 22.07,,201709,1824.639344
5,比亚迪e5,2386,比亚迪,22.07 - 22.07,,201710,1824.639344
13,比亚迪e5,1806,比亚迪,22.07 - 22.07,,201711,1824.639344
20,比亚迪e5,1146,比亚迪,22.07 - 22.07,,201712,1824.639344
25,比亚迪e5,13,比亚迪,22.07 - 22.07,,201801,1824.639344
8,比亚迪e5,587,比亚迪,22.07 - 22.07,,201802,1824.639344
4,比亚迪e5,3798,比亚迪,22.07 - 22.07,,201803,1824.639344
2,比亚迪e5,4294,比亚迪,22.07 - 22.07,,201804,1824.639344
4,比亚迪e5,3883,比亚迪,22.07 - 22.07,,201805,1824.639344
2,比亚迪e5,4047,比亚迪,22.07 - 22.07,,201806,1824.639344
6,比亚迪e5,3056,比亚迪,22.07 - 22.07,,201807,1824.639344
6,比亚迪e5,4003,比亚迪,22.07 - 22.07,,201808,1824.639344
6,比亚迪e5,4265,比亚迪,22.07 - 22.07,,201809,1824.639344
7,比亚迪e5,4460,比亚迪,22.07 - 22.07,,201810,1824.639344
5,比亚迪e5,5573,比亚迪,22.07 - 22.07,,201811,1824.639344
4,比亚迪e5,8234,比亚迪,22.07 - 22.07,,201812,1824.639344
5,比亚迪e5,3968,比亚迪,22.07 - 22.07,,201901,1824.639344
5,比亚迪e5,2476,比亚迪,22.07 - 22.07,,201902,1824.639344
4,比亚迪e5,8083,比亚迪,22.07 - 22.07,,201903,1824.639344
6,比亚迪e5,4602,比亚迪,22.07 - 22.07,,201904,1824.639344
10,比亚迪e5,3173,比亚迪,22.07 - 22.07,,201905,1824.639344
9,比亚迪e5,3793,比亚迪,22.07 - 22.07,,201906,1824.639344
38,比亚迪e5,126,比亚迪,22.07 - 22.07,,201907,1824.639344
10,比亚迪e5,1963,比亚迪,22.07 - 22.07,,201908,1824.639344
38,比亚迪e5,221,比亚迪,22.07 - 22.07,,201909,1824.639344
35,比亚迪e5,196,比亚迪,22.07 - 22.07,,201910,1824.639344
53,比亚迪e5,121,比亚迪,22.07 - 22.07,,201911,1824.639344
33,比亚迪e5,589,比亚迪,22.07 - 22.07,,201912,1824.639344
42,比亚迪e5,103,比亚迪,22.07 - 22.07,,202001,1824.639344
107,比亚迪e5,0,比亚迪,22.07 - 22.07,,202002,1824.639344
97,比亚迪e5,0,比亚迪,22.07 - 22.07,,202003,1824.639344
132,比亚迪e5,0,比亚迪,22.07 - 22.07,,202003,1824.639344
100,比亚迪e5,0,比亚迪,22.07 - 22.07,,202004,1824.639344
136,比亚迪e5,0,比亚迪,22.07 - 22.07,,202004,1824.639344
150,比亚迪e5,0,比亚迪,22.07 - 22.07,,202005,1824.639344
139,比亚迪e5,0,比亚迪,22.07 - 22.07,,202006,1824.639344
148,比亚迪e5,0,比亚迪,22.07 - 22.07,,202007,1824.639344
126,比亚迪e5,0,比亚迪,22.07 - 22.07,,202008,1824.639344
134,比亚迪e5,0,比亚迪,22.07 - 22.07,,202009,1824.639344
135,比亚迪e5,0,比亚迪,22.07 - 22.07,,202010,1824.639344
135,比亚迪e5,0,比亚迪,22.07 - 22.07,,202011,1824.639344
146,比亚迪e5,0,比亚迪,22.07 - 22.07,,202012,1824.639344
125,比亚迪e5,0,比亚迪,22.07 - 22.07,,202101,1824.639344
122,比亚迪e5,0,比亚迪,22.07 - 22.07,,202102,1824.639344
131,比亚迪e5,0,比亚迪,22.07 - 22.07,,202103,1824.639344
124,比亚迪e5,0,比亚迪,22.07 - 22.07,,202104,1824.639344
135,比亚迪e5,0,比亚迪,22.07 - 22.07,,202105,1824.639344
142,比亚迪e5,0,比亚迪,22.07 - 22.07,,202106,1824.639344
148,比亚迪e5,0,比亚迪,22.07 - 22.07,,202109,1824.639344
196,比亚迪e5,0,比亚迪,22.07 - 22.07,,202111,1824.639344
203,比亚迪e5,0,比亚迪,22.07 - 22.07,,202111,1824.639344
53,比亚迪e5,1544,比亚迪,22.07 - 22.07,,202112,1824.639344
108,零跑C01,561,零跑汽车,13.68 - 20.88,,202209,1824.037037
74,零跑C01,1303,零跑汽车,13.68 - 20.88,,202210,1824.037037
64,零跑C01,1757,零跑汽车,13.68 - 20.88,,202211,1824.037037
89,零跑C01,1194,零跑汽车,13.68 - 20.88,,202212,1824.037037
112,零跑C01,212,零跑汽车,13.68 - 20.88,,202301,1824.037037
128,零跑C01,162,零跑汽车,13.68 - 20.88,,202302,1824.037037
74,零跑C01,918,零跑汽车,13.68 - 20.88,,202303,1824.037037
67,零跑C01,1126,零跑汽车,13.68 - 20.88,,202304,1824.037037
40,零跑C01,2943,零跑汽车,13.68 - 20.88,,202305,1824.037037
49,零跑C01,2673,零跑汽车,13.68 - 20.88,,202306,1824.037037
48,零跑C01,2888,零跑汽车,13.68 - 20.88,,202307,1824.037037
62,零跑C01,2110,零跑汽车,13.68 - 20.88,,202308,1824.037037
46,零跑C01,3327,零跑汽车,13.68 - 20.88,,202309,1824.037037
52,零跑C01,3053,零跑汽车,13.68 - 20.88,,202310,1824.037037
53,零跑C01,3200,零跑汽车,13.68 - 20.88,,202311,1824.037037
73,零跑C01,2473,零跑汽车,13.68 - 20.88,,202312,1824.037037
80,零跑C01,1498,零跑汽车,13.68 - 20.88,,202401,1824.037037
96,零跑C01,596,零跑汽车,13.68 - 20.88,,202402,1824.037037
71,零跑C01,1904,零跑汽车,13.68 - 20.88,,202403,1824.037037
84,零跑C01,1651,零跑汽车,13.68 - 20.88,,202404,1824.037037
81,零跑C01,1954,零跑汽车,13.68 - 20.88,,202405,1824.037037
91,零跑C01,1720,零跑汽车,13.68 - 20.88,,202406,1824.037037
94,零跑C01,1706,零跑汽车,13.68 - 20.88,,202407,1824.037037
98,零跑C01,1942,零跑汽车,13.68 - 20.88,,202408,1824.037037
113,零跑C01,1746,零跑汽车,13.68 - 20.88,,202409,1824.037037
103,零跑C01,2288,零跑汽车,13.68 - 20.88,,202410,1824.037037
113,零跑C01,2344,零跑汽车,13.68 - 20.88,,202411,1824.037037
102,蔚来EC6,5,蔚来,35.80 - 41.60,,202007,1795.44898
100,蔚来EC6,9,蔚来,35.80 - 41.60,,202008,1795.44898
68,蔚来EC6,112,蔚来,35.80 - 41.60,,202009,1795.44898
24,蔚来EC6,1178,蔚来,35.80 - 41.60,,202010,1795.44898
28,蔚来EC6,1500,蔚来,35.80 - 41.60,,202011,1795.44898
16,蔚来EC6,2563,蔚来,35.80 - 41.60,,202012,1795.44898
9,蔚来EC6,3094,蔚来,35.80 - 41.60,,202101,1795.44898
11,蔚来EC6,2038,蔚来,35.80 - 41.60,,202102,1795.44898
16,蔚来EC6,2649,蔚来,35.80 - 41.60,,202103,1795.44898
17,蔚来EC6,2779,蔚来,35.80 - 41.60,,202104,1795.44898
16,蔚来EC6,2462,蔚来,35.80 - 41.60,,202105,1795.44898
21,蔚来EC6,3125,蔚来,35.80 - 41.60,,202106,1795.44898
23,蔚来EC6,2757,蔚来,35.80 - 41.60,,202107,1795.44898
43,蔚来EC6,1026,蔚来,35.80 - 41.60,,202108,1795.44898
25,蔚来EC6,2825,蔚来,35.80 - 41.60,,202109,1795.44898
40,蔚来EC6,1642,蔚来,35.80 - 41.60,,202110,1795.44898
30,蔚来EC6,3057,蔚来,35.80 - 41.60,,202111,1795.44898
39,蔚来EC6,2667,蔚来,35.80 - 41.60,,202112,1795.44898
32,蔚来EC6,2874,蔚来,35.80 - 41.60,,202201,1795.44898
39,蔚来EC6,1738,蔚来,35.80 - 41.60,,202202,1795.44898
33,蔚来EC6,3032,蔚来,35.80 - 41.60,,202203,1795.44898
43,蔚来EC6,1252,蔚来,35.80 - 41.60,,202204,1795.44898
55,蔚来EC6,1635,蔚来,35.80 - 41.60,,202205,1795.44898
56,蔚来EC6,1828,蔚来,35.80 - 41.60,,202206,1795.44898
72,蔚来EC6,1328,蔚来,35.80 - 41.60,,202207,1795.44898
78,蔚来EC6,1094,蔚来,35.80 - 41.60,,202208,1795.44898
94,蔚来EC6,915,蔚来,35.80 - 41.60,,202209,1795.44898
106,蔚来EC6,460,蔚来,35.80 - 41.60,,202210,1795.44898
111,蔚来EC6,501,蔚来,35.80 - 41.60,,202211,1795.44898
119,蔚来EC6,419,蔚来,35.80 - 41.60,,202212,1795.44898
117,蔚来EC6,179,蔚来,35.80 - 41.60,,202301,1795.44898
71,蔚来EC6,852,蔚来,35.80 - 41.60,,202302,1795.44898
84,蔚来EC6,734,蔚来,35.80 - 41.60,,202303,1795.44898
158,蔚来EC6,228,蔚来,35.80 - 41.60,,202308,1795.44898
95,蔚来EC6,1006,蔚来,35.80 - 41.60,,202309,1795.44898
61,蔚来EC6,2549,蔚来,35.80 - 41.60,,202310,1795.44898
64,蔚来EC6,2739,蔚来,35.80 - 41.60,,202311,1795.44898
66,蔚来EC6,2887,蔚来,35.80 - 41.60,,202312,1795.44898
78,蔚来EC6,1528,蔚来,35.80 - 41.60,,202401,1795.44898
71,蔚来EC6,1209,蔚来,35.80 - 41.60,,202402,1795.44898
82,蔚来EC6,1485,蔚来,35.80 - 41.60,,202403,1795.44898
68,蔚来EC6,2266,蔚来,35.80 - 41.60,,202404,1795.44898
68,蔚来EC6,2732,蔚来,35.80 - 41.60,,202405,1795.44898
72,蔚来EC6,2481,蔚来,35.80 - 41.60,,202406,1795.44898
74,蔚来EC6,2619,蔚来,35.80 - 41.60,,202407,1795.44898
90,蔚来EC6,2499,蔚来,35.80 - 41.60,,202408,1795.44898
87,蔚来EC6,2669,蔚来,35.80 - 41.60,,202409,1795.44898
99,蔚来EC6,2397,蔚来,35.80 - 41.60,,202410,1795.44898
112,蔚来EC6,2354,蔚来,35.80 - 41.60,,202411,1795.44898
85,启辰D60EV,0,东风日产,12.98 - 17.88,,201907,1788.446154
33,启辰D60EV,291,东风日产,12.98 - 17.88,,201908,1788.446154
26,启辰D60EV,455,东风日产,12.98 - 17.88,,201909,1788.446154
53,启辰D60EV,87,东风日产,12.98 - 17.88,,201910,1788.446154
35,启辰D60EV,336,东风日产,12.98 - 17.88,,201911,1788.446154
9,启辰D60EV,3746,东风日产,12.98 - 17.88,,201912,1788.446154
36,启辰D60EV,166,东风日产,12.98 - 17.88,,202001,1788.446154
57,启辰D60EV,2,东风日产,12.98 - 17.88,,202002,1788.446154
63,启辰D60EV,12,东风日产,12.98 - 17.88,,202003,1788.446154
33,启辰D60EV,279,东风日产,12.98 - 17.88,,202004,1788.446154
53,启辰D60EV,139,东风日产,12.98 - 17.88,,202005,1788.446154
49,启辰D60EV,186,东风日产,12.98 - 17.88,,202006,1788.446154
44,启辰D60EV,278,东风日产,12.98 - 17.88,,202007,1788.446154
40,启辰D60EV,364,东风日产,12.98 - 17.88,,202008,1788.446154
15,启辰D60EV,1682,东风日产,12.98 - 17.88,,202009,1788.446154
28,启辰D60EV,1041,东风日产,12.98 - 17.88,,202010,1788.446154
40,启辰D60EV,696,东风日产,12.98 - 17.88,,202011,1788.446154
27,启辰D60EV,1777,东风日产,12.98 - 17.88,,202012,1788.446154
48,启辰D60EV,419,东风日产,12.98 - 17.88,,202101,1788.446154
35,启辰D60EV,356,东风日产,12.98 - 17.88,,202102,1788.446154
14,启辰D60EV,2800,东风日产,12.98 - 17.88,,202103,1788.446154
12,启辰D60EV,3337,东风日产,12.98 - 17.88,,202104,1788.446154
11,启辰D60EV,3377,东风日产,12.98 - 17.88,,202105,1788.446154
25,启辰D60EV,2792,东风日产,12.98 - 17.88,,202106,1788.446154
16,启辰D60EV,3132,东风日产,12.98 - 17.88,,202107,1788.446154
19,启辰D60EV,3210,东风日产,12.98 - 17.88,,202108,1788.446154
28,启辰D60EV,2583,东风日产,12.98 - 17.88,,202109,1788.446154
23,启辰D60EV,3583,东风日产,12.98 - 17.88,,202110,1788.446154
21,启辰D60EV,4310,东风日产,12.98 - 17.88,,202111,1788.446154
22,启辰D60EV,5402,东风日产,12.98 - 17.88,,202112,1788.446154
41,启辰D60EV,2082,东风日产,12.98 - 17.88,,202201,1788.446154
23,启辰D60EV,3043,东风日产,12.98 - 17.88,,202202,1788.446154
81,启辰D60EV,670,东风日产,12.98 - 17.88,,202203,1788.446154
37,启辰D60EV,1471,东风日产,12.98 - 17.88,,202204,1788.446154
39,启辰D60EV,2414,东风日产,12.98 - 17.88,,202205,1788.446154
29,启辰D60EV,4522,东风日产,12.98 - 17.88,,202206,1788.446154
34,启辰D60EV,4507,东风日产,12.98 - 17.88,,202207,1788.446154
40,启辰D60EV,3751,东风日产,12.98 - 17.88,,202208,1788.446154
28,启辰D60EV,5205,东风日产,12.98 - 17.88,,202209,1788.446154
24,启辰D60EV,5784,东风日产,12.98 - 17.88,,202210,1788.446154
48,启辰D60EV,2917,东风日产,12.98 - 17.88,,202211,1788.446154
23,启辰D60EV,6418,东风日产,12.98 - 17.88,,202212,1788.446154
43,启辰D60EV,1406,东风日产,12.98 - 17.88,,202301,1788.446154
38,启辰D60EV,2039,东风日产,12.98 - 17.88,,202302,1788.446154
36,启辰D60EV,2743,东风日产,12.98 - 17.88,,202303,1788.446154
61,启辰D60EV,1284,东风日产,12.98 - 17.88,,202304,1788.446154
77,启辰D60EV,943,东风日产,12.98 - 17.88,,202305,1788.446154
129,启辰D60EV,306,东风日产,12.98 - 17.88,,202306,1788.446154
80,启辰D60EV,1215,东风日产,12.98 - 17.88,,202307,1788.446154
81,启辰D60EV,1368,东风日产,12.98 - 17.88,,202308,1788.446154
68,启辰D60EV,1838,东风日产,12.98 - 17.88,,202309,1788.446154
132,启辰D60EV,451,东风日产,12.98 - 17.88,,202310,1788.446154
99,启辰D60EV,1065,东风日产,12.98 - 17.88,,202311,1788.446154
90,启辰D60EV,1747,东风日产,12.98 - 17.88,,202312,1788.446154
91,启辰D60EV,1203,东风日产,12.98 - 17.88,,202401,1788.446154
93,启辰D60EV,632,东风日产,12.98 - 17.88,,202402,1788.446154
115,启辰D60EV,734,东风日产,12.98 - 17.88,,202403,1788.446154
127,启辰D60EV,625,东风日产,12.98 - 17.88,,202404,1788.446154
89,启辰D60EV,1589,东风日产,12.98 - 17.88,,202405,1788.446154
107,启辰D60EV,1153,东风日产,12.98 - 17.88,,202406,1788.446154
112,启辰D60EV,1214,东风日产,12.98 - 17.88,,202407,1788.446154
139,启辰D60EV,761,东风日产,12.98 - 17.88,,202408,1788.446154
130,启辰D60EV,1280,东风日产,12.98 - 17.88,,202409,1788.446154
199,启辰D60EV,347,东风日产,12.98 - 17.88,,202410,1788.446154
165,启辰D60EV,684,东风日产,12.98 - 17.88,,202411,1788.446154
108,MG4 EV,451,上汽集团,13.98 - 18.68,,202206,1774.833333
156,MG4 EV,26,上汽集团,13.98 - 18.68,,202207,1774.833333
37,MG4 EV,4053,上汽集团,13.98 - 18.68,,202208,1774.833333
27,MG4 EV,5272,上汽集团,13.98 - 18.68,,202209,1774.833333
20,MG4 EV,8354,上汽集团,13.98 - 18.68,,202210,1774.833333
16,MG4 EV,6540,上汽集团,13.98 - 18.68,,202211,1774.833333
17,MG4 EV,9793,上汽集团,13.98 - 18.68,,202212,1774.833333
52,MG4 EV,1098,上汽集团,13.98 - 18.68,,202301,1774.833333
55,MG4 EV,1086,上汽集团,13.98 - 18.68,,202302,1774.833333
69,MG4 EV,1005,上汽集团,13.98 - 18.68,,202303,1774.833333
118,MG4 EV,330,上汽集团,13.98 - 18.68,,202304,1774.833333
109,MG4 EV,398,上汽集团,13.98 - 18.68,,202305,1774.833333
131,MG4 EV,290,上汽集团,13.98 - 18.68,,202306,1774.833333
113,MG4 EV,516,上汽集团,13.98 - 18.68,,202307,1774.833333
88,MG4 EV,1014,上汽集团,13.98 - 18.68,,202308,1774.833333
87,MG4 EV,1261,上汽集团,13.98 - 18.68,,202309,1774.833333
92,MG4 EV,1224,上汽集团,13.98 - 18.68,,202310,1774.833333
82,MG4 EV,1642,上汽集团,13.98 - 18.68,,202311,1774.833333
100,MG4 EV,1322,上汽集团,13.98 - 18.68,,202312,1774.833333
129,MG4 EV,531,上汽集团,13.98 - 18.68,,202401,1774.833333
156,MG4 EV,177,上汽集团,13.98 - 18.68,,202402,1774.833333
168,MG4 EV,309,上汽集团,13.98 - 18.68,,202403,1774.833333
168,MG4 EV,271,上汽集团,13.98 - 18.68,,202404,1774.833333
176,MG4 EV,328,上汽集团,13.98 - 18.68,,202405,1774.833333
202,MG4 EV,202,上汽集团,13.98 - 18.68,,202406,1774.833333
168,MG4 EV,462,上汽集团,13.98 - 18.68,,202407,1774.833333
133,MG4 EV,828,上汽集团,13.98 - 18.68,,202408,1774.833333
125,MG4 EV,1348,上汽集团,13.98 - 18.68,,202409,1774.833333
112,MG4 EV,2030,上汽集团,13.98 - 18.68,,202410,1774.833333
140,MG4 EV,1084,上汽集团,13.98 - 18.68,,202411,1774.833333
84,别克E5,713,上汽通用别克,16.99 - 21.39,,202304,1762.947368
121,别克E5,318,上汽通用别克,16.99 - 21.39,,202305,1762.947368
40,别克E5,3587,上汽通用别克,16.99 - 21.39,,202306,1762.947368
37,别克E5,3722,上汽通用别克,16.99 - 21.39,,202307,1762.947368
41,别克E5,3961,上汽通用别克,16.99 - 21.39,,202308,1762.947368
35,别克E5,4868,上汽通用别克,16.99 - 21.39,,202309,1762.947368
82,别克E5,1693,上汽通用别克,16.99 - 21.39,,202310,1762.947368
93,别克E5,1221,上汽通用别克,16.99 - 21.39,,202311,1762.947368
73,别克E5,1699,上汽通用别克,16.99 - 21.39,,202401,1762.947368
123,别克E5,363,上汽通用别克,16.99 - 21.39,,202402,1762.947368
104,别克E5,877,上汽通用别克,16.99 - 21.39,,202403,1762.947368
110,别克E5,806,上汽通用别克,16.99 - 21.39,,202404,1762.947368
121,别克E5,851,上汽通用别克,16.99 - 21.39,,202405,1762.947368
133,别克E5,728,上汽通用别克,16.99 - 21.39,,202406,1762.947368
149,别克E5,651,上汽通用别克,16.99 - 21.39,,202407,1762.947368
141,别克E5,758,上汽通用别克,16.99 - 21.39,,202408,1762.947368
116,别克E5,1652,上汽通用别克,16.99 - 21.39,,202409,1762.947368
115,别克E5,1989,上汽通用别克,16.99 - 21.39,,202410,1762.947368
97,别克E5,3039,上汽通用别克,16.99 - 21.39,,202411,1762.947368
86,极氪009,616,极氪,43.90 - 78.90,,202302,1737.818182
44,极氪009,2146,极氪,43.90 - 78.90,,202303,1737.818182
54,极氪009,1638,极氪,43.90 - 78.90,,202304,1737.818182
50,极氪009,2106,极氪,43.90 - 78.90,,202305,1737.818182
59,极氪009,2072,极氪,43.90 - 78.90,,202306,1737.818182
72,极氪009,1502,极氪,43.90 - 78.90,,202307,1737.818182
74,极氪009,1648,极氪,43.90 - 78.90,,202308,1737.818182
75,极氪009,1627,极氪,43.90 - 78.90,,202309,1737.818182
77,极氪009,1906,极氪,43.90 - 78.90,,202310,1737.818182
83,极氪009,1639,极氪,43.90 - 78.90,,202311,1737.818182
78,极氪009,2310,极氪,43.90 - 78.90,,202312,1737.818182
113,极氪009,704,极氪,43.90 - 78.90,,202401,1737.818182
148,极氪009,232,极氪,43.90 - 78.90,,202402,1737.818182
142,极氪009,488,极氪,43.90 - 78.90,,202403,1737.818182
146,极氪009,447,极氪,43.90 - 78.90,,202404,1737.818182
157,极氪009,450,极氪,43.90 - 78.90,,202405,1737.818182
148,极氪009,586,极氪,43.90 - 78.90,,202406,1737.818182
100,极氪009,1591,极氪,43.90 - 78.90,,202407,1737.818182
71,极氪009,3195,极氪,43.90 - 78.90,,202408,1737.818182
66,极氪009,3794,极氪,43.90 - 78.90,,202409,1737.818182
82,极氪009,3334,极氪,43.90 - 78.90,,202410,1737.818182
82,极氪009,4201,极氪,43.90 - 78.90,,202411,1737.818182
116,极氪X,349,极氪,14.90 - 22.00,,202305,1695.157895
53,极氪X,2401,极氪,14.90 - 22.00,,202306,1695.157895
35,极氪X,4367,极氪,14.90 - 22.00,,202307,1695.157895
42,极氪X,3833,极氪,14.90 - 22.00,,202308,1695.157895
72,极氪X,1725,极氪,14.90 - 22.00,,202309,1695.157895
58,极氪X,2654,极氪,14.90 - 22.00,,202310,1695.157895
41,极氪X,4714,极氪,14.90 - 22.00,,202311,1695.157895
77,极氪X,2329,极氪,14.90 - 22.00,,202312,1695.157895
112,极氪X,708,极氪,14.90 - 22.00,,202401,1695.157895
115,极氪X,411,极氪,14.90 - 22.00,,202402,1695.157895
159,极氪X,365,极氪,14.90 - 22.00,,202403,1695.157895
135,极氪X,548,极氪,14.90 - 22.00,,202404,1695.157895
165,极氪X,378,极氪,14.90 - 22.00,,202405,1695.157895
127,极氪X,821,极氪,14.90 - 22.00,,202406,1695.157895
110,极氪X,1231,极氪,14.90 - 22.00,,202407,1695.157895
125,极氪X,1077,极氪,14.90 - 22.00,,202408,1695.157895
139,极氪X,1015,极氪,14.90 - 22.00,,202409,1695.157895
134,极氪X,1208,极氪,14.90 - 22.00,,202410,1695.157895
119,极氪X,2074,极氪,14.90 - 22.00,,202411,1695.157895
3,帝豪新能源,2586,吉利新能源,13.58 - 16.18,,201704,1691.458824
4,帝豪新能源,3015,吉利新能源,13.58 - 16.18,,201705,1691.458824
12,帝豪新能源,478,吉利新能源,13.58 - 16.18,,201706,1691.458824
6,帝豪新能源,1715,吉利新能源,13.58 - 16.18,,201707,1691.458824
4,帝豪新能源,4114,吉利新能源,13.58 - 16.18,,201708,1691.458824
7,帝豪新能源,2437,吉利新能源,13.58 - 16.18,,201709,1691.458824
11,帝豪新能源,1742,吉利新能源,13.58 - 16.18,,201710,1691.458824
8,帝豪新能源,2570,吉利新能源,13.58 - 16.18,,201711,1691.458824
7,帝豪新能源,2764,吉利新能源,13.58 - 16.18,,201712,1691.458824
13,帝豪新能源,466,吉利新能源,13.58 - 16.18,,201801,1691.458824
9,帝豪新能源,581,吉利新能源,13.58 - 16.18,,201802,1691.458824
10,帝豪新能源,1527,吉利新能源,13.58 - 16.18,,201803,1691.458824
9,帝豪新能源,2726,吉利新能源,13.58 - 16.18,,201804,1691.458824
5,帝豪新能源,3566,吉利新能源,13.58 - 16.18,,201805,1691.458824
6,帝豪新能源,2433,吉利新能源,13.58 - 16.18,,201806,1691.458824
9,帝豪新能源,2500,吉利新能源,13.58 - 16.18,,201807,1691.458824
2,帝豪新能源,4647,吉利新能源,13.58 - 16.18,,201808,1691.458824
8,帝豪新能源,3193,吉利新能源,13.58 - 16.18,,201809,1691.458824
14,帝豪新能源,2471,吉利新能源,13.58 - 16.18,,201810,1691.458824
7,帝豪新能源,4508,吉利新能源,13.58 - 16.18,,201811,1691.458824
13,帝豪新能源,2808,吉利新能源,13.58 - 16.18,,201812,1691.458824
11,帝豪新能源,2578,吉利新能源,13.58 - 16.18,,201901,1691.458824
2,帝豪新能源,3892,吉利新能源,13.58 - 16.18,,201902,1691.458824
6,帝豪新能源,4207,吉利新能源,13.58 - 16.18,,201903,1691.458824
4,帝豪新能源,5225,吉利新能源,13.58 - 16.18,,201904,1691.458824
8,帝豪新能源,3348,吉利新能源,13.58 - 16.18,,201905,1691.458824
7,帝豪新能源,4465,吉利新能源,13.58 - 16.18,,201906,1691.458824
18,帝豪新能源,825,吉利新能源,13.58 - 16.18,,201907,1691.458824
8,帝豪新能源,2330,吉利新能源,13.58 - 16.18,,201908,1691.458824
27,帝豪新能源,430,吉利新能源,13.58 - 16.18,,201909,1691.458824
63,帝豪新能源,37,吉利新能源,13.58 - 16.18,,201910,1691.458824
9,帝豪新能源,2104,吉利新能源,13.58 - 16.18,,201911,1691.458824
127,帝豪新能源,0,吉利新能源,13.58 - 16.18,,201912,1691.458824
37,帝豪新能源,158,吉利新能源,13.58 - 16.18,,202001,1691.458824
29,帝豪新能源,43,吉利新能源,13.58 - 16.18,,202002,1691.458824
32,帝豪新能源,203,吉利新能源,13.58 - 16.18,,202003,1691.458824
22,帝豪新能源,621,吉利新能源,13.58 - 16.18,,202004,1691.458824
21,帝豪新能源,927,吉利新能源,13.58 - 16.18,,202005,1691.458824
30,帝豪新能源,785,吉利新能源,13.58 - 16.18,,202006,1691.458824
29,帝豪新能源,780,吉利新能源,13.58 - 16.18,,202007,1691.458824
26,帝豪新能源,893,吉利新能源,13.58 - 16.18,,202008,1691.458824
64,帝豪新能源,129,吉利新能源,13.58 - 16.18,,202009,1691.458824
35,帝豪新能源,880,吉利新能源,13.58 - 16.18,,202010,1691.458824
23,帝豪新能源,1771,吉利新能源,13.58 - 16.18,,202011,1691.458824
17,帝豪新能源,2503,吉利新能源,13.58 - 16.18,,202012,1691.458824
27,帝豪新能源,902,吉利新能源,13.58 - 16.18,,202101,1691.458824
39,帝豪新能源,264,吉利新能源,13.58 - 16.18,,202102,1691.458824
36,帝豪新能源,893,吉利新能源,13.58 - 16.18,,202103,1691.458824
45,帝豪新能源,523,吉利新能源,13.58 - 16.18,,202104,1691.458824
26,帝豪新能源,1445,吉利新能源,13.58 - 16.18,,202105,1691.458824
23,帝豪新能源,2843,吉利新能源,13.58 - 16.18,,202106,1691.458824
129,帝豪新能源,0,吉利新能源,13.58 - 16.18,,202107,1691.458824
174,帝豪新能源,0,吉利新能源,13.58 - 16.18,,202107,1691.458824
21,帝豪新能源,2908,吉利新能源,13.58 - 16.18,,202108,1691.458824
101,帝豪新能源,52,吉利新能源,13.58 - 16.18,,202109,1691.458824
180,帝豪新能源,0,吉利新能源,13.58 - 16.18,,202110,1691.458824
138,帝豪新能源,3,吉利新能源,13.58 - 16.18,,202111,1691.458824
139,帝豪新能源,10,吉利新能源,13.58 - 16.18,,202112,1691.458824
33,帝豪新能源,2666,吉利新能源,13.58 - 16.18,,202201,1691.458824
29,帝豪新能源,2494,吉利新能源,13.58 - 16.18,,202202,1691.458824
36,帝豪新能源,2745,吉利新能源,13.58 - 16.18,,202203,1691.458824
24,帝豪新能源,2622,吉利新能源,13.58 - 16.18,,202204,1691.458824
56,帝豪新能源,1598,吉利新能源,13.58 - 16.18,,202205,1691.458824
101,帝豪新能源,490,吉利新能源,13.58 - 16.18,,202206,1691.458824
69,帝豪新能源,1419,吉利新能源,13.58 - 16.18,,202207,1691.458824
64,帝豪新能源,1638,吉利新能源,13.58 - 16.18,,202208,1691.458824
51,帝豪新能源,2507,吉利新能源,13.58 - 16.18,,202209,1691.458824
44,帝豪新能源,2742,吉利新能源,13.58 - 16.18,,202210,1691.458824
40,帝豪新能源,3426,吉利新能源,13.58 - 16.18,,202211,1691.458824
46,帝豪新能源,3753,吉利新能源,13.58 - 16.18,,202212,1691.458824
31,帝豪新能源,2044,吉利新能源,13.58 - 16.18,,202301,1691.458824
39,帝豪新能源,2032,吉利新能源,13.58 - 16.18,,202302,1691.458824
35,帝豪新能源,2916,吉利新能源,13.58 - 16.18,,202303,1691.458824
105,帝豪新能源,430,吉利新能源,13.58 - 16.18,,202304,1691.458824
105,帝豪新能源,443,吉利新能源,13.58 - 16.18,,202305,1691.458824
80,帝豪新能源,1232,吉利新能源,13.58 - 16.18,,202306,1691.458824
119,帝豪新能源,489,吉利新能源,13.58 - 16.18,,202307,1691.458824
99,帝豪新能源,823,吉利新能源,13.58 - 16.18,,202308,1691.458824
132,帝豪新能源,470,吉利新能源,13.58 - 16.18,,202309,1691.458824
168,帝豪新能源,172,吉利新能源,13.58 - 16.18,,202310,1691.458824
157,帝豪新能源,272,吉利新能源,13.58 - 16.18,,202311,1691.458824
179,帝豪新能源,213,吉利新能源,13.58 - 16.18,,202312,1691.458824
106,帝豪新能源,784,吉利新能源,13.58 - 16.18,,202401,1691.458824
85,帝豪新能源,775,吉利新能源,13.58 - 16.18,,202402,1691.458824
141,帝豪新能源,489,吉利新能源,13.58 - 16.18,,202403,1691.458824
169,帝豪新能源,266,吉利新能源,13.58 - 16.18,,202404,1691.458824
43,名爵EZS纯电动,158,上汽集团,11.98 - 14.98,,201903,1623.911765
30,名爵EZS纯电动,659,上汽集团,11.98 - 14.98,,201904,1623.911765
27,名爵EZS纯电动,1015,上汽集团,11.98 - 14.98,,201905,1623.911765
41,名爵EZS纯电动,248,上汽集团,11.98 - 14.98,,201906,1623.911765
24,名爵EZS纯电动,477,上汽集团,11.98 - 14.98,,201907,1623.911765
11,名爵EZS纯电动,1874,上汽集团,11.98 - 14.98,,201908,1623.911765
12,名爵EZS纯电动,1800,上汽集团,11.98 - 14.98,,201909,1623.911765
5,名爵EZS纯电动,2549,上汽集团,11.98 - 14.98,,201910,1623.911765
3,名爵EZS纯电动,3687,上汽集团,11.98 - 14.98,,201911,1623.911765
7,名爵EZS纯电动,4714,上汽集团,11.98 - 14.98,,201912,1623.911765
9,名爵EZS纯电动,1429,上汽集团,11.98 - 14.98,,202001,1623.911765
12,名爵EZS纯电动,334,上汽集团,11.98 - 14.98,,202002,1623.911765
3,名爵EZS纯电动,2533,上汽集团,11.98 - 14.98,,202003,1623.911765
68,名爵EZS纯电动,24,上汽集团,11.98 - 14.98,,202004,1623.911765
48,名爵EZS纯电动,156,上汽集团,11.98 - 14.98,,202005,1623.911765
26,名爵EZS纯电动,998,上汽集团,11.98 - 14.98,,202006,1623.911765
14,名爵EZS纯电动,1752,上汽集团,11.98 - 14.98,,202007,1623.911765
11,名爵EZS纯电动,1927,上汽集团,11.98 - 14.98,,202008,1623.911765
10,名爵EZS纯电动,2793,上汽集团,11.98 - 14.98,,202009,1623.911765
6,名爵EZS纯电动,3796,上汽集团,11.98 - 14.98,,202010,1623.911765
8,名爵EZS纯电动,3922,上汽集团,11.98 - 14.98,,202011,1623.911765
7,名爵EZS纯电动,4303,上汽集团,11.98 - 14.98,,202012,1623.911765
31,名爵EZS纯电动,713,上汽集团,11.98 - 14.98,,202101,1623.911765
29,名爵EZS纯电动,417,上汽集团,11.98 - 14.98,,202102,1623.911765
38,名爵EZS纯电动,852,上汽集团,11.98 - 14.98,,202103,1623.911765
40,名爵EZS纯电动,660,上汽集团,11.98 - 14.98,,202104,1623.911765
66,名爵EZS纯电动,228,上汽集团,11.98 - 14.98,,202105,1623.911765
63,名爵EZS纯电动,307,上汽集团,11.98 - 14.98,,202106,1623.911765
110,名爵EZS纯电动,9,上汽集团,11.98 - 14.98,,202107,1623.911765
55,名爵EZS纯电动,621,上汽集团,11.98 - 14.98,,202108,1623.911765
31,名爵EZS纯电动,1984,上汽集团,11.98 - 14.98,,202109,1623.911765
32,名爵EZS纯电动,2442,上汽集团,11.98 - 14.98,,202110,1623.911765
29,名爵EZS纯电动,3102,上汽集团,11.98 - 14.98,,202111,1623.911765
37,名爵EZS纯电动,2730,上汽集团,11.98 - 14.98,,202112,1623.911765
128,蓝电E5,250,赛力斯蓝电,9.98 - 15.39,,202303,1596.571429
97,蓝电E5,483,赛力斯蓝电,9.98 - 15.39,,202304,1596.571429
113,蓝电E5,376,赛力斯蓝电,9.98 - 15.39,,202305,1596.571429
126,蓝电E5,352,赛力斯蓝电,9.98 - 15.39,,202306,1596.571429
114,蓝电E5,514,赛力斯蓝电,9.98 - 15.39,,202307,1596.571429
134,蓝电E5,390,赛力斯蓝电,9.98 - 15.39,,202308,1596.571429
119,蓝电E5,607,赛力斯蓝电,9.98 - 15.39,,202309,1596.571429
103,蓝电E5,925,赛力斯蓝电,9.98 - 15.39,,202310,1596.571429
85,蓝电E5,1556,赛力斯蓝电,9.98 - 15.39,,202311,1596.571429
58,蓝电E5,3474,赛力斯蓝电,9.98 - 15.39,,202312,1596.571429
33,蓝电E5,5289,赛力斯蓝电,9.98 - 15.39,,202401,1596.571429
50,蓝电E5,1915,赛力斯蓝电,9.98 - 15.39,,202402,1596.571429
66,蓝电E5,2185,赛力斯蓝电,9.98 - 15.39,,202403,1596.571429
69,蓝电E5,2256,赛力斯蓝电,9.98 - 15.39,,202404,1596.571429
86,蓝电E5,1705,赛力斯蓝电,9.98 - 15.39,,202405,1596.571429
80,蓝电E5,2173,赛力斯蓝电,9.98 - 15.39,,202406,1596.571429
90,蓝电E5,1843,赛力斯蓝电,9.98 - 15.39,,202407,1596.571429
104,蓝电E5,1608,赛力斯蓝电,9.98 - 15.39,,202408,1596.571429
126,蓝电E5,1336,赛力斯蓝电,9.98 - 15.39,,202409,1596.571429
175,蓝电E5,634,赛力斯蓝电,9.98 - 15.39,,202410,1596.571429
90,蓝电E5,3657,赛力斯蓝电,9.98 - 15.39,,202411,1596.571429
108,奥迪Q4 e-tron,510,一汽-大众奥迪,28.99 - 36.71,,202208,1594.178571
89,奥迪Q4 e-tron,1088,一汽-大众奥迪,28.99 - 36.71,,202209,1594.178571
79,奥迪Q4 e-tron,973,一汽-大众奥迪,28.99 - 36.71,,202210,1594.178571
58,奥迪Q4 e-tron,2213,一汽-大众奥迪,28.99 - 36.71,,202211,1594.178571
73,奥迪Q4 e-tron,1842,一汽-大众奥迪,28.99 - 36.71,,202212,1594.178571
78,奥迪Q4 e-tron,508,一汽-大众奥迪,28.99 - 36.71,,202301,1594.178571
91,奥迪Q4 e-tron,553,一汽-大众奥迪,28.99 - 36.71,,202302,1594.178571
52,奥迪Q4 e-tron,1517,一汽-大众奥迪,28.99 - 36.71,,202303,1594.178571
48,奥迪Q4 e-tron,2002,一汽-大众奥迪,28.99 - 36.71,,202304,1594.178571
51,奥迪Q4 e-tron,2051,一汽-大众奥迪,28.99 - 36.71,,202305,1594.178571
54,奥迪Q4 e-tron,2351,一汽-大众奥迪,28.99 - 36.71,,202306,1594.178571
54,奥迪Q4 e-tron,2503,一汽-大众奥迪,28.99 - 36.71,,202307,1594.178571
54,奥迪Q4 e-tron,2301,一汽-大众奥迪,28.99 - 36.71,,202308,1594.178571
57,奥迪Q4 e-tron,2406,一汽-大众奥迪,28.99 - 36.71,,202309,1594.178571
70,奥迪Q4 e-tron,2103,一汽-大众奥迪,28.99 - 36.71,,202310,1594.178571
67,奥迪Q4 e-tron,2301,一汽-大众奥迪,28.99 - 36.71,,202311,1594.178571
68,奥迪Q4 e-tron,2754,一汽-大众奥迪,28.99 - 36.71,,202312,1594.178571
87,奥迪Q4 e-tron,1276,一汽-大众奥迪,28.99 - 36.71,,202401,1594.178571
86,奥迪Q4 e-tron,750,一汽-大众奥迪,28.99 - 36.71,,202402,1594.178571
88,奥迪Q4 e-tron,1421,一汽-大众奥迪,28.99 - 36.71,,202403,1594.178571
86,奥迪Q4 e-tron,1523,一汽-大众奥迪,28.99 - 36.71,,202404,1594.178571
100,奥迪Q4 e-tron,1200,一汽-大众奥迪,28.99 - 36.71,,202405,1594.178571
104,奥迪Q4 e-tron,1301,一汽-大众奥迪,28.99 - 36.71,,202406,1594.178571
111,奥迪Q4 e-tron,1214,一汽-大众奥迪,28.99 - 36.71,,202407,1594.178571
111,奥迪Q4 e-tron,1400,一汽-大众奥迪,28.99 - 36.71,,202408,1594.178571
114,奥迪Q4 e-tron,1699,一汽-大众奥迪,28.99 - 36.71,,202409,1594.178571
125,奥迪Q4 e-tron,1462,一汽-大众奥迪,28.99 - 36.71,,202410,1594.178571
130,奥迪Q4 e-tron,1415,一汽-大众奥迪,28.99 - 36.71,,202411,1594.178571
60,飞凡MARVEL R,1078,上汽集团,21.98 - 25.98,,202201,1587.666667
64,飞凡MARVEL R,760,上汽集团,21.98 - 25.98,,202202,1587.666667
98,飞凡MARVEL R,336,上汽集团,21.98 - 25.98,,202203,1587.666667
108,飞凡MARVEL R,169,上汽集团,21.98 - 25.98,,202204,1587.666667
68,飞凡MARVEL R,1049,上汽集团,21.98 - 25.98,,202205,1587.666667
59,飞凡MARVEL R,1753,上汽集团,21.98 - 25.98,,202206,1587.666667
40,飞凡MARVEL R,3187,上汽集团,21.98 - 25.98,,202207,1587.666667
41,飞凡MARVEL R,3724,上汽集团,21.98 - 25.98,,202208,1587.666667
60,飞凡MARVEL R,2195,上汽集团,21.98 - 25.98,,202209,1587.666667
61,飞凡MARVEL R,1832,上汽集团,21.98 - 25.98,,202210,1587.666667
88,飞凡MARVEL R,1017,上汽集团,21.98 - 25.98,,202211,1587.666667
72,飞凡MARVEL R,1952,上汽集团,21.98 - 25.98,,202212,1587.666667
138,红旗HS3 PHEV,1034,一汽红旗,15.98 - 15.98,,202409,1584.666667
108,红旗HS3 PHEV,2196,一汽红旗,15.98 - 15.98,,202410,1584.666667
126,红旗HS3 PHEV,1524,一汽红旗,15.98 - 15.98,,202411,1584.666667
114,奔腾NAT,5,一汽奔腾,14.78 - 16.48,,202106,1564.452381
77,奔腾NAT,145,一汽奔腾,14.78 - 16.48,,202107,1564.452381
58,奔腾NAT,544,一汽奔腾,14.78 - 16.48,,202108,1564.452381
56,奔腾NAT,636,一汽奔腾,14.78 - 16.48,,202109,1564.452381
82,奔腾NAT,216,一汽奔腾,14.78 - 16.48,,202110,1564.452381
67,奔腾NAT,682,一汽奔腾,14.78 - 16.48,,202111,1564.452381
17,奔腾NAT,6890,一汽奔腾,14.78 - 16.48,,202112,1564.452381
128,奔腾NAT,57,一汽奔腾,14.78 - 16.48,,202201,1564.452381
116,奔腾NAT,101,一汽奔腾,14.78 - 16.48,,202202,1564.452381
116,奔腾NAT,204,一汽奔腾,14.78 - 16.48,,202203,1564.452381
130,奔腾NAT,41,一汽奔腾,14.78 - 16.48,,202204,1564.452381
49,奔腾NAT,1772,一汽奔腾,14.78 - 16.48,,202205,1564.452381
55,奔腾NAT,1871,一汽奔腾,14.78 - 16.48,,202206,1564.452381
62,奔腾NAT,1709,一汽奔腾,14.78 - 16.48,,202207,1564.452381
45,奔腾NAT,3266,一汽奔腾,14.78 - 16.48,,202208,1564.452381
38,奔腾NAT,3585,一汽奔腾,14.78 - 16.48,,202209,1564.452381
112,奔腾NAT,381,一汽奔腾,14.78 - 16.48,,202210,1564.452381
46,奔腾NAT,3013,一汽奔腾,14.78 - 16.48,,202211,1564.452381
36,奔腾NAT,4243,一汽奔腾,14.78 - 16.48,,202212,1564.452381
94,奔腾NAT,328,一汽奔腾,14.78 - 16.48,,202301,1564.452381
47,奔腾NAT,1369,一汽奔腾,14.78 - 16.48,,202302,1564.452381
47,奔腾NAT,1926,一汽奔腾,14.78 - 16.48,,202303,1564.452381
47,奔腾NAT,2216,一汽奔腾,14.78 - 16.48,,202304,1564.452381
65,奔腾NAT,1318,一汽奔腾,14.78 - 16.48,,202305,1564.452381
36,奔腾NAT,3887,一汽奔腾,14.78 - 16.48,,202306,1564.452381
74,奔腾NAT,1356,一汽奔腾,14.78 - 16.48,,202307,1564.452381
56,奔腾NAT,2251,一汽奔腾,14.78 - 16.48,,202308,1564.452381
82,奔腾NAT,1377,一汽奔腾,14.78 - 16.48,,202309,1564.452381
95,奔腾NAT,1134,一汽奔腾,14.78 - 16.48,,202310,1564.452381
101,奔腾NAT,1051,一汽奔腾,14.78 - 16.48,,202311,1564.452381
102,奔腾NAT,1260,一汽奔腾,14.78 - 16.48,,202312,1564.452381
116,奔腾NAT,657,一汽奔腾,14.78 - 16.48,,202401,1564.452381
145,奔腾NAT,247,一汽奔腾,14.78 - 16.48,,202402,1564.452381
67,奔腾NAT,2104,一汽奔腾,14.78 - 16.48,,202403,1564.452381
98,奔腾NAT,1038,一汽奔腾,14.78 - 16.48,,202404,1564.452381
91,奔腾NAT,1534,一汽奔腾,14.78 - 16.48,,202405,1564.452381
71,奔腾NAT,2489,一汽奔腾,14.78 - 16.48,,202406,1564.452381
164,奔腾NAT,500,一汽奔腾,14.78 - 16.48,,202407,1564.452381
68,奔腾NAT,3344,一汽奔腾,14.78 - 16.48,,202408,1564.452381
79,奔腾NAT,2992,一汽奔腾,14.78 - 16.48,,202409,1564.452381
126,奔腾NAT,1389,一汽奔腾,14.78 - 16.48,,202410,1564.452381
176,奔腾NAT,579,一汽奔腾,14.78 - 16.48,,202411,1564.452381
15,宝马5系新能源,2164,华晨宝马,49.99 - 54.65,,201810,1559.041667
15,宝马5系新能源,2650,华晨宝马,49.99 - 54.65,,201811,1559.041667
42,宝马5系新能源,452,华晨宝马,49.99 - 54.65,,201812,1559.041667
52,宝马5系新能源,25,华晨宝马,49.99 - 54.65,,201901,1559.041667
29,宝马5系新能源,259,华晨宝马,49.99 - 54.65,,201902,1559.041667
14,宝马5系新能源,2106,华晨宝马,49.99 - 54.65,,201903,1559.041667
12,宝马5系新能源,2615,华晨宝马,49.99 - 54.65,,201904,1559.041667
11,宝马5系新能源,2878,华晨宝马,49.99 - 54.65,,201905,1559.041667
15,宝马5系新能源,2593,华晨宝马,49.99 - 54.65,,201906,1559.041667
4,宝马5系新能源,2752,华晨宝马,49.99 - 54.65,,201907,1559.041667
4,宝马5系新能源,3001,华晨宝马,49.99 - 54.65,,201908,1559.041667
3,宝马5系新能源,3393,华晨宝马,49.99 - 54.65,,201909,1559.041667
4,宝马5系新能源,2764,华晨宝马,49.99 - 54.65,,201910,1559.041667
4,宝马5系新能源,2917,华晨宝马,49.99 - 54.65,,201911,1559.041667
12,宝马5系新能源,2300,华晨宝马,49.99 - 54.65,,201912,1559.041667
2,宝马5系新能源,3000,华晨宝马,49.99 - 54.65,,202001,1559.041667
5,宝马5系新能源,445,华晨宝马,49.99 - 54.65,,202002,1559.041667
4,宝马5系新能源,2093,华晨宝马,49.99 - 54.65,,202003,1559.041667
4,宝马5系新能源,2575,华晨宝马,49.99 - 54.65,,202004,1559.041667
6,宝马5系新能源,2598,华晨宝马,49.99 - 54.65,,202005,1559.041667
5,宝马5系新能源,2853,华晨宝马,49.99 - 54.65,,202006,1559.041667
9,宝马5系新能源,2400,华晨宝马,49.99 - 54.65,,202007,1559.041667
10,宝马5系新能源,1987,华晨宝马,49.99 - 54.65,,202008,1559.041667
25,宝马5系新能源,3787,华晨宝马,49.99 - 54.65,,202201,1559.041667
51,宝马5系新能源,1177,华晨宝马,49.99 - 54.65,,202202,1559.041667
75,宝马5系新能源,979,华晨宝马,49.99 - 54.65,,202203,1559.041667
68,宝马5系新能源,631,华晨宝马,49.99 - 54.65,,202204,1559.041667
51,宝马5系新能源,1708,华晨宝马,49.99 - 54.65,,202205,1559.041667
71,宝马5系新能源,1365,华晨宝马,49.99 - 54.65,,202206,1559.041667
71,宝马5系新能源,1338,华晨宝马,49.99 - 54.65,,202207,1559.041667
66,宝马5系新能源,1591,华晨宝马,49.99 - 54.65,,202208,1559.041667
73,宝马5系新能源,1393,华晨宝马,49.99 - 54.65,,202209,1559.041667
64,宝马5系新能源,1723,华晨宝马,49.99 - 54.65,,202210,1559.041667
82,宝马5系新能源,1223,华晨宝马,49.99 - 54.65,,202211,1559.041667
105,宝马5系新能源,685,华晨宝马,49.99 - 54.65,,202212,1559.041667
48,宝马5系新能源,1249,华晨宝马,49.99 - 54.65,,202301,1559.041667
76,宝马5系新能源,731,华晨宝马,49.99 - 54.65,,202302,1559.041667
92,宝马5系新能源,618,华晨宝马,49.99 - 54.65,,202303,1559.041667
89,宝马5系新能源,619,华晨宝马,49.99 - 54.65,,202304,1559.041667
121,宝马5系新能源,383,华晨宝马,49.99 - 54.65,,202306,1559.041667
121,宝马5系新能源,447,华晨宝马,49.99 - 54.65,,202307,1559.041667
131,宝马5系新能源,407,华晨宝马,49.99 - 54.65,,202308,1559.041667
140,宝马5系新能源,376,华晨宝马,49.99 - 54.65,,202309,1559.041667
139,宝马5系新能源,390,华晨宝马,49.99 - 54.65,,202310,1559.041667
146,宝马5系新能源,390,华晨宝马,49.99 - 54.65,,202311,1559.041667
151,宝马5系新能源,446,华晨宝马,49.99 - 54.65,,202312,1559.041667
160,宝马5系新能源,246,华晨宝马,49.99 - 54.65,,202401,1559.041667
175,宝马5系新能源,112,华晨宝马,49.99 - 54.65,,202402,1559.041667
78,深蓝G318,2483,深蓝汽车,17.59 - 31.80,,202407,1549.2
114,深蓝G318,1280,深蓝汽车,17.59 - 31.80,,202408,1549.2
110,深蓝G318,1844,深蓝汽车,17.59 - 31.80,,202409,1549.2
137,深蓝G318,1116,深蓝汽车,17.59 - 31.80,,202410,1549.2
146,深蓝G318,1023,深蓝汽车,17.59 - 31.80,,202411,1549.2
45,欧拉白猫,277,长城新能源,7.18 - 10.68,,202007,1514.222222
22,欧拉白猫,1035,长城新能源,7.18 - 10.68,,202008,1514.222222
27,欧拉白猫,915,长城新能源,7.18 - 10.68,,202009,1514.222222
16,欧拉白猫,1651,长城新能源,7.18 - 10.68,,202010,1514.222222
19,欧拉白猫,2054,长城新能源,7.18 - 10.68,,202011,1514.222222
44,欧拉白猫,719,长城新能源,7.18 - 10.68,,202012,1514.222222
12,欧拉白猫,2089,长城新能源,7.18 - 10.68,,202101,1514.222222
17,欧拉白猫,1279,长城新能源,7.18 - 10.68,,202102,1514.222222
18,欧拉白猫,2406,长城新能源,7.18 - 10.68,,202103,1514.222222
22,欧拉白猫,1599,长城新能源,7.18 - 10.68,,202104,1514.222222
43,欧拉白猫,625,长城新能源,7.18 - 10.68,,202105,1514.222222
40,欧拉白猫,878,长城新能源,7.18 - 10.68,,202106,1514.222222
30,欧拉白猫,1719,长城新能源,7.18 - 10.68,,202107,1514.222222
38,欧拉白猫,1145,长城新能源,7.18 - 10.68,,202108,1514.222222
30,欧拉白猫,2358,长城新能源,7.18 - 10.68,,202109,1514.222222
45,欧拉白猫,1311,长城新能源,7.18 - 10.68,,202110,1514.222222
31,欧拉白猫,3011,长城新能源,7.18 - 10.68,,202111,1514.222222
47,欧拉白猫,2185,长城新能源,7.18 - 10.68,,202112,1514.222222
160,宝骏云朵,145,上汽通用五菱,9.58 - 14.58,,202307,1512.176471
68,宝骏云朵,1830,上汽通用五菱,9.58 - 14.58,,202308,1512.176471
84,宝骏云朵,1350,上汽通用五菱,9.58 - 14.58,,202309,1512.176471
81,宝骏云朵,1753,上汽通用五菱,9.58 - 14.58,,202310,1512.176471
59,宝骏云朵,2954,上汽通用五菱,9.58 - 14.58,,202311,1512.176471
56,宝骏云朵,3487,上汽通用五菱,9.58 - 14.58,,202312,1512.176471
77,宝骏云朵,1531,上汽通用五菱,9.58 - 14.58,,202401,1512.176471
147,宝骏云朵,243,上汽通用五菱,9.58 - 14.58,,202402,1512.176471
166,宝骏云朵,328,上汽通用五菱,9.58 - 14.58,,202403,1512.176471
149,宝骏云朵,405,上汽通用五菱,9.58 - 14.58,,202404,1512.176471
108,宝骏云朵,1074,上汽通用五菱,9.58 - 14.58,,202405,1512.176471
105,宝骏云朵,1267,上汽通用五菱,9.58 - 14.58,,202406,1512.176471
82,宝骏云朵,2207,上汽通用五菱,9.58 - 14.58,,202407,1512.176471
76,宝骏云朵,2830,上汽通用五菱,9.58 - 14.58,,202408,1512.176471
103,宝骏云朵,2343,上汽通用五菱,9.58 - 14.58,,202409,1512.176471
132,宝骏云朵,1243,上汽通用五菱,9.58 - 14.58,,202410,1512.176471
164,宝骏云朵,717,上汽通用五菱,9.58 - 14.58,,202411,1512.176471
162,极狐考拉,207,北汽新能源,11.98 - 16.98,,202308,1511.5625
80,极狐考拉,1405,北汽新能源,11.98 - 16.98,,202309,1511.5625
85,极狐考拉,1505,北汽新能源,11.98 - 16.98,,202310,1511.5625
102,极狐考拉,1035,北汽新能源,11.98 - 16.98,,202311,1511.5625
61,极狐考拉,3134,北汽新能源,11.98 - 16.98,,202312,1511.5625
194,极狐考拉,92,北汽新能源,11.98 - 16.98,,202401,1511.5625
206,极狐考拉,34,北汽新能源,11.98 - 16.98,,202402,1511.5625
203,极狐考拉,123,北汽新能源,11.98 - 16.98,,202403,1511.5625
217,极狐考拉,71,北汽新能源,11.98 - 16.98,,202404,1511.5625
213,极狐考拉,128,北汽新能源,11.98 - 16.98,,202405,1511.5625
65,极狐考拉,3250,北汽新能源,11.98 - 16.98,,202406,1511.5625
96,极狐考拉,1628,北汽新能源,11.98 - 16.98,,202407,1511.5625
78,极狐考拉,2825,北汽新能源,11.98 - 16.98,,202408,1511.5625
88,极狐考拉,2669,北汽新能源,11.98 - 16.98,,202409,1511.5625
76,极狐考拉,3953,北汽新能源,11.98 - 16.98,,202410,1511.5625
117,极狐考拉,2126,北汽新能源,11.98 - 16.98,,202411,1511.5625
269,宝骏云海,3,上汽通用五菱,11.18 - 13.58,,202407,1501
199,宝骏云海,303,上汽通用五菱,11.18 - 13.58,,202408,1501
118,宝骏云海,1489,上汽通用五菱,11.18 - 13.58,,202409,1501
85,宝骏云海,3242,上汽通用五菱,11.18 - 13.58,,202410,1501
106,宝骏云海,2468,上汽通用五菱,11.18 - 13.58,,202411,1501
4,江淮iEV,1373,江淮汽车,9.45 - 9.45,,201604,1488.935484
7,江淮iEV,992,江淮汽车,9.45 - 9.45,,201608,1488.935484
3,江淮iEV,1489,江淮汽车,9.45 - 9.45,,201609,1488.935484
7,江淮iEV,943,江淮汽车,9.45 - 9.45,,201610,1488.935484
7,江淮iEV,1221,江淮汽车,9.45 - 9.45,,201611,1488.935484
3,江淮iEV,2495,江淮汽车,9.45 - 9.45,,201612,1488.935484
10,江淮iEV,125,江淮汽车,9.45 - 9.45,,201702,1488.935484
4,江淮iEV,1501,江淮汽车,9.45 - 9.45,,201703,1488.935484
5,江淮iEV,2017,江淮汽车,9.45 - 9.45,,201704,1488.935484
5,江淮iEV,2756,江淮汽车,9.45 - 9.45,,201705,1488.935484
4,江淮iEV,3001,江淮汽车,9.45 - 9.45,,201706,1488.935484
5,江淮iEV,2462,江淮汽车,9.45 - 9.45,,201707,1488.935484
5,江淮iEV,2603,江淮汽车,9.45 - 9.45,,201708,1488.935484
4,江淮iEV,2745,江淮汽车,9.45 - 9.45,,201709,1488.935484
4,江淮iEV,3135,江淮汽车,9.45 - 9.45,,201710,1488.935484
2,江淮iEV,5467,江淮汽车,9.45 - 9.45,,201711,1488.935484
14,江淮iEV,1523,江淮汽车,9.45 - 9.45,,201712,1488.935484
2,江淮iEV,3356,江淮汽车,9.45 - 9.45,,201801,1488.935484
3,江淮iEV,2763,江淮汽车,9.45 - 9.45,,201802,1488.935484
2,江淮iEV,4747,江淮汽车,9.45 - 9.45,,201803,1488.935484
6,江淮iEV,3569,江淮汽车,9.45 - 9.45,,201804,1488.935484
10,江淮iEV,2517,江淮汽车,9.45 - 9.45,,201805,1488.935484
8,江淮iEV,1859,江淮汽车,9.45 - 9.45,,201806,1488.935484
1,江淮iEV,5188,江淮汽车,9.45 - 9.45,,201807,1488.935484
5,江淮iEV,4450,江淮汽车,9.45 - 9.45,,201808,1488.935484
5,江淮iEV,4621,江淮汽车,9.45 - 9.45,,201809,1488.935484
6,江淮iEV,4790,江淮汽车,9.45 - 9.45,,201810,1488.935484
8,江淮iEV,4507,江淮汽车,9.45 - 9.45,,201811,1488.935484
15,江淮iEV,2587,江淮汽车,9.45 - 9.45,,201812,1488.935484
36,江淮iEV,203,江淮汽车,9.45 - 9.45,,201901,1488.935484
28,江淮iEV,286,江淮汽车,9.45 - 9.45,,201902,1488.935484
15,江淮iEV,1900,江淮汽车,9.45 - 9.45,,201903,1488.935484
26,江淮iEV,889,江淮汽车,9.45 - 9.45,,201904,1488.935484
26,江淮iEV,1105,江淮汽车,9.45 - 9.45,,201905,1488.935484
5,江淮iEV,4674,江淮汽车,9.45 - 9.45,,201906,1488.935484
31,江淮iEV,216,江淮汽车,9.45 - 9.45,,201907,1488.935484
49,江淮iEV,58,江淮汽车,9.45 - 9.45,,201908,1488.935484
44,江淮iEV,142,江淮汽车,9.45 - 9.45,,201909,1488.935484
51,江淮iEV,89,江淮汽车,9.45 - 9.45,,201910,1488.935484
34,江淮iEV,402,江淮汽车,9.45 - 9.45,,201911,1488.935484
63,江淮iEV,93,江淮汽车,9.45 - 9.45,,201912,1488.935484
32,江淮iEV,210,江淮汽车,9.45 - 9.45,,202001,1488.935484
38,江淮iEV,12,江淮汽车,9.45 - 9.45,,202002,1488.935484
35,江淮iEV,182,江淮汽车,9.45 - 9.45,,202003,1488.935484
32,江淮iEV,306,江淮汽车,9.45 - 9.45,,202004,1488.935484
69,江淮iEV,84,江淮汽车,9.45 - 9.45,,202005,1488.935484
72,江淮iEV,59,江淮汽车,9.45 - 9.45,,202006,1488.935484
56,江淮iEV,175,江淮汽车,9.45 - 9.45,,202007,1488.935484
91,江淮iEV,20,江淮汽车,9.45 - 9.45,,202008,1488.935484
78,江淮iEV,60,江淮汽车,9.45 - 9.45,,202009,1488.935484
94,江淮iEV,32,江淮汽车,9.45 - 9.45,,202010,1488.935484
92,江淮iEV,76,江淮汽车,9.45 - 9.45,,202011,1488.935484
76,江淮iEV,191,江淮汽车,9.45 - 9.45,,202012,1488.935484
101,江淮iEV,10,江淮汽车,9.45 - 9.45,,202101,1488.935484
76,江淮iEV,38,江淮汽车,9.45 - 9.45,,202102,1488.935484
123,江淮iEV,0,江淮汽车,9.45 - 9.45,,202103,1488.935484
150,江淮iEV,0,江淮汽车,9.45 - 9.45,,202104,1488.935484
123,江淮iEV,0,江淮汽车,9.45 - 9.45,,202105,1488.935484
135,江淮iEV,0,江淮汽车,9.45 - 9.45,,202106,1488.935484
142,江淮iEV,0,江淮汽车,9.45 - 9.45,,202109,1488.935484
191,江淮iEV,0,江淮汽车,9.45 - 9.45,,202111,1488.935484
172,江淮iEV,0,江淮汽车,9.45 - 9.45,,202112,1488.935484
100,捷途山海L6,1784,奇瑞汽车,12.39 - 14.49,,202408,1476.75
121,捷途山海L6,1458,奇瑞汽车,12.39 - 14.49,,202409,1476.75
122,捷途山海L6,1536,奇瑞汽车,12.39 - 14.49,,202410,1476.75
133,捷途山海L6,1129,奇瑞汽车,12.39 - 14.49,,202411,1476.75
16,元pro,6596,比亚迪,9.58 - 11.38,,202201,1468.172414
14,元pro,4436,比亚迪,9.58 - 11.38,,202202,1468.172414
35,元pro,2856,比亚迪,9.58 - 11.38,,202203,1468.172414
14,元pro,5068,比亚迪,9.58 - 11.38,,202204,1468.172414
48,元pro,1833,比亚迪,9.58 - 11.38,,202205,1468.172414
40,元pro,3027,比亚迪,9.58 - 11.38,,202206,1468.172414
49,元pro,2453,比亚迪,9.58 - 11.38,,202207,1468.172414
126,元pro,259,比亚迪,9.58 - 11.38,,202208,1468.172414
119,元pro,434,比亚迪,9.58 - 11.38,,202209,1468.172414
155,元pro,80,比亚迪,9.58 - 11.38,,202303,1468.172414
170,元pro,24,比亚迪,9.58 - 11.38,,202305,1468.172414
64,元pro,1759,比亚迪,9.58 - 11.38,,202306,1468.172414
75,元pro,1355,比亚迪,9.58 - 11.38,,202307,1468.172414
66,元pro,1890,比亚迪,9.58 - 11.38,,202308,1468.172414
65,元pro,1996,比亚迪,9.58 - 11.38,,202309,1468.172414
88,元pro,1330,比亚迪,9.58 - 11.38,,202310,1468.172414
91,元pro,1242,比亚迪,9.58 - 11.38,,202311,1468.172414
91,元pro,1718,比亚迪,9.58 - 11.38,,202312,1468.172414
96,元pro,1095,比亚迪,9.58 - 11.38,,202401,1468.172414
76,元pro,1083,比亚迪,9.58 - 11.38,,202402,1468.172414
101,元pro,964,比亚迪,9.58 - 11.38,,202403,1468.172414
178,元pro,222,比亚迪,9.58 - 11.38,,202404,1468.172414
186,元pro,242,比亚迪,9.58 - 11.38,,202405,1468.172414
225,元pro,115,比亚迪,9.58 - 11.38,,202406,1468.172414
190,元pro,285,比亚迪,9.58 - 11.38,,202407,1468.172414
235,元pro,101,比亚迪,9.58 - 11.38,,202408,1468.172414
255,元pro,58,比亚迪,9.58 - 11.38,,202409,1468.172414
264,元pro,34,比亚迪,9.58 - 11.38,,202410,1468.172414
276,元pro,22,比亚迪,9.58 - 11.38,,202411,1468.172414
130,哪吒S,202,合众汽车,15.48 - 22.48,,202211,1464.8
70,哪吒S,2003,合众汽车,15.48 - 22.48,,202212,1464.8
39,哪吒S,1517,合众汽车,15.48 - 22.48,,202301,1464.8
37,哪吒S,2048,合众汽车,15.48 - 22.48,,202302,1464.8
43,哪吒S,2206,合众汽车,15.48 - 22.48,,202303,1464.8
45,哪吒S,2237,合众汽车,15.48 - 22.48,,202304,1464.8
49,哪吒S,2212,合众汽车,15.48 - 22.48,,202305,1464.8
66,哪吒S,1745,合众汽车,15.48 - 22.48,,202306,1464.8
68,哪吒S,1746,合众汽车,15.48 - 22.48,,202307,1464.8
75,哪吒S,1618,合众汽车,15.48 - 22.48,,202308,1464.8
66,哪吒S,1973,合众汽车,15.48 - 22.48,,202309,1464.8
60,哪吒S,2589,合众汽车,15.48 - 22.48,,202310,1464.8
68,哪吒S,2296,合众汽车,15.48 - 22.48,,202311,1464.8
83,哪吒S,2010,合众汽车,15.48 - 22.48,,202312,1464.8
71,哪吒S,1766,合众汽车,15.48 - 22.48,,202401,1464.8
75,哪吒S,1090,合众汽车,15.48 - 22.48,,202402,1464.8
78,哪吒S,1532,合众汽车,15.48 - 22.48,,202403,1464.8
99,哪吒S,1025,合众汽车,15.48 - 22.48,,202404,1464.8
126,哪吒S,801,合众汽车,15.48 - 22.48,,202405,1464.8
149,哪吒S,584,合众汽车,15.48 - 22.48,,202406,1464.8
140,哪吒S,693,合众汽车,15.48 - 22.48,,202407,1464.8
117,哪吒S,1207,合众汽车,15.48 - 22.48,,202408,1464.8
180,哪吒S,496,合众汽车,15.48 - 22.48,,202409,1464.8
153,哪吒S,847,合众汽车,15.48 - 22.48,,202410,1464.8
228,哪吒S,177,合众汽车,15.48 - 22.48,,202411,1464.8
62,坦克700新能源,2235,长城汽车,42.80 - 70.00,,202403,1460.444444
74,坦克700新能源,2006,长城汽车,42.80 - 70.00,,202404,1460.444444
83,坦克700新能源,1826,长城汽车,42.80 - 70.00,,202405,1460.444444
95,坦克700新能源,1606,长城汽车,42.80 - 70.00,,202406,1460.444444
105,坦克700新能源,1400,长城汽车,42.80 - 70.00,,202407,1460.444444
118,坦克700新能源,1194,长城汽车,42.80 - 70.00,,202408,1460.444444
134,坦克700新能源,1196,长城汽车,42.80 - 70.00,,202409,1460.444444
147,坦克700新能源,929,长城汽车,42.80 - 70.00,,202410,1460.444444
162,坦克700新能源,752,长城汽车,42.80 - 70.00,,202411,1460.444444
164,传祺E9,65,广汽乘用车,31.98 - 40.98,,202304,1443.1
59,传祺E9,1604,广汽乘用车,31.98 - 40.98,,202305,1443.1
50,传祺E9,2669,广汽乘用车,31.98 - 40.98,,202306,1443.1
55,传祺E9,2461,广汽乘用车,31.98 - 40.98,,202307,1443.1
67,传祺E9,1842,广汽乘用车,31.98 - 40.98,,202308,1443.1
55,传祺E9,2525,广汽乘用车,31.98 - 40.98,,202309,1443.1
68,传祺E9,2183,广汽乘用车,31.98 - 40.98,,202310,1443.1
79,传祺E9,1800,广汽乘用车,31.98 - 40.98,,202311,1443.1
75,传祺E9,2356,广汽乘用车,31.98 - 40.98,,202312,1443.1
90,传祺E9,1216,广汽乘用车,31.98 - 40.98,,202401,1443.1
92,传祺E9,639,广汽乘用车,31.98 - 40.98,,202402,1443.1
102,传祺E9,947,广汽乘用车,31.98 - 40.98,,202403,1443.1
100,传祺E9,1014,广汽乘用车,31.98 - 40.98,,202404,1443.1
104,传祺E9,1121,广汽乘用车,31.98 - 40.98,,202405,1443.1
117,传祺E9,1004,广汽乘用车,31.98 - 40.98,,202406,1443.1
117,传祺E9,1131,广汽乘用车,31.98 - 40.98,,202407,1443.1
120,传祺E9,1170,广汽乘用车,31.98 - 40.98,,202408,1443.1
137,传祺E9,1077,广汽乘用车,31.98 - 40.98,,202409,1443.1
149,传祺E9,917,广汽乘用车,31.98 - 40.98,,202410,1443.1
135,传祺E9,1121,广汽乘用车,31.98 - 40.98,,202411,1443.1
76,瑶光C-DM,1592,星途,15.98 - 22.58,,202403,1443
109,瑶光C-DM,1049,星途,15.98 - 22.58,,202405,1443
101,瑶光C-DM,1423,星途,15.98 - 22.58,,202406,1443
116,瑶光C-DM,1136,星途,15.98 - 22.58,,202407,1443
157,瑶光C-DM,631,星途,15.98 - 22.58,,202408,1443
133,瑶光C-DM,1217,星途,15.98 - 22.58,,202409,1443
106,瑶光C-DM,2240,星途,15.98 - 22.58,,202410,1443
114,瑶光C-DM,2256,星途,15.98 - 22.58,,202411,1443
79,启辰大V DD-i超混动,1222,东风日产,11.89 - 16.99,,202307,1426.352941
61,启辰大V DD-i超混动,2121,东风日产,11.89 - 16.99,,202308,1426.352941
44,启辰大V DD-i超混动,3599,东风日产,11.89 - 16.99,,202309,1426.352941
45,启辰大V DD-i超混动,3667,东风日产,11.89 - 16.99,,202310,1426.352941
73,启辰大V DD-i超混动,2086,东风日产,11.89 - 16.99,,202311,1426.352941
79,启辰大V DD-i超混动,2253,东风日产,11.89 - 16.99,,202312,1426.352941
101,启辰大V DD-i超混动,883,东风日产,11.89 - 16.99,,202401,1426.352941
83,启辰大V DD-i超混动,792,东风日产,11.89 - 16.99,,202402,1426.352941
106,启辰大V DD-i超混动,840,东风日产,11.89 - 16.99,,202403,1426.352941
96,启辰大V DD-i超混动,1072,东风日产,11.89 - 16.99,,202404,1426.352941
101,启辰大V DD-i超混动,1163,东风日产,11.89 - 16.99,,202405,1426.352941
102,启辰大V DD-i超混动,1348,东风日产,11.89 - 16.99,,202406,1426.352941
138,启辰大V DD-i超混动,732,东风日产,11.89 - 16.99,,202407,1426.352941
143,启辰大V DD-i超混动,745,东风日产,11.89 - 16.99,,202408,1426.352941
164,启辰大V DD-i超混动,649,东风日产,11.89 - 16.99,,202409,1426.352941
176,启辰大V DD-i超混动,624,东风日产,11.89 - 16.99,,202410,1426.352941
186,启辰大V DD-i超混动,452,东风日产,11.89 - 16.99,,202411,1426.352941
43,哈弗二代大狗新能源,1781,长城汽车,16.28 - 17.98,,202302,1425.318182
53,哈弗二代大狗新能源,1482,长城汽车,16.28 - 17.98,,202303,1425.318182
36,哈弗二代大狗新能源,3183,长城汽车,16.28 - 17.98,,202304,1425.318182
33,哈弗二代大狗新能源,3325,长城汽车,16.28 - 17.98,,202305,1425.318182
42,哈弗二代大狗新能源,3331,长城汽车,16.28 - 17.98,,202306,1425.318182
46,哈弗二代大狗新能源,3006,长城汽车,16.28 - 17.98,,202307,1425.318182
59,哈弗二代大狗新能源,2200,长城汽车,16.28 - 17.98,,202308,1425.318182
79,哈弗二代大狗新能源,1418,长城汽车,16.28 - 17.98,,202309,1425.318182
86,哈弗二代大狗新能源,1441,长城汽车,16.28 - 17.98,,202310,1425.318182
88,哈弗二代大狗新能源,1350,长城汽车,16.28 - 17.98,,202311,1425.318182
126,哈弗二代大狗新能源,769,长城汽车,16.28 - 17.98,,202312,1425.318182
125,哈弗二代大狗新能源,554,长城汽车,16.28 - 17.98,,202401,1425.318182
111,哈弗二代大狗新能源,451,长城汽车,16.28 - 17.98,,202402,1425.318182
105,哈弗二代大狗新能源,876,长城汽车,16.28 - 17.98,,202403,1425.318182
107,哈弗二代大狗新能源,889,长城汽车,16.28 - 17.98,,202404,1425.318182
137,哈弗二代大狗新能源,659,长城汽车,16.28 - 17.98,,202405,1425.318182
132,哈弗二代大狗新能源,737,长城汽车,16.28 - 17.98,,202406,1425.318182
135,哈弗二代大狗新能源,771,长城汽车,16.28 - 17.98,,202407,1425.318182
128,哈弗二代大狗新能源,973,长城汽车,16.28 - 17.98,,202408,1425.318182
157,哈弗二代大狗新能源,734,长城汽车,16.28 - 17.98,,202409,1425.318182
174,哈弗二代大狗新能源,657,长城汽车,16.28 - 17.98,,202410,1425.318182
161,哈弗二代大狗新能源,770,长城汽车,16.28 - 17.98,,202411,1425.318182
12,威马EX5,1173,威马汽车,16.08 - 17.98,,202003,1422
12,威马EX5,1261,威马汽车,16.08 - 17.98,,202004,1422
12,威马EX5,1421,威马汽车,16.08 - 17.98,,202005,1422
9,威马EX5,1990,威马汽车,16.08 - 17.98,,202006,1422
11,威马EX5,1984,威马汽车,16.08 - 17.98,,202007,1422
9,威马EX5,2042,威马汽车,16.08 - 17.98,,202008,1422
13,威马EX5,2035,威马汽车,16.08 - 17.98,,202009,1422
9,威马EX5,3003,威马汽车,16.08 - 17.98,,202010,1422
9,威马EX5,3018,威马汽车,16.08 - 17.98,,202011,1422
15,威马EX5,2588,威马汽车,16.08 - 17.98,,202012,1422
15,威马EX5,2014,威马汽车,16.08 - 17.98,,202101,1422
21,威马EX5,992,威马汽车,16.08 - 17.98,,202102,1422
17,威马EX5,2482,威马汽车,16.08 - 17.98,,202103,1422
20,威马EX5,2052,威马汽车,16.08 - 17.98,,202104,1422
17,威马EX5,2375,威马汽车,16.08 - 17.98,,202105,1422
19,威马EX5,3258,威马汽车,16.08 - 17.98,,202106,1422
15,威马EX5,3373,威马汽车,16.08 - 17.98,,202107,1422
34,威马EX5,1559,威马汽车,16.08 - 17.98,,202108,1422
35,威马EX5,1776,威马汽车,16.08 - 17.98,,202109,1422
51,威马EX5,1009,威马汽车,16.08 - 17.98,,202110,1422
55,威马EX5,1142,威马汽车,16.08 - 17.98,,202111,1422
55,威马EX5,1484,威马汽车,16.08 - 17.98,,202112,1422
69,威马EX5,790,威马汽车,16.08 - 17.98,,202201,1422
101,威马EX5,229,威马汽车,16.08 - 17.98,,202202,1422
78,威马EX5,769,威马汽车,16.08 - 17.98,,202203,1422
93,威马EX5,302,威马汽车,16.08 - 17.98,,202204,1422
114,威马EX5,168,威马汽车,16.08 - 17.98,,202205,1422
99,威马EX5,524,威马汽车,16.08 - 17.98,,202206,1422
107,威马EX5,462,威马汽车,16.08 - 17.98,,202207,1422
93,威马EX5,685,威马汽车,16.08 - 17.98,,202208,1422
144,威马EX5,151,威马汽车,16.08 - 17.98,,202209,1422
128,威马EX5,221,威马汽车,16.08 - 17.98,,202210,1422
172,威马EX5,6,威马汽车,16.08 - 17.98,,202211,1422
170,威马EX5,10,威马汽车,16.08 - 17.98,,202212,1422
33,帝豪L HiP,4035,吉利汽车,8.98 - 16.88,,202206,1412.190476
24,帝豪L HiP,5586,吉利汽车,8.98 - 16.88,,202207,1412.190476
23,帝豪L HiP,6300,吉利汽车,8.98 - 16.88,,202208,1412.190476
29,帝豪L HiP,5000,吉利汽车,8.98 - 16.88,,202209,1412.190476
57,帝豪L HiP,2056,吉利汽车,8.98 - 16.88,,202210,1412.190476
177,帝豪L HiP,3,吉利汽车,8.98 - 16.88,,202211,1412.190476
108,帝豪L HiP,643,吉利汽车,8.98 - 16.88,,202308,1412.190476
107,帝豪L HiP,826,吉利汽车,8.98 - 16.88,,202309,1412.190476
112,帝豪L HiP,804,吉利汽车,8.98 - 16.88,,202310,1412.190476
116,帝豪L HiP,713,吉利汽车,8.98 - 16.88,,202311,1412.190476
109,帝豪L HiP,743,吉利汽车,8.98 - 16.88,,202401,1412.190476
153,帝豪L HiP,204,吉利汽车,8.98 - 16.88,,202402,1412.190476
170,帝豪L HiP,306,吉利汽车,8.98 - 16.88,,202403,1412.190476
123,帝豪L HiP,663,吉利汽车,8.98 - 16.88,,202404,1412.190476
164,帝豪L HiP,379,吉利汽车,8.98 - 16.88,,202405,1412.190476
130,帝豪L HiP,758,吉利汽车,8.98 - 16.88,,202406,1412.190476
230,帝豪L HiP,116,吉利汽车,8.98 - 16.88,,202407,1412.190476
232,帝豪L HiP,104,吉利汽车,8.98 - 16.88,,202408,1412.190476
242,帝豪L HiP,98,吉利汽车,8.98 - 16.88,,202409,1412.190476
221,帝豪L HiP,189,吉利汽车,8.98 - 16.88,,202410,1412.190476
244,帝豪L HiP,130,吉利汽车,8.98 - 16.88,,202411,1412.190476
3,知豆D2,3777,知豆电动车,0.00 - 0.00,,201512,1390.425532
5,知豆D2,548,知豆电动车,0.00 - 0.00,,201605,1390.425532
5,知豆D2,1260,知豆电动车,0.00 - 0.00,,201606,1390.425532
2,知豆D2,2835,知豆电动车,0.00 - 0.00,,201607,1390.425532
8,知豆D2,598,知豆电动车,0.00 - 0.00,,201608,1390.425532
6,知豆D2,898,知豆电动车,0.00 - 0.00,,201609,1390.425532
6,知豆D2,1002,知豆电动车,0.00 - 0.00,,201610,1390.425532
10,知豆D2,603,知豆电动车,0.00 - 0.00,,201611,1390.425532
8,知豆D2,1347,知豆电动车,0.00 - 0.00,,201612,1390.425532
2,知豆D2,3709,知豆电动车,0.00 - 0.00,,201704,1390.425532
1,知豆D2,4471,知豆电动车,0.00 - 0.00,,201705,1390.425532
2,知豆D2,4714,知豆电动车,0.00 - 0.00,,201706,1390.425532
3,知豆D2,3796,知豆电动车,0.00 - 0.00,,201707,1390.425532
3,知豆D2,5018,知豆电动车,0.00 - 0.00,,201708,1390.425532
2,知豆D2,5084,知豆电动车,0.00 - 0.00,,201709,1390.425532
2,知豆D2,4502,知豆电动车,0.00 - 0.00,,201710,1390.425532
3,知豆D2,4095,知豆电动车,0.00 - 0.00,,201711,1390.425532
18,知豆D2,1271,知豆电动车,0.00 - 0.00,,201712,1390.425532
15,知豆D2,259,知豆电动车,0.00 - 0.00,,201801,1390.425532
6,知豆D2,930,知豆电动车,0.00 - 0.00,,201802,1390.425532
6,知豆D2,3006,知豆电动车,0.00 - 0.00,,201803,1390.425532
3,知豆D2,4188,知豆电动车,0.00 - 0.00,,201804,1390.425532
2,知豆D2,4368,知豆电动车,0.00 - 0.00,,201805,1390.425532
38,知豆D2,27,知豆电动车,0.00 - 0.00,,201806,1390.425532
29,知豆D2,345,知豆电动车,0.00 - 0.00,,201807,1390.425532
30,知豆D2,374,知豆电动车,0.00 - 0.00,,201808,1390.425532
51,知豆D2,10,知豆电动车,0.00 - 0.00,,201809,1390.425532
44,知豆D2,63,知豆电动车,0.00 - 0.00,,201810,1390.425532
57,知豆D2,12,知豆电动车,0.00 - 0.00,,201811,1390.425532
23,知豆D2,1754,知豆电动车,0.00 - 0.00,,201812,1390.425532
23,知豆D2,485,知豆电动车,0.00 - 0.00,,201902,1390.425532
61,知豆D2,0,知豆电动车,0.00 - 0.00,,201907,1390.425532
78,知豆D2,0,知豆电动车,0.00 - 0.00,,201908,1390.425532
73,知豆D2,0,知豆电动车,0.00 - 0.00,,201909,1390.425532
80,知豆D2,0,知豆电动车,0.00 - 0.00,,201910,1390.425532
77,知豆D2,1,知豆电动车,0.00 - 0.00,,201911,1390.425532
125,知豆D2,0,知豆电动车,0.00 - 0.00,,201912,1390.425532
113,知豆D2,0,知豆电动车,0.00 - 0.00,,202001,1390.425532
94,知豆D2,0,知豆电动车,0.00 - 0.00,,202003,1390.425532
129,知豆D2,0,知豆电动车,0.00 - 0.00,,202003,1390.425532
96,知豆D2,0,知豆电动车,0.00 - 0.00,,202004,1390.425532
132,知豆D2,0,知豆电动车,0.00 - 0.00,,202004,1390.425532
147,知豆D2,0,知豆电动车,0.00 - 0.00,,202005,1390.425532
134,知豆D2,0,知豆电动车,0.00 - 0.00,,202006,1390.425532
144,知豆D2,0,知豆电动车,0.00 - 0.00,,202007,1390.425532
122,知豆D2,0,知豆电动车,0.00 - 0.00,,202008,1390.425532
132,知豆D2,0,知豆电动车,0.00 - 0.00,,202009,1390.425532
132,知豆D2,0,知豆电动车,0.00 - 0.00,,202010,1390.425532
132,知豆D2,0,知豆电动车,0.00 - 0.00,,202011,1390.425532
131,岚图FREE,0,岚图汽车,22.89 - 26.69,,202106,1381.428571
163,岚图FREE,0,岚图汽车,22.89 - 26.69,,202106,1381.428571
136,岚图FREE,0,岚图汽车,22.89 - 26.69,,202107,1381.428571
178,岚图FREE,0,岚图汽车,22.89 - 26.69,,202107,1381.428571
64,岚图FREE,401,岚图汽车,22.89 - 26.69,,202108,1381.428571
43,岚图FREE,1272,岚图汽车,22.89 - 26.69,,202109,1381.428571
56,岚图FREE,798,岚图汽车,22.89 - 26.69,,202110,1381.428571
61,岚图FREE,990,岚图汽车,22.89 - 26.69,,202111,1381.428571
35,岚图FREE,3330,岚图汽车,22.89 - 26.69,,202112,1381.428571
51,岚图FREE,1553,岚图汽车,22.89 - 26.69,,202201,1381.428571
66,岚图FREE,740,岚图汽车,22.89 - 26.69,,202202,1381.428571
59,岚图FREE,1385,岚图汽车,22.89 - 26.69,,202203,1381.428571
53,岚图FREE,1049,岚图汽车,22.89 - 26.69,,202204,1381.428571
72,岚图FREE,843,岚图汽车,22.89 - 26.69,,202205,1381.428571
82,岚图FREE,1077,岚图汽车,22.89 - 26.69,,202206,1381.428571
85,岚图FREE,1001,岚图汽车,22.89 - 26.69,,202207,1381.428571
75,岚图FREE,1324,岚图汽车,22.89 - 26.69,,202208,1381.428571
87,岚图FREE,1165,岚图汽车,22.89 - 26.69,,202209,1381.428571
75,岚图FREE,1225,岚图汽车,22.89 - 26.69,,202210,1381.428571
113,岚图FREE,478,岚图汽车,22.89 - 26.69,,202211,1381.428571
111,岚图FREE,482,岚图汽车,22.89 - 26.69,,202212,1381.428571
62,岚图FREE,865,岚图汽车,22.89 - 26.69,,202301,1381.428571
97,岚图FREE,450,岚图汽车,22.89 - 26.69,,202302,1381.428571
62,岚图FREE,1125,岚图汽车,22.89 - 26.69,,202303,1381.428571
59,岚图FREE,1328,岚图汽车,22.89 - 26.69,,202304,1381.428571
67,岚图FREE,1127,岚图汽车,22.89 - 26.69,,202305,1381.428571
82,岚图FREE,1150,岚图汽车,22.89 - 26.69,,202306,1381.428571
109,岚图FREE,575,岚图汽车,22.89 - 26.69,,202307,1381.428571
87,岚图FREE,1089,岚图汽车,22.89 - 26.69,,202308,1381.428571
56,岚图FREE,2492,岚图汽车,22.89 - 26.69,,202309,1381.428571
62,岚图FREE,2493,岚图汽车,22.89 - 26.69,,202310,1381.428571
62,岚图FREE,2818,岚图汽车,22.89 - 26.69,,202311,1381.428571
60,岚图FREE,3284,岚图汽车,22.89 - 26.69,,202312,1381.428571
61,岚图FREE,2333,岚图汽车,22.89 - 26.69,,202401,1381.428571
68,岚图FREE,1260,岚图汽车,22.89 - 26.69,,202402,1381.428571
60,岚图FREE,2345,岚图汽车,22.89 - 26.69,,202403,1381.428571
104,岚图FREE,939,岚图汽车,22.89 - 26.69,,202404,1381.428571
123,岚图FREE,836,岚图汽车,22.89 - 26.69,,202405,1381.428571
86,岚图FREE,1939,岚图汽车,22.89 - 26.69,,202406,1381.428571
77,岚图FREE,2525,岚图汽车,22.89 - 26.69,,202407,1381.428571
86,岚图FREE,2567,岚图汽车,22.89 - 26.69,,202408,1381.428571
74,岚图FREE,3345,岚图汽车,22.89 - 26.69,,202409,1381.428571
148,岚图FREE,920,岚图汽车,22.89 - 26.69,,202410,1381.428571
136,岚图FREE,1102,岚图汽车,22.89 - 26.69,,202411,1381.428571
32,哪吒AYA,5609,合众汽车,6.58 - 9.49,,202308,1350.4375
33,哪吒AYA,5225,合众汽车,6.58 - 9.49,,202309,1350.4375
44,哪吒AYA,3767,合众汽车,6.58 - 9.49,,202310,1350.4375
186,哪吒AYA,126,合众汽车,6.58 - 9.49,,202311,1350.4375
220,哪吒AYA,8,合众汽车,6.58 - 9.49,,202312,1350.4375
126,哪吒AYA,553,合众汽车,6.58 - 9.49,,202401,1350.4375
102,哪吒AYA,536,合众汽车,6.58 - 9.49,,202402,1350.4375
77,哪吒AYA,1564,合众汽车,6.58 - 9.49,,202403,1350.4375
143,哪吒AYA,461,合众汽车,6.58 - 9.49,,202404,1350.4375
156,哪吒AYA,462,合众汽车,6.58 - 9.49,,202405,1350.4375
177,哪吒AYA,337,合众汽车,6.58 - 9.49,,202406,1350.4375
252,哪吒AYA,24,合众汽车,6.58 - 9.49,,202407,1350.4375
228,哪吒AYA,125,合众汽车,6.58 - 9.49,,202408,1350.4375
127,哪吒AYA,1334,合众汽车,6.58 - 9.49,,202409,1350.4375
133,哪吒AYA,1217,合众汽车,6.58 - 9.49,,202410,1350.4375
209,哪吒AYA,259,合众汽车,6.58 - 9.49,,202411,1350.4375
27,宝骏KiWi EV,1931,上汽通用五菱,7.78 - 11.38,,202108,1306.525
33,宝骏KiWi EV,1924,上汽通用五菱,7.78 - 11.38,,202109,1306.525
34,宝骏KiWi EV,2279,上汽通用五菱,7.78 - 11.38,,202110,1306.525
42,宝骏KiWi EV,1976,上汽通用五菱,7.78 - 11.38,,202111,1306.525
64,宝骏KiWi EV,1143,上汽通用五菱,7.78 - 11.38,,202112,1306.525
53,宝骏KiWi EV,1329,上汽通用五菱,7.78 - 11.38,,202201,1306.525
21,宝骏KiWi EV,3262,上汽通用五菱,7.78 - 11.38,,202202,1306.525
38,宝骏KiWi EV,2707,上汽通用五菱,7.78 - 11.38,,202203,1306.525
28,宝骏KiWi EV,2221,上汽通用五菱,7.78 - 11.38,,202204,1306.525
34,宝骏KiWi EV,2967,上汽通用五菱,7.78 - 11.38,,202205,1306.525
45,宝骏KiWi EV,2594,上汽通用五菱,7.78 - 11.38,,202206,1306.525
53,宝骏KiWi EV,2276,上汽通用五菱,7.78 - 11.38,,202207,1306.525
21,宝骏KiWi EV,6330,上汽通用五菱,7.78 - 11.38,,202208,1306.525
44,宝骏KiWi EV,3116,上汽通用五菱,7.78 - 11.38,,202209,1306.525
48,宝骏KiWi EV,2539,上汽通用五菱,7.78 - 11.38,,202210,1306.525
54,宝骏KiWi EV,2374,上汽通用五菱,7.78 - 11.38,,202211,1306.525
65,宝骏KiWi EV,2422,上汽通用五菱,7.78 - 11.38,,202212,1306.525
83,宝骏KiWi EV,482,上汽通用五菱,7.78 - 11.38,,202301,1306.525
75,宝骏KiWi EV,771,上汽通用五菱,7.78 - 11.38,,202302,1306.525
90,宝骏KiWi EV,627,上汽通用五菱,7.78 - 11.38,,202303,1306.525
111,宝骏KiWi EV,380,上汽通用五菱,7.78 - 11.38,,202304,1306.525
126,宝骏KiWi EV,290,上汽通用五菱,7.78 - 11.38,,202305,1306.525
135,宝骏KiWi EV,274,上汽通用五菱,7.78 - 11.38,,202306,1306.525
131,宝骏KiWi EV,333,上汽通用五菱,7.78 - 11.38,,202307,1306.525
154,宝骏KiWi EV,247,上汽通用五菱,7.78 - 11.38,,202308,1306.525
135,宝骏KiWi EV,430,上汽通用五菱,7.78 - 11.38,,202309,1306.525
131,宝骏KiWi EV,451,上汽通用五菱,7.78 - 11.38,,202310,1306.525
156,宝骏KiWi EV,273,上汽通用五菱,7.78 - 11.38,,202311,1306.525
108,宝骏KiWi EV,1081,上汽通用五菱,7.78 - 11.38,,202312,1306.525
138,宝骏KiWi EV,450,上汽通用五菱,7.78 - 11.38,,202401,1306.525
176,宝骏KiWi EV,106,上汽通用五菱,7.78 - 11.38,,202402,1306.525
205,宝骏KiWi EV,110,上汽通用五菱,7.78 - 11.38,,202403,1306.525
188,宝骏KiWi EV,163,上汽通用五菱,7.78 - 11.38,,202404,1306.525
190,宝骏KiWi EV,235,上汽通用五菱,7.78 - 11.38,,202405,1306.525
164,宝骏KiWi EV,443,上汽通用五菱,7.78 - 11.38,,202406,1306.525
156,宝骏KiWi EV,580,上汽通用五菱,7.78 - 11.38,,202407,1306.525
203,宝骏KiWi EV,289,上汽通用五菱,7.78 - 11.38,,202408,1306.525
195,宝骏KiWi EV,361,上汽通用五菱,7.78 - 11.38,,202409,1306.525
205,宝骏KiWi EV,309,上汽通用五菱,7.78 - 11.38,,202410,1306.525
226,宝骏KiWi EV,186,上汽通用五菱,7.78 - 11.38,,202411,1306.525
44,EX3 功夫牛,2010,吉利几何,5.88 - 6.88,,202201,1299
41,EX3 功夫牛,1604,吉利几何,5.88 - 6.88,,202202,1299
72,EX3 功夫牛,1007,吉利几何,5.88 - 6.88,,202203,1299
60,EX3 功夫牛,930,吉利几何,5.88 - 6.88,,202204,1299
70,EX3 功夫牛,944,吉利几何,5.88 - 6.88,,202205,1299
144,极越07,927,极越汽车,0.00 - 0.00,,202409,1297.666667
118,极越07,1936,极越汽车,0.00 - 0.00,,202410,1297.666667
144,极越07,1030,极越汽车,0.00 - 0.00,,202411,1297.666667
101,阿维塔11,757,阿维塔科技,27.99 - 42.99,,202212,1277.541667
42,阿维塔11,1415,阿维塔科技,27.99 - 42.99,,202301,1277.541667
40,阿维塔11,2018,阿维塔科技,27.99 - 42.99,,202302,1277.541667
42,阿维塔11,2221,阿维塔科技,27.99 - 42.99,,202303,1277.541667
55,阿维塔11,1610,阿维塔科技,27.99 - 42.99,,202304,1277.541667
55,阿维塔11,1738,阿维塔科技,27.99 - 42.99,,202305,1277.541667
65,阿维塔11,1753,阿维塔科技,27.99 - 42.99,,202306,1277.541667
81,阿维塔11,1200,阿维塔科技,27.99 - 42.99,,202307,1277.541667
86,阿维塔11,1130,阿维塔科技,27.99 - 42.99,,202308,1277.541667
74,阿维塔11,1659,阿维塔科技,27.99 - 42.99,,202309,1277.541667
55,阿维塔11,2825,阿维塔科技,27.99 - 42.99,,202310,1277.541667
77,阿维塔11,1894,阿维塔科技,27.99 - 42.99,,202311,1277.541667
80,阿维塔11,2202,阿维塔科技,27.99 - 42.99,,202312,1277.541667
79,阿维塔11,1503,阿维塔科技,27.99 - 42.99,,202401,1277.541667
98,阿维塔11,579,阿维塔科技,27.99 - 42.99,,202402,1277.541667
93,阿维塔11,1260,阿维塔科技,27.99 - 42.99,,202403,1277.541667
124,阿维塔11,662,阿维塔科技,27.99 - 42.99,,202404,1277.541667
139,阿维塔11,643,阿维塔科技,27.99 - 42.99,,202405,1277.541667
115,阿维塔11,1018,阿维塔科技,27.99 - 42.99,,202406,1277.541667
157,阿维塔11,573,阿维塔科技,27.99 - 42.99,,202407,1277.541667
161,阿维塔11,601,阿维塔科技,27.99 - 42.99,,202408,1277.541667
150,阿维塔11,831,阿维塔科技,27.99 - 42.99,,202409,1277.541667
201,阿维塔11,331,阿维塔科技,27.99 - 42.99,,202410,1277.541667
213,阿维塔11,238,阿维塔科技,27.99 - 42.99,,202411,1277.541667
74,凌宝BOX,119,吉麦新能源,3.79 - 6.88,,202010,1273.44
63,凌宝BOX,275,吉麦新能源,3.79 - 6.88,,202011,1273.44
56,凌宝BOX,435,吉麦新能源,3.79 - 6.88,,202012,1273.44
40,凌宝BOX,537,吉麦新能源,3.79 - 6.88,,202101,1273.44
36,凌宝BOX,303,吉麦新能源,3.79 - 6.88,,202102,1273.44
46,凌宝BOX,566,吉麦新能源,3.79 - 6.88,,202103,1273.44
33,凌宝BOX,1008,吉麦新能源,3.79 - 6.88,,202104,1273.44
31,凌宝BOX,1019,吉麦新能源,3.79 - 6.88,,202105,1273.44
36,凌宝BOX,1036,吉麦新能源,3.79 - 6.88,,202106,1273.44
32,凌宝BOX,1438,吉麦新能源,3.79 - 6.88,,202107,1273.44
39,凌宝BOX,1124,吉麦新能源,3.79 - 6.88,,202108,1273.44
39,凌宝BOX,1528,吉麦新能源,3.79 - 6.88,,202109,1273.44
36,凌宝BOX,2078,吉麦新能源,3.79 - 6.88,,202110,1273.44
37,凌宝BOX,2209,吉麦新能源,3.79 - 6.88,,202111,1273.44
43,凌宝BOX,2413,吉麦新能源,3.79 - 6.88,,202112,1273.44
30,凌宝BOX,3266,吉麦新能源,3.79 - 6.88,,202201,1273.44
27,凌宝BOX,2850,吉麦新能源,3.79 - 6.88,,202202,1273.44
31,凌宝BOX,3100,吉麦新能源,3.79 - 6.88,,202203,1273.44
26,凌宝BOX,2606,吉麦新能源,3.79 - 6.88,,202204,1273.44
35,凌宝BOX,2949,吉麦新能源,3.79 - 6.88,,202205,1273.44
44,凌宝BOX,2806,吉麦新能源,3.79 - 6.88,,202206,1273.44
55,凌宝BOX,2234,吉麦新能源,3.79 - 6.88,,202207,1273.44
54,凌宝BOX,2128,吉麦新能源,3.79 - 6.88,,202208,1273.44
58,凌宝BOX,2208,吉麦新能源,3.79 - 6.88,,202209,1273.44
53,凌宝BOX,2183,吉麦新能源,3.79 - 6.88,,202210,1273.44
61,凌宝BOX,1890,吉麦新能源,3.79 - 6.88,,202211,1273.44
74,凌宝BOX,1836,吉麦新能源,3.79 - 6.88,,202212,1273.44
54,凌宝BOX,1045,吉麦新能源,3.79 - 6.88,,202301,1273.44
52,凌宝BOX,1124,吉麦新能源,3.79 - 6.88,,202302,1273.44
86,凌宝BOX,702,吉麦新能源,3.79 - 6.88,,202303,1273.44
74,凌宝BOX,902,吉麦新能源,3.79 - 6.88,,202304,1273.44
75,凌宝BOX,976,吉麦新能源,3.79 - 6.88,,202305,1273.44
103,凌宝BOX,637,吉麦新能源,3.79 - 6.88,,202306,1273.44
103,凌宝BOX,659,吉麦新能源,3.79 - 6.88,,202307,1273.44
96,凌宝BOX,871,吉麦新能源,3.79 - 6.88,,202308,1273.44
97,凌宝BOX,986,吉麦新能源,3.79 - 6.88,,202309,1273.44
118,凌宝BOX,691,吉麦新能源,3.79 - 6.88,,202310,1273.44
110,凌宝BOX,823,吉麦新能源,3.79 - 6.88,,202311,1273.44
117,凌宝BOX,865,吉麦新能源,3.79 - 6.88,,202312,1273.44
105,凌宝BOX,813,吉麦新能源,3.79 - 6.88,,202401,1273.44
144,凌宝BOX,250,吉麦新能源,3.79 - 6.88,,202402,1273.44
125,凌宝BOX,589,吉麦新能源,3.79 - 6.88,,202403,1273.44
118,凌宝BOX,697,吉麦新能源,3.79 - 6.88,,202404,1273.44
135,凌宝BOX,675,吉麦新能源,3.79 - 6.88,,202405,1273.44
137,凌宝BOX,703,吉麦新能源,3.79 - 6.88,,202406,1273.44
136,凌宝BOX,768,吉麦新能源,3.79 - 6.88,,202407,1273.44
207,凌宝BOX,260,吉麦新能源,3.79 - 6.88,,202408,1273.44
153,凌宝BOX,803,吉麦新能源,3.79 - 6.88,,202409,1273.44
169,凌宝BOX,703,吉麦新能源,3.79 - 6.88,,202410,1273.44
147,凌宝BOX,986,吉麦新能源,3.79 - 6.88,,202411,1273.44
40,朋克多多,2173,御捷新能源,3.78 - 4.58,,202201,1256.833333
45,朋克多多,1497,御捷新能源,3.78 - 4.58,,202202,1256.833333
54,朋克多多,1646,御捷新能源,3.78 - 4.58,,202203,1256.833333
46,朋克多多,1205,御捷新能源,3.78 - 4.58,,202204,1256.833333
89,朋克多多,537,御捷新能源,3.78 - 4.58,,202205,1256.833333
104,朋克多多,483,御捷新能源,3.78 - 4.58,,202206,1256.833333
38,曹操60,3078,曹操汽车,11.98 - 16.98,,202305,1234.052632
41,曹操60,3468,曹操汽车,11.98 - 16.98,,202306,1234.052632
40,曹操60,3539,曹操汽车,11.98 - 16.98,,202307,1234.052632
129,曹操60,437,曹操汽车,11.98 - 16.98,,202308,1234.052632
150,曹操60,253,曹操汽车,11.98 - 16.98,,202309,1234.052632
141,曹操60,377,曹操汽车,11.98 - 16.98,,202310,1234.052632
153,曹操60,322,曹操汽车,11.98 - 16.98,,202311,1234.052632
160,曹操60,392,曹操汽车,11.98 - 16.98,,202312,1234.052632
120,曹操60,612,曹操汽车,11.98 - 16.98,,202401,1234.052632
94,曹操60,626,曹操汽车,11.98 - 16.98,,202402,1234.052632
83,曹操60,1482,曹操汽车,11.98 - 16.98,,202403,1234.052632
91,曹操60,1152,曹操汽车,11.98 - 16.98,,202404,1234.052632
120,曹操60,893,曹操汽车,11.98 - 16.98,,202405,1234.052632
122,曹操60,895,曹操汽车,11.98 - 16.98,,202406,1234.052632
114,曹操60,1181,曹操汽车,11.98 - 16.98,,202407,1234.052632
130,曹操60,871,曹操汽车,11.98 - 16.98,,202408,1234.052632
135,曹操60,1196,曹操汽车,11.98 - 16.98,,202409,1234.052632
129,曹操60,1302,曹操汽车,11.98 - 16.98,,202410,1234.052632
131,曹操60,1371,曹操汽车,11.98 - 16.98,,202411,1234.052632
153,长安UNI-V 智电iDD,59,长安汽车,11.49 - 15.99,,202212,1232.909091
74,长安UNI-V 智电iDD,789,长安汽车,11.49 - 15.99,,202302,1232.909091
66,长安UNI-V 智电iDD,1068,长安汽车,11.49 - 15.99,,202303,1232.909091
51,长安UNI-V 智电iDD,1678,长安汽车,11.49 - 15.99,,202304,1232.909091
39,长安UNI-V 智电iDD,3028,长安汽车,11.49 - 15.99,,202305,1232.909091
43,长安UNI-V 智电iDD,3271,长安汽车,11.49 - 15.99,,202306,1232.909091
45,长安UNI-V 智电iDD,3042,长安汽车,11.49 - 15.99,,202307,1232.909091
50,长安UNI-V 智电iDD,2617,长安汽车,11.49 - 15.99,,202308,1232.909091
50,长安UNI-V 智电iDD,2912,长安汽车,11.49 - 15.99,,202309,1232.909091
76,长安UNI-V 智电iDD,1920,长安汽车,11.49 - 15.99,,202310,1232.909091
105,长安UNI-V 智电iDD,995,长安汽车,11.49 - 15.99,,202311,1232.909091
139,长安UNI-V 智电iDD,560,长安汽车,11.49 - 15.99,,202312,1232.909091
173,长安UNI-V 智电iDD,116,长安汽车,11.49 - 15.99,,202402,1232.909091
175,长安UNI-V 智电iDD,215,长安汽车,11.49 - 15.99,,202403,1232.909091
226,长安UNI-V 智电iDD,40,长安汽车,11.49 - 15.99,,202404,1232.909091
107,长安UNI-V 智电iDD,1092,长安汽车,11.49 - 15.99,,202405,1232.909091
150,长安UNI-V 智电iDD,549,长安汽车,11.49 - 15.99,,202406,1232.909091
161,长安UNI-V 智电iDD,522,长安汽车,11.49 - 15.99,,202407,1232.909091
145,长安UNI-V 智电iDD,712,长安汽车,11.49 - 15.99,,202408,1232.909091
167,长安UNI-V 智电iDD,625,长安汽车,11.49 - 15.99,,202409,1232.909091
171,长安UNI-V 智电iDD,689,长安汽车,11.49 - 15.99,,202410,1232.909091
171,长安UNI-V 智电iDD,625,长安汽车,11.49 - 15.99,,202411,1232.909091
49,ID.6 CROZZ,538,一汽-大众,25.89 - 33.69,,202106,1229.357143
49,ID.6 CROZZ,620,一汽-大众,25.89 - 33.69,,202107,1229.357143
36,ID.6 CROZZ,1302,一汽-大众,25.89 - 33.69,,202108,1229.357143
37,ID.6 CROZZ,1664,一汽-大众,25.89 - 33.69,,202109,1229.357143
39,ID.6 CROZZ,1776,一汽-大众,25.89 - 33.69,,202110,1229.357143
36,ID.6 CROZZ,2248,一汽-大众,25.89 - 33.69,,202111,1229.357143
45,ID.6 CROZZ,2253,一汽-大众,25.89 - 33.69,,202112,1229.357143
65,ID.6 CROZZ,881,一汽-大众,25.89 - 33.69,,202201,1229.357143
46,ID.6 CROZZ,1470,一汽-大众,25.89 - 33.69,,202202,1229.357143
44,ID.6 CROZZ,2162,一汽-大众,25.89 - 33.69,,202203,1229.357143
47,ID.6 CROZZ,1195,一汽-大众,25.89 - 33.69,,202204,1229.357143
54,ID.6 CROZZ,1638,一汽-大众,25.89 - 33.69,,202205,1229.357143
43,ID.6 CROZZ,2882,一汽-大众,25.89 - 33.69,,202206,1229.357143
44,ID.6 CROZZ,2940,一汽-大众,25.89 - 33.69,,202207,1229.357143
44,ID.6 CROZZ,3300,一汽-大众,25.89 - 33.69,,202208,1229.357143
46,ID.6 CROZZ,2905,一汽-大众,25.89 - 33.69,,202209,1229.357143
41,ID.6 CROZZ,2944,一汽-大众,25.89 - 33.69,,202210,1229.357143
53,ID.6 CROZZ,2402,一汽-大众,25.89 - 33.69,,202211,1229.357143
84,ID.6 CROZZ,1321,一汽-大众,25.89 - 33.69,,202212,1229.357143
102,ID.6 CROZZ,280,一汽-大众,25.89 - 33.69,,202301,1229.357143
82,ID.6 CROZZ,642,一汽-大众,25.89 - 33.69,,202302,1229.357143
61,ID.6 CROZZ,1157,一汽-大众,25.89 - 33.69,,202303,1229.357143
58,ID.6 CROZZ,1374,一汽-大众,25.89 - 33.69,,202304,1229.357143
62,ID.6 CROZZ,1365,一汽-大众,25.89 - 33.69,,202305,1229.357143
75,ID.6 CROZZ,1429,一汽-大众,25.89 - 33.69,,202306,1229.357143
76,ID.6 CROZZ,1354,一汽-大众,25.89 - 33.69,,202307,1229.357143
120,ID.6 CROZZ,551,一汽-大众,25.89 - 33.69,,202308,1229.357143
99,ID.6 CROZZ,945,一汽-大众,25.89 - 33.69,,202309,1229.357143
114,ID.6 CROZZ,799,一汽-大众,25.89 - 33.69,,202310,1229.357143
126,ID.6 CROZZ,588,一汽-大众,25.89 - 33.69,,202311,1229.357143
136,ID.6 CROZZ,575,一汽-大众,25.89 - 33.69,,202312,1229.357143
141,ID.6 CROZZ,434,一汽-大众,25.89 - 33.69,,202401,1229.357143
155,ID.6 CROZZ,184,一汽-大众,25.89 - 33.69,,202402,1229.357143
174,ID.6 CROZZ,264,一汽-大众,25.89 - 33.69,,202403,1229.357143
152,ID.6 CROZZ,400,一汽-大众,25.89 - 33.69,,202404,1229.357143
119,ID.6 CROZZ,897,一汽-大众,25.89 - 33.69,,202405,1229.357143
143,ID.6 CROZZ,611,一汽-大众,25.89 - 33.69,,202406,1229.357143
184,ID.6 CROZZ,317,一汽-大众,25.89 - 33.69,,202407,1229.357143
174,ID.6 CROZZ,458,一汽-大众,25.89 - 33.69,,202408,1229.357143
199,ID.6 CROZZ,334,一汽-大众,25.89 - 33.69,,202409,1229.357143
239,ID.6 CROZZ,101,一汽-大众,25.89 - 33.69,,202410,1229.357143
242,ID.6 CROZZ,133,一汽-大众,25.89 - 33.69,,202411,1229.357143
87,宝骏悦也,729,上汽通用五菱,7.98 - 9.08,,202305,1225.105263
57,宝骏悦也,2148,上汽通用五菱,7.98 - 9.08,,202306,1225.105263
43,宝骏悦也,3254,上汽通用五菱,7.98 - 9.08,,202307,1225.105263
55,宝骏悦也,2257,上汽通用五菱,7.98 - 9.08,,202308,1225.105263
69,宝骏悦也,1830,上汽通用五菱,7.98 - 9.08,,202309,1225.105263
79,宝骏悦也,1832,上汽通用五菱,7.98 - 9.08,,202310,1225.105263
87,宝骏悦也,1408,上汽通用五菱,7.98 - 9.08,,202311,1225.105263
104,宝骏悦也,1225,上汽通用五菱,7.98 - 9.08,,202312,1225.105263
81,宝骏悦也,1480,上汽通用五菱,7.98 - 9.08,,202401,1225.105263
84,宝骏悦也,788,上汽通用五菱,7.98 - 9.08,,202402,1225.105263
114,宝骏悦也,739,上汽通用五菱,7.98 - 9.08,,202403,1225.105263
115,宝骏悦也,723,上汽通用五菱,7.98 - 9.08,,202404,1225.105263
115,宝骏悦也,919,上汽通用五菱,7.98 - 9.08,,202405,1225.105263
134,宝骏悦也,726,上汽通用五菱,7.98 - 9.08,,202406,1225.105263
155,宝骏悦也,599,上汽通用五菱,7.98 - 9.08,,202407,1225.105263
144,宝骏悦也,729,上汽通用五菱,7.98 - 9.08,,202408,1225.105263
173,宝骏悦也,582,上汽通用五菱,7.98 - 9.08,,202409,1225.105263
172,宝骏悦也,681,上汽通用五菱,7.98 - 9.08,,202410,1225.105263
170,宝骏悦也,628,上汽通用五菱,7.98 - 9.08,,202411,1225.105263
104,荣威i6 MAX新能源,200,上汽集团,15.28 - 18.28,,202202,1219.695652
67,荣威i6 MAX新能源,1169,上汽集团,15.28 - 18.28,,202203,1219.695652
82,荣威i6 MAX新能源,432,上汽集团,15.28 - 18.28,,202204,1219.695652
30,荣威i6 MAX新能源,3491,上汽集团,15.28 - 18.28,,202205,1219.695652
81,荣威i6 MAX新能源,1095,上汽集团,15.28 - 18.28,,202206,1219.695652
88,荣威i6 MAX新能源,861,上汽集团,15.28 - 18.28,,202207,1219.695652
60,荣威i6 MAX新能源,1796,上汽集团,15.28 - 18.28,,202208,1219.695652
117,荣威i6 MAX新能源,445,上汽集团,15.28 - 18.28,,202209,1219.695652
69,荣威i6 MAX新能源,1569,上汽集团,15.28 - 18.28,,202210,1219.695652
78,荣威i6 MAX新能源,1583,上汽集团,15.28 - 18.28,,202211,1219.695652
134,荣威i6 MAX新能源,265,上汽集团,15.28 - 18.28,,202212,1219.695652
85,荣威i6 MAX新能源,453,上汽集团,15.28 - 18.28,,202301,1219.695652
53,荣威i6 MAX新能源,1117,上汽集团,15.28 - 18.28,,202302,1219.695652
22,荣威i6 MAX新能源,4682,上汽集团,15.28 - 18.28,,202402,1219.695652
59,荣威i6 MAX新能源,2494,上汽集团,15.28 - 18.28,,202403,1219.695652
89,荣威i6 MAX新能源,1312,上汽集团,15.28 - 18.28,,202404,1219.695652
92,荣威i6 MAX新能源,1499,上汽集团,15.28 - 18.28,,202405,1219.695652
167,荣威i6 MAX新能源,432,上汽集团,15.28 - 18.28,,202406,1219.695652
139,荣威i6 MAX新能源,694,上汽集团,15.28 - 18.28,,202407,1219.695652
163,荣威i6 MAX新能源,588,上汽集团,15.28 - 18.28,,202408,1219.695652
183,荣威i6 MAX新能源,469,上汽集团,15.28 - 18.28,,202409,1219.695652
155,荣威i6 MAX新能源,803,上汽集团,15.28 - 18.28,,202410,1219.695652
173,荣威i6 MAX新能源,604,上汽集团,15.28 - 18.28,,202411,1219.695652
140,岚图知音,1089,岚图汽车,19.69 - 23.69,,202410,1218
132,岚图知音,1347,岚图汽车,19.69 - 23.69,,202411,1218
25,逸动新能源,69,长安汽车,14.99 - 15.99,,201803,1198.615385
24,逸动新能源,275,长安汽车,14.99 - 15.99,,201804,1198.615385
32,逸动新能源,153,长安汽车,14.99 - 15.99,,201805,1198.615385
15,逸动新能源,784,长安汽车,14.99 - 15.99,,201806,1198.615385
17,逸动新能源,925,长安汽车,14.99 - 15.99,,201807,1198.615385
16,逸动新能源,1037,长安汽车,14.99 - 15.99,,201808,1198.615385
36,逸动新能源,276,长安汽车,14.99 - 15.99,,201809,1198.615385
36,逸动新能源,268,长安汽车,14.99 - 15.99,,201810,1198.615385
34,逸动新能源,837,长安汽车,14.99 - 15.99,,201811,1198.615385
24,逸动新能源,1601,长安汽车,14.99 - 15.99,,201812,1198.615385
12,逸动新能源,2049,长安汽车,14.99 - 15.99,,201901,1198.615385
12,逸动新能源,1239,长安汽车,14.99 - 15.99,,201902,1198.615385
9,逸动新能源,3426,长安汽车,14.99 - 15.99,,201903,1198.615385
31,逸动新能源,647,长安汽车,14.99 - 15.99,,201904,1198.615385
14,逸动新能源,1892,长安汽车,14.99 - 15.99,,201905,1198.615385
2,逸动新能源,7340,长安汽车,14.99 - 15.99,,201906,1198.615385
21,逸动新能源,682,长安汽车,14.99 - 15.99,,201907,1198.615385
20,逸动新能源,1075,长安汽车,14.99 - 15.99,,201908,1198.615385
24,逸动新能源,483,长安汽车,14.99 - 15.99,,201909,1198.615385
16,逸动新能源,917,长安汽车,14.99 - 15.99,,201910,1198.615385
12,逸动新能源,1914,长安汽车,14.99 - 15.99,,201911,1198.615385
20,逸动新能源,1484,长安汽车,14.99 - 15.99,,201912,1198.615385
17,逸动新能源,806,长安汽车,14.99 - 15.99,,202001,1198.615385
7,逸动新能源,408,长安汽车,14.99 - 15.99,,202002,1198.615385
18,逸动新能源,692,长安汽车,14.99 - 15.99,,202003,1198.615385
29,逸动新能源,357,长安汽车,14.99 - 15.99,,202004,1198.615385
29,逸动新能源,476,长安汽车,14.99 - 15.99,,202005,1198.615385
47,逸动新能源,201,长安汽车,14.99 - 15.99,,202006,1198.615385
37,逸动新能源,546,长安汽车,14.99 - 15.99,,202007,1198.615385
13,逸动新能源,1722,长安汽车,14.99 - 15.99,,202008,1198.615385
12,逸动新能源,2107,长安汽车,14.99 - 15.99,,202009,1198.615385
18,逸动新能源,1623,长安汽车,14.99 - 15.99,,202010,1198.615385
11,逸动新能源,2741,长安汽车,14.99 - 15.99,,202011,1198.615385
22,逸动新能源,2024,长安汽车,14.99 - 15.99,,202012,1198.615385
80,逸动新能源,51,长安汽车,14.99 - 15.99,,202101,1198.615385
60,逸动新能源,90,长安汽车,14.99 - 15.99,,202102,1198.615385
56,逸动新能源,373,长安汽车,14.99 - 15.99,,202103,1198.615385
73,逸动新能源,161,长安汽车,14.99 - 15.99,,202104,1198.615385
57,逸动新能源,410,长安汽车,14.99 - 15.99,,202105,1198.615385
30,逸动新能源,1735,长安汽车,14.99 - 15.99,,202106,1198.615385
37,逸动新能源,1186,长安汽车,14.99 - 15.99,,202107,1198.615385
33,逸动新能源,1615,长安汽车,14.99 - 15.99,,202108,1198.615385
38,逸动新能源,1602,长安汽车,14.99 - 15.99,,202109,1198.615385
33,逸动新能源,2424,长安汽车,14.99 - 15.99,,202110,1198.615385
34,逸动新能源,2770,长安汽车,14.99 - 15.99,,202111,1198.615385
60,逸动新能源,1234,长安汽车,14.99 - 15.99,,202112,1198.615385
29,逸动新能源,3160,长安汽车,14.99 - 15.99,,202203,1198.615385
49,逸动新能源,1152,长安汽车,14.99 - 15.99,,202204,1198.615385
63,逸动新能源,1219,长安汽车,14.99 - 15.99,,202205,1198.615385
64,逸动新能源,1603,长安汽车,14.99 - 15.99,,202206,1198.615385
51,逸动新能源,2354,长安汽车,14.99 - 15.99,,202207,1198.615385
156,逸动新能源,50,长安汽车,14.99 - 15.99,,202208,1198.615385
59,逸动新能源,2205,长安汽车,14.99 - 15.99,,202209,1198.615385
43,逸动新能源,2773,长安汽车,14.99 - 15.99,,202210,1198.615385
66,逸动新能源,1751,长安汽车,14.99 - 15.99,,202211,1198.615385
60,逸动新能源,2677,长安汽车,14.99 - 15.99,,202212,1198.615385
49,逸动新能源,1182,长安汽车,14.99 - 15.99,,202301,1198.615385
54,逸动新能源,1100,长安汽车,14.99 - 15.99,,202302,1198.615385
117,逸动新能源,332,长安汽车,14.99 - 15.99,,202303,1198.615385
151,逸动新能源,101,长安汽车,14.99 - 15.99,,202304,1198.615385
71,逸动新能源,1007,长安汽车,14.99 - 15.99,,202305,1198.615385
46,逸动新能源,3030,长安汽车,14.99 - 15.99,,202306,1198.615385
184,逸动新能源,32,长安汽车,14.99 - 15.99,,202307,1198.615385
177,逸动新能源,79,长安汽车,14.99 - 15.99,,202308,1198.615385
131,逸动新能源,477,长安汽车,14.99 - 15.99,,202309,1198.615385
144,逸动新能源,346,长安汽车,14.99 - 15.99,,202310,1198.615385
149,逸动新能源,354,长安汽车,14.99 - 15.99,,202311,1198.615385
103,逸动新能源,1239,长安汽车,14.99 - 15.99,,202312,1198.615385
53,逸动新能源,3431,长安汽车,14.99 - 15.99,,202401,1198.615385
112,逸动新能源,449,长安汽车,14.99 - 15.99,,202402,1198.615385
80,逸动新能源,1502,长安汽车,14.99 - 15.99,,202403,1198.615385
103,逸动新能源,942,长安汽车,14.99 - 15.99,,202404,1198.615385
181,逸动新能源,260,长安汽车,14.99 - 15.99,,202405,1198.615385
126,逸动新能源,841,长安汽车,14.99 - 15.99,,202406,1198.615385
176,逸动新能源,351,长安汽车,14.99 - 15.99,,202407,1198.615385
186,逸动新能源,350,长安汽车,14.99 - 15.99,,202408,1198.615385
195,逸动新能源,367,长安汽车,14.99 - 15.99,,202410,1198.615385
261,逸动新能源,49,长安汽车,14.99 - 15.99,,202411,1198.615385
30,小鹏G3,146,小鹏汽车,16.89 - 20.19,,201806,1190.75
61,小鹏G3,41,小鹏汽车,16.89 - 20.19,,201812,1190.75
25,小鹏G3,599,小鹏汽车,16.89 - 20.19,,201901,1190.75
21,小鹏G3,600,小鹏汽车,16.89 - 20.19,,201902,1190.75
24,小鹏G3,1256,小鹏汽车,16.89 - 20.19,,201903,1190.75
14,小鹏G3,2200,小鹏汽车,16.89 - 20.19,,201904,1190.75
12,小鹏G3,2704,小鹏汽车,16.89 - 20.19,,201905,1190.75
16,小鹏G3,2237,小鹏汽车,16.89 - 20.19,,201906,1190.75
9,小鹏G3,1515,小鹏汽车,16.89 - 20.19,,201907,1190.75
32,小鹏G3,306,小鹏汽车,16.89 - 20.19,,201908,1190.75
10,小鹏G3,2186,小鹏汽车,16.89 - 20.19,,201909,1190.75
23,小鹏G3,505,小鹏汽车,16.89 - 20.19,,201910,1190.75
20,小鹏G3,1016,小鹏汽车,16.89 - 20.19,,201911,1190.75
19,小鹏G3,1485,小鹏汽车,16.89 - 20.19,,201912,1190.75
18,小鹏G3,630,小鹏汽车,16.89 - 20.19,,202001,1190.75
17,小鹏G3,789,小鹏汽车,16.89 - 20.19,,202003,1190.75
18,小鹏G3,1008,小鹏汽车,16.89 - 20.19,,202004,1190.75
19,小鹏G3,954,小鹏汽车,16.89 - 20.19,,202005,1190.75
28,小鹏G3,821,小鹏汽车,16.89 - 20.19,,202006,1190.75
36,小鹏G3,551,小鹏汽车,16.89 - 20.19,,202007,1190.75
35,小鹏G3,623,小鹏汽车,16.89 - 20.19,,202008,1190.75
28,小鹏G3,853,小鹏汽车,16.89 - 20.19,,202009,1190.75
36,小鹏G3,815,小鹏汽车,16.89 - 20.19,,202010,1190.75
22,小鹏G3,1918,小鹏汽车,16.89 - 20.19,,202011,1190.75
13,小鹏G3,2729,小鹏汽车,16.89 - 20.19,,202012,1190.75
20,小鹏G3,1489,小鹏汽车,16.89 - 20.19,,202101,1190.75
13,小鹏G3,1626,小鹏汽车,16.89 - 20.19,,202102,1190.75
25,小鹏G3,1568,小鹏汽车,16.89 - 20.19,,202103,1190.75
18,小鹏G3,2610,小鹏汽车,16.89 - 20.19,,202104,1190.75
22,小鹏G3,2147,小鹏汽车,16.89 - 20.19,,202105,1190.75
26,小鹏G3,2331,小鹏汽车,16.89 - 20.19,,202106,1190.75
33,小鹏G3,1406,小鹏汽车,16.89 - 20.19,,202107,1190.75
40,小鹏G3,1100,小鹏汽车,16.89 - 20.19,,202108,1190.75
27,小鹏G3,2656,小鹏汽车,16.89 - 20.19,,202109,1190.75
22,小鹏G3,3657,小鹏汽车,16.89 - 20.19,,202110,1190.75
15,小鹏G3,5620,小鹏汽车,16.89 - 20.19,,202111,1190.75
32,小鹏G3,3511,小鹏汽车,16.89 - 20.19,,202112,1190.75
39,小鹏G3,2186,小鹏汽车,16.89 - 20.19,,202201,1190.75
69,小鹏G3,629,小鹏汽车,16.89 - 20.19,,202202,1190.75
50,小鹏G3,1833,小鹏汽车,16.89 - 20.19,,202203,1190.75
34,小鹏G3,1724,小鹏汽车,16.89 - 20.19,,202204,1190.75
40,小鹏G3,2215,小鹏汽车,16.89 - 20.19,,202205,1190.75
62,小鹏G3,1652,小鹏汽车,16.89 - 20.19,,202206,1190.75
65,小鹏G3,1519,小鹏汽车,16.89 - 20.19,,202207,1190.75
76,小鹏G3,1155,小鹏汽车,16.89 - 20.19,,202208,1190.75
81,小鹏G3,1233,小鹏汽车,16.89 - 20.19,,202209,1190.75
88,小鹏G3,709,小鹏汽车,16.89 - 20.19,,202210,1190.75
90,小鹏G3,1005,小鹏汽车,16.89 - 20.19,,202211,1190.75
81,小鹏G3,1476,小鹏汽车,16.89 - 20.19,,202212,1190.75
72,小鹏G3,558,小鹏汽车,16.89 - 20.19,,202301,1190.75
70,小鹏G3,866,小鹏汽车,16.89 - 20.19,,202302,1190.75
82,小鹏G3,759,小鹏汽车,16.89 - 20.19,,202303,1190.75
104,小鹏G3,436,小鹏汽车,16.89 - 20.19,,202304,1190.75
114,小鹏G3,358,小鹏汽车,16.89 - 20.19,,202305,1190.75
117,小鹏G3,434,小鹏汽车,16.89 - 20.19,,202306,1190.75
136,小鹏G3,311,小鹏汽车,16.89 - 20.19,,202307,1190.75
124,小鹏G3,497,小鹏汽车,16.89 - 20.19,,202308,1190.75
148,小鹏G3,296,小鹏汽车,16.89 - 20.19,,202309,1190.75
142,小鹏G3,363,小鹏汽车,16.89 - 20.19,,202310,1190.75
174,小鹏G3,227,小鹏汽车,16.89 - 20.19,,202312,1190.75
201,小鹏G3,72,小鹏汽车,16.89 - 20.19,,202401,1190.75
210,小鹏G3,26,小鹏汽车,16.89 - 20.19,,202402,1190.75
224,小鹏G3,34,小鹏汽车,16.89 - 20.19,,202403,1190.75
197,小鹏G3,113,小鹏汽车,16.89 - 20.19,,202404,1190.75
254,小鹏G3,5,小鹏汽车,16.89 - 20.19,,202405,1190.75
242,小鹏G3,52,小鹏汽车,16.89 - 20.19,,202406,1190.75
261,小鹏G3,11,小鹏汽车,16.89 - 20.19,,202407,1190.75
267,小鹏G3,9,小鹏汽车,16.89 - 20.19,,202408,1190.75
15,蔚来ES8,1331,蔚来,49.80 - 59.80,,201807,1165.324675
14,蔚来ES8,1296,蔚来,49.80 - 59.80,,201808,1165.324675
14,蔚来ES8,2079,蔚来,49.80 - 59.80,,201809,1165.324675
16,蔚来ES8,2060,蔚来,49.80 - 59.80,,201810,1165.324675
11,蔚来ES8,3349,蔚来,49.80 - 59.80,,201811,1165.324675
14,蔚来ES8,2692,蔚来,49.80 - 59.80,,201812,1165.324675
14,蔚来ES8,1803,蔚来,49.80 - 59.80,,201901,1165.324675
19,蔚来ES8,654,蔚来,49.80 - 59.80,,201902,1165.324675
23,蔚来ES8,1356,蔚来,49.80 - 59.80,,201903,1165.324675
15,蔚来ES8,1508,蔚来,49.80 - 59.80,,201904,1165.324675
28,蔚来ES8,935,蔚来,49.80 - 59.80,,201905,1165.324675
35,蔚来ES8,434,蔚来,49.80 - 59.80,,201906,1165.324675
25,蔚来ES8,436,蔚来,49.80 - 59.80,,201907,1165.324675
28,蔚来ES8,460,蔚来,49.80 - 59.80,,201908,1165.324675
35,蔚来ES8,288,蔚来,49.80 - 59.80,,201909,1165.324675
43,蔚来ES8,139,蔚来,49.80 - 59.80,,201910,1165.324675
56,蔚来ES8,93,蔚来,49.80 - 59.80,,201911,1165.324675
68,蔚来ES8,63,蔚来,49.80 - 59.80,,201912,1165.324675
43,蔚来ES8,100,蔚来,49.80 - 59.80,,202001,1165.324675
71,蔚来ES8,0,蔚来,49.80 - 59.80,,202002,1165.324675
34,蔚来ES8,182,蔚来,49.80 - 59.80,,202003,1165.324675
36,蔚来ES8,202,蔚来,49.80 - 59.80,,202004,1165.324675
22,蔚来ES8,914,蔚来,49.80 - 59.80,,202005,1165.324675
21,蔚来ES8,1263,蔚来,49.80 - 59.80,,202006,1165.324675
25,蔚来ES8,850,蔚来,49.80 - 59.80,,202007,1165.324675
21,蔚来ES8,1213,蔚来,49.80 - 59.80,,202008,1165.324675
16,蔚来ES8,1623,蔚来,49.80 - 59.80,,202009,1165.324675
20,蔚来ES8,1472,蔚来,49.80 - 59.80,,202010,1165.324675
26,蔚来ES8,1562,蔚来,49.80 - 59.80,,202011,1165.324675
28,蔚来ES8,1725,蔚来,49.80 - 59.80,,202012,1165.324675
16,蔚来ES8,1854,蔚来,49.80 - 59.80,,202101,1165.324675
14,蔚来ES8,1600,蔚来,49.80 - 59.80,,202102,1165.324675
24,蔚来ES8,1636,蔚来,49.80 - 59.80,,202103,1165.324675
25,蔚来ES8,1473,蔚来,49.80 - 59.80,,202104,1165.324675
28,蔚来ES8,1264,蔚来,49.80 - 59.80,,202105,1165.324675
31,蔚来ES8,1724,蔚来,49.80 - 59.80,,202106,1165.324675
29,蔚来ES8,1984,蔚来,49.80 - 59.80,,202107,1165.324675
28,蔚来ES8,1825,蔚来,49.80 - 59.80,,202108,1165.324675
40,蔚来ES8,1502,蔚来,49.80 - 59.80,,202109,1165.324675
81,蔚来ES8,223,蔚来,49.80 - 59.80,,202110,1165.324675
32,蔚来ES8,2957,蔚来,49.80 - 59.80,,202111,1165.324675
36,蔚来ES8,2901,蔚来,49.80 - 59.80,,202112,1165.324675
52,蔚来ES8,1531,蔚来,49.80 - 59.80,,202201,1165.324675
53,蔚来ES8,1084,蔚来,49.80 - 59.80,,202202,1165.324675
52,蔚来ES8,1726,蔚来,49.80 - 59.80,,202203,1165.324675
44,蔚来ES8,1251,蔚来,49.80 - 59.80,,202204,1165.324675
77,蔚来ES8,746,蔚来,49.80 - 59.80,,202205,1165.324675
61,蔚来ES8,1684,蔚来,49.80 - 59.80,,202206,1165.324675
70,蔚来ES8,1414,蔚来,49.80 - 59.80,,202207,1165.324675
69,蔚来ES8,1552,蔚来,49.80 - 59.80,,202208,1165.324675
71,蔚来ES8,1412,蔚来,49.80 - 59.80,,202209,1165.324675
87,蔚来ES8,737,蔚来,49.80 - 59.80,,202210,1165.324675
95,蔚来ES8,705,蔚来,49.80 - 59.80,,202211,1165.324675
110,蔚来ES8,538,蔚来,49.80 - 59.80,,202212,1165.324675
118,蔚来ES8,178,蔚来,49.80 - 59.80,,202301,1165.324675
103,蔚来ES8,395,蔚来,49.80 - 59.80,,202302,1165.324675
114,蔚来ES8,346,蔚来,49.80 - 59.80,,202303,1165.324675
102,蔚来ES8,439,蔚来,49.80 - 59.80,,202304,1165.324675
127,蔚来ES8,274,蔚来,49.80 - 59.80,,202305,1165.324675
107,蔚来ES8,588,蔚来,49.80 - 59.80,,202306,1165.324675
63,蔚来ES8,1917,蔚来,49.80 - 59.80,,202307,1165.324675
52,蔚来ES8,2369,蔚来,49.80 - 59.80,,202308,1165.324675
59,蔚来ES8,2139,蔚来,49.80 - 59.80,,202309,1165.324675
66,蔚来ES8,2251,蔚来,49.80 - 59.80,,202310,1165.324675
81,蔚来ES8,1658,蔚来,49.80 - 59.80,,202311,1165.324675
94,蔚来ES8,1584,蔚来,49.80 - 59.80,,202312,1165.324675
118,蔚来ES8,615,蔚来,49.80 - 59.80,,202401,1165.324675
114,蔚来ES8,414,蔚来,49.80 - 59.80,,202402,1165.324675
110,蔚来ES8,802,蔚来,49.80 - 59.80,,202403,1165.324675
112,蔚来ES8,773,蔚来,49.80 - 59.80,,202404,1165.324675
111,蔚来ES8,937,蔚来,49.80 - 59.80,,202405,1165.324675
125,蔚来ES8,882,蔚来,49.80 - 59.80,,202406,1165.324675
131,蔚来ES8,822,蔚来,49.80 - 59.80,,202407,1165.324675
132,蔚来ES8,857,蔚来,49.80 - 59.80,,202408,1165.324675
154,蔚来ES8,766,蔚来,49.80 - 59.80,,202409,1165.324675
163,蔚来ES8,747,蔚来,49.80 - 59.80,,202410,1165.324675
177,蔚来ES8,572,蔚来,49.80 - 59.80,,202411,1165.324675
49,百智大熊,1560,领途汽车,3.68 - 5.68,,202201,1131.2
52,百智大熊,1086,领途汽车,3.68 - 5.68,,202202,1131.2
60,百智大熊,1325,领途汽车,3.68 - 5.68,,202203,1131.2
48,百智大熊,1180,领途汽车,3.68 - 5.68,,202204,1131.2
91,百智大熊,505,领途汽车,3.68 - 5.68,,202205,1131.2
117,钇为3,348,江汽集团,6.99 - 14.99,,202305,1127.894737
85,钇为3,1061,江汽集团,6.99 - 14.99,,202306,1127.894737
58,钇为3,2191,江汽集团,6.99 - 14.99,,202307,1127.894737
51,钇为3,2490,江汽集团,6.99 - 14.99,,202308,1127.894737
89,钇为3,1227,江汽集团,6.99 - 14.99,,202309,1127.894737
67,钇为3,2239,江汽集团,6.99 - 14.99,,202310,1127.894737
89,钇为3,1318,江汽集团,6.99 - 14.99,,202311,1127.894737
145,钇为3,509,江汽集团,6.99 - 14.99,,202312,1127.894737
134,钇为3,500,江汽集团,6.99 - 14.99,,202401,1127.894737
188,钇为3,73,江汽集团,6.99 - 14.99,,202402,1127.894737
143,钇为3,484,江汽集团,6.99 - 14.99,,202403,1127.894737
120,钇为3,678,江汽集团,6.99 - 14.99,,202404,1127.894737
128,钇为3,728,江汽集团,6.99 - 14.99,,202405,1127.894737
140,钇为3,659,江汽集团,6.99 - 14.99,,202406,1127.894737
133,钇为3,819,江汽集团,6.99 - 14.99,,202407,1127.894737
116,钇为3,1211,江汽集团,6.99 - 14.99,,202408,1127.894737
117,钇为3,1596,江汽集团,6.99 - 14.99,,202409,1127.894737
124,钇为3,1514,江汽集团,6.99 - 14.99,,202410,1127.894737
124,钇为3,1785,江汽集团,6.99 - 14.99,,202411,1127.894737
39,帕萨特新能源,618,上汽大众,23.32 - 24.22,,201811,1120.780822
35,帕萨特新能源,859,上汽大众,23.32 - 24.22,,201812,1120.780822
22,帕萨特新能源,873,上汽大众,23.32 - 24.22,,201901,1120.780822
10,帕萨特新能源,1475,上汽大众,23.32 - 24.22,,201902,1120.780822
12,帕萨特新能源,2731,上汽大众,23.32 - 24.22,,201903,1120.780822
8,帕萨特新能源,3767,上汽大众,23.32 - 24.22,,201904,1120.780822
13,帕萨特新能源,2629,上汽大众,23.32 - 24.22,,201905,1120.780822
17,帕萨特新能源,2086,上汽大众,23.32 - 24.22,,201906,1120.780822
17,帕萨特新能源,994,上汽大众,23.32 - 24.22,,201907,1120.780822
24,帕萨特新能源,673,上汽大众,23.32 - 24.22,,201908,1120.780822
20,帕萨特新能源,949,上汽大众,23.32 - 24.22,,201909,1120.780822
22,帕萨特新能源,597,上汽大众,23.32 - 24.22,,201910,1120.780822
33,帕萨特新能源,409,上汽大众,23.32 - 24.22,,201911,1120.780822
10,帕萨特新能源,3376,上汽大众,23.32 - 24.22,,201912,1120.780822
3,帕萨特新能源,2217,上汽大众,23.32 - 24.22,,202001,1120.780822
19,帕萨特新能源,133,上汽大众,23.32 - 24.22,,202002,1120.780822
20,帕萨特新能源,519,上汽大众,23.32 - 24.22,,202003,1120.780822
13,帕萨特新能源,1137,上汽大众,23.32 - 24.22,,202004,1120.780822
15,帕萨特新能源,1023,上汽大众,23.32 - 24.22,,202005,1120.780822
19,帕萨特新能源,1357,上汽大众,23.32 - 24.22,,202006,1120.780822
21,帕萨特新能源,991,上汽大众,23.32 - 24.22,,202007,1120.780822
24,帕萨特新能源,992,上汽大众,23.32 - 24.22,,202008,1120.780822
7,帕萨特新能源,3555,上汽大众,23.32 - 24.22,,202009,1120.780822
25,帕萨特新能源,1173,上汽大众,23.32 - 24.22,,202010,1120.780822
18,帕萨特新能源,2164,上汽大众,23.32 - 24.22,,202011,1120.780822
29,帕萨特新能源,1662,上汽大众,23.32 - 24.22,,202012,1120.780822
61,帕萨特新能源,225,上汽大众,23.32 - 24.22,,202101,1120.780822
22,帕萨特新能源,639,上汽大众,23.32 - 24.22,,202102,1120.780822
22,帕萨特新能源,1786,上汽大众,23.32 - 24.22,,202103,1120.780822
32,帕萨特新能源,1012,上汽大众,23.32 - 24.22,,202104,1120.780822
30,帕萨特新能源,1223,上汽大众,23.32 - 24.22,,202105,1120.780822
44,帕萨特新能源,709,上汽大众,23.32 - 24.22,,202106,1120.780822
66,帕萨特新能源,265,上汽大众,23.32 - 24.22,,202107,1120.780822
37,帕萨特新能源,1189,上汽大众,23.32 - 24.22,,202108,1120.780822
64,帕萨特新能源,441,上汽大众,23.32 - 24.22,,202109,1120.780822
89,帕萨特新能源,152,上汽大众,23.32 - 24.22,,202110,1120.780822
38,帕萨特新能源,2157,上汽大众,23.32 - 24.22,,202111,1120.780822
147,帕萨特新能源,1,上汽大众,23.32 - 24.22,,202112,1120.780822
73,帕萨特新能源,731,上汽大众,23.32 - 24.22,,202201,1120.780822
24,帕萨特新能源,3025,上汽大众,23.32 - 24.22,,202202,1120.780822
48,帕萨特新能源,1894,上汽大众,23.32 - 24.22,,202203,1120.780822
72,帕萨特新能源,592,上汽大众,23.32 - 24.22,,202204,1120.780822
61,帕萨特新能源,1257,上汽大众,23.32 - 24.22,,202205,1120.780822
48,帕萨特新能源,2345,上汽大众,23.32 - 24.22,,202206,1120.780822
57,帕萨特新能源,2048,上汽大众,23.32 - 24.22,,202207,1120.780822
88,帕萨特新能源,799,上汽大众,23.32 - 24.22,,202208,1120.780822
83,帕萨特新能源,1216,上汽大众,23.32 - 24.22,,202209,1120.780822
76,帕萨特新能源,1183,上汽大众,23.32 - 24.22,,202210,1120.780822
98,帕萨特新能源,656,上汽大众,23.32 - 24.22,,202211,1120.780822
116,帕萨特新能源,443,上汽大众,23.32 - 24.22,,202212,1120.780822
76,帕萨特新能源,529,上汽大众,23.32 - 24.22,,202301,1120.780822
64,帕萨特新能源,977,上汽大众,23.32 - 24.22,,202302,1120.780822
60,帕萨特新能源,1176,上汽大众,23.32 - 24.22,,202303,1120.780822
66,帕萨特新能源,1144,上汽大众,23.32 - 24.22,,202304,1120.780822
76,帕萨特新能源,947,上汽大众,23.32 - 24.22,,202305,1120.780822
79,帕萨特新能源,1277,上汽大众,23.32 - 24.22,,202306,1120.780822
91,帕萨特新能源,921,上汽大众,23.32 - 24.22,,202307,1120.780822
98,帕萨特新能源,825,上汽大众,23.32 - 24.22,,202308,1120.780822
102,帕萨特新能源,897,上汽大众,23.32 - 24.22,,202309,1120.780822
109,帕萨特新能源,851,上汽大众,23.32 - 24.22,,202310,1120.780822
97,帕萨特新能源,1110,上汽大众,23.32 - 24.22,,202311,1120.780822
112,帕萨特新能源,1001,上汽大众,23.32 - 24.22,,202312,1120.780822
124,帕萨特新能源,574,上汽大众,23.32 - 24.22,,202401,1120.780822
150,帕萨特新能源,230,上汽大众,23.32 - 24.22,,202402,1120.780822
132,帕萨特新能源,520,上汽大众,23.32 - 24.22,,202403,1120.780822
137,帕萨特新能源,520,上汽大众,23.32 - 24.22,,202404,1120.780822
147,帕萨特新能源,558,上汽大众,23.32 - 24.22,,202405,1120.780822
156,帕萨特新能源,517,上汽大众,23.32 - 24.22,,202406,1120.780822
159,帕萨特新能源,530,上汽大众,23.32 - 24.22,,202407,1120.780822
193,帕萨特新能源,317,上汽大众,23.32 - 24.22,,202408,1120.780822
174,帕萨特新能源,578,上汽大众,23.32 - 24.22,,202409,1120.780822
186,帕萨特新能源,477,上汽大众,23.32 - 24.22,,202410,1120.780822
191,帕萨特新能源,394,上汽大众,23.32 - 24.22,,202411,1120.780822
13,荣威i6新能源,3081,上汽集团,14.78 - 20.18,,201810,1118.62963
14,荣威i6新能源,2689,上汽集团,14.78 - 20.18,,201811,1118.62963
27,荣威i6新能源,1473,上汽集团,14.78 - 20.18,,201812,1118.62963
17,荣威i6新能源,1318,上汽集团,14.78 - 20.18,,201901,1118.62963
17,荣威i6新能源,887,上汽集团,14.78 - 20.18,,201902,1118.62963
22,荣威i6新能源,1385,上汽集团,14.78 - 20.18,,201903,1118.62963
11,荣威i6新能源,2819,上汽集团,14.78 - 20.18,,201904,1118.62963
17,荣威i6新能源,1592,上汽集团,14.78 - 20.18,,201905,1118.62963
11,荣威i6新能源,1276,上汽集团,14.78 - 20.18,,201907,1118.62963
14,荣威i6新能源,1240,上汽集团,14.78 - 20.18,,201908,1118.62963
19,荣威i6新能源,979,上汽集团,14.78 - 20.18,,201909,1118.62963
21,荣威i6新能源,628,上汽集团,14.78 - 20.18,,201910,1118.62963
41,荣威i6新能源,227,上汽集团,14.78 - 20.18,,201911,1118.62963
34,荣威i6新能源,579,上汽集团,14.78 - 20.18,,201912,1118.62963
20,荣威i6新能源,583,上汽集团,14.78 - 20.18,,202001,1118.62963
9,荣威i6新能源,351,上汽集团,14.78 - 20.18,,202002,1118.62963
23,荣威i6新能源,483,上汽集团,14.78 - 20.18,,202003,1118.62963
11,荣威i6新能源,1277,上汽集团,14.78 - 20.18,,202004,1118.62963
31,荣威i6新能源,409,上汽集团,14.78 - 20.18,,202005,1118.62963
23,荣威i6新能源,1161,上汽集团,14.78 - 20.18,,202006,1118.62963
39,荣威i6新能源,534,上汽集团,14.78 - 20.18,,202007,1118.62963
39,荣威i6新能源,433,上汽集团,14.78 - 20.18,,202008,1118.62963
31,荣威i6新能源,749,上汽集团,14.78 - 20.18,,202009,1118.62963
33,荣威i6新能源,960,上汽集团,14.78 - 20.18,,202010,1118.62963
33,荣威i6新能源,964,上汽集团,14.78 - 20.18,,202011,1118.62963
32,荣威i6新能源,1122,上汽集团,14.78 - 20.18,,202012,1118.62963
26,荣威i6新能源,1004,上汽集团,14.78 - 20.18,,202101,1118.62963
59,新海狮EV,1209,鑫源汽车,13.98 - 19.28,,202303,1100.0625
64,新海狮EV,1198,鑫源汽车,13.98 - 19.28,,202304,1100.0625
63,新海狮EV,1323,鑫源汽车,13.98 - 19.28,,202305,1100.0625
70,新海狮EV,1554,鑫源汽车,13.98 - 19.28,,202306,1100.0625
71,新海狮EV,1554,鑫源汽车,13.98 - 19.28,,202307,1100.0625
72,新海狮EV,1704,鑫源汽车,13.98 - 19.28,,202308,1100.0625
83,新海狮EV,1351,鑫源汽车,13.98 - 19.28,,202309,1100.0625
91,新海狮EV,1236,鑫源汽车,13.98 - 19.28,,202310,1100.0625
106,新海狮EV,981,鑫源汽车,13.98 - 19.28,,202311,1100.0625
101,新海狮EV,1304,鑫源汽车,13.98 - 19.28,,202312,1100.0625
110,新海狮EV,457,鑫源汽车,13.98 - 19.28,,202402,1100.0625
121,新海狮EV,662,鑫源汽车,13.98 - 19.28,,202403,1100.0625
102,新海狮EV,981,鑫源汽车,13.98 - 19.28,,202404,1100.0625
117,新海狮EV,905,鑫源汽车,13.98 - 19.28,,202405,1100.0625
138,新海狮EV,687,鑫源汽车,13.98 - 19.28,,202406,1100.0625
165,新海狮EV,495,鑫源汽车,13.98 - 19.28,,202407,1100.0625
60,合创Z03,1029,合创汽车,13.48 - 18.28,,202111,1091.028571
50,合创Z03,1572,合创汽车,13.48 - 18.28,,202112,1091.028571
75,合创Z03,629,合创汽车,13.48 - 18.28,,202201,1091.028571
61,合创Z03,982,合创汽车,13.48 - 18.28,,202202,1091.028571
34,合创Z03,2878,合创汽车,13.48 - 18.28,,202203,1091.028571
55,合创Z03,1018,合创汽车,13.48 - 18.28,,202204,1091.028571
69,合创Z03,1032,合创汽车,13.48 - 18.28,,202205,1091.028571
88,合创Z03,914,合创汽车,13.48 - 18.28,,202206,1091.028571
108,合创Z03,444,合创汽车,13.48 - 18.28,,202207,1091.028571
57,合创Z03,1899,合创汽车,13.48 - 18.28,,202208,1091.028571
50,合创Z03,2510,合创汽车,13.48 - 18.28,,202209,1091.028571
52,合创Z03,2339,合创汽车,13.48 - 18.28,,202210,1091.028571
55,合创Z03,2368,合创汽车,13.48 - 18.28,,202211,1091.028571
62,合创Z03,2486,合创汽车,13.48 - 18.28,,202212,1091.028571
74,合创Z03,549,合创汽车,13.48 - 18.28,,202301,1091.028571
59,合创Z03,1048,合创汽车,13.48 - 18.28,,202302,1091.028571
165,合创Z03,46,合创汽车,13.48 - 18.28,,202303,1091.028571
26,合创Z03,4416,合创汽车,13.48 - 18.28,,202304,1091.028571
45,合创Z03,2363,合创汽车,13.48 - 18.28,,202305,1091.028571
58,合创Z03,2108,合创汽车,13.48 - 18.28,,202306,1091.028571
105,合创Z03,626,合创汽车,13.48 - 18.28,,202307,1091.028571
89,合创Z03,1013,合创汽车,13.48 - 18.28,,202308,1091.028571
106,合创Z03,832,合创汽车,13.48 - 18.28,,202309,1091.028571
127,合创Z03,490,合创汽车,13.48 - 18.28,,202310,1091.028571
185,合创Z03,129,合创汽车,13.48 - 18.28,,202311,1091.028571
182,合创Z03,202,合创汽车,13.48 - 18.28,,202312,1091.028571
168,合创Z03,199,合创汽车,13.48 - 18.28,,202401,1091.028571
95,合创Z03,601,合创汽车,13.48 - 18.28,,202402,1091.028571
156,合创Z03,388,合创汽车,13.48 - 18.28,,202403,1091.028571
136,合创Z03,525,合创汽车,13.48 - 18.28,,202404,1091.028571
226,合创Z03,78,合创汽车,13.48 - 18.28,,202405,1091.028571
200,合创Z03,208,合创汽车,13.48 - 18.28,,202406,1091.028571
222,合创Z03,140,合创汽车,13.48 - 18.28,,202407,1091.028571
255,合创Z03,50,合创汽车,13.48 - 18.28,,202408,1091.028571
253,合创Z03,75,合创汽车,13.48 - 18.28,,202409,1091.028571
30,吉利几何C,784,吉利几何,12.98 - 20.78,,202008,1090.195122
30,吉利几何C,784,吉利几何,12.98 - 20.78,,202009,1090.195122
23,吉利几何C,1189,吉利几何,12.98 - 20.78,,202010,1090.195122
31,吉利几何C,1059,吉利几何,12.98 - 20.78,,202011,1090.195122
40,吉利几何C,824,吉利几何,12.98 - 20.78,,202012,1090.195122
23,吉利几何C,1106,吉利几何,12.98 - 20.78,,202101,1090.195122
24,吉利几何C,536,吉利几何,12.98 - 20.78,,202102,1090.195122
32,吉利几何C,946,吉利几何,12.98 - 20.78,,202103,1090.195122
42,吉利几何C,591,吉利几何,12.98 - 20.78,,202104,1090.195122
37,吉利几何C,761,吉利几何,12.98 - 20.78,,202105,1090.195122
47,吉利几何C,642,吉利几何,12.98 - 20.78,,202106,1090.195122
50,吉利几何C,574,吉利几何,12.98 - 20.78,,202107,1090.195122
49,吉利几何C,766,吉利几何,12.98 - 20.78,,202108,1090.195122
32,吉利几何C,1937,吉利几何,12.98 - 20.78,,202109,1090.195122
42,吉利几何C,1399,吉利几何,12.98 - 20.78,,202110,1090.195122
56,吉利几何C,1123,吉利几何,12.98 - 20.78,,202111,1090.195122
86,吉利几何C,389,吉利几何,12.98 - 20.78,,202112,1090.195122
46,吉利几何C,1968,吉利几何,12.98 - 20.78,,202201,1090.195122
48,吉利几何C,1415,吉利几何,12.98 - 20.78,,202202,1090.195122
47,吉利几何C,1895,吉利几何,12.98 - 20.78,,202203,1090.195122
42,吉利几何C,1255,吉利几何,12.98 - 20.78,,202204,1090.195122
45,吉利几何C,1964,吉利几何,12.98 - 20.78,,202205,1090.195122
47,吉利几何C,2379,吉利几何,12.98 - 20.78,,202206,1090.195122
61,吉利几何C,1757,吉利几何,12.98 - 20.78,,202207,1090.195122
43,吉利几何C,3636,吉利几何,12.98 - 20.78,,202208,1090.195122
49,吉利几何C,2593,吉利几何,12.98 - 20.78,,202209,1090.195122
47,吉利几何C,2631,吉利几何,12.98 - 20.78,,202210,1090.195122
65,吉利几何C,1751,吉利几何,12.98 - 20.78,,202211,1090.195122
68,吉利几何C,2026,吉利几何,12.98 - 20.78,,202212,1090.195122
132,吉利几何C,80,吉利几何,12.98 - 20.78,,202301,1090.195122
92,吉利几何C,540,吉利几何,12.98 - 20.78,,202302,1090.195122
72,吉利几何C,923,吉利几何,12.98 - 20.78,,202303,1090.195122
109,吉利几何C,396,吉利几何,12.98 - 20.78,,202304,1090.195122
124,吉利几何C,299,吉利几何,12.98 - 20.78,,202305,1090.195122
110,吉利几何C,518,吉利几何,12.98 - 20.78,,202306,1090.195122
163,吉利几何C,136,吉利几何,12.98 - 20.78,,202307,1090.195122
122,吉利几何C,525,吉利几何,12.98 - 20.78,,202308,1090.195122
156,吉利几何C,242,吉利几何,12.98 - 20.78,,202309,1090.195122
165,吉利几何C,185,吉利几何,12.98 - 20.78,,202310,1090.195122
257,吉利几何C,15,吉利几何,12.98 - 20.78,,202407,1090.195122
223,吉利几何C,159,吉利几何,12.98 - 20.78,,202408,1090.195122
60,力帆枫叶80V,523,力帆汽车,15.98 - 16.98,,202110,1077.666667
54,力帆枫叶80V,1153,力帆汽车,15.98 - 16.98,,202111,1077.666667
52,力帆枫叶80V,1557,力帆汽车,15.98 - 16.98,,202112,1077.666667
12,宝骏E200,1930,上汽通用五菱,5.48 - 6.48,,202007,1077.388889
14,宝骏E200,1688,上汽通用五菱,5.48 - 6.48,,202008,1077.388889
19,宝骏E200,1482,上汽通用五菱,5.48 - 6.48,,202009,1077.388889
10,宝骏E200,2798,上汽通用五菱,5.48 - 6.48,,202010,1077.388889
16,宝骏E200,2254,上汽通用五菱,5.48 - 6.48,,202011,1077.388889
11,宝骏E200,2986,上汽通用五菱,5.48 - 6.48,,202012,1077.388889
38,宝骏E200,580,上汽通用五菱,5.48 - 6.48,,202101,1077.388889
40,宝骏E200,263,上汽通用五菱,5.48 - 6.48,,202102,1077.388889
34,宝骏E200,906,上汽通用五菱,5.48 - 6.48,,202103,1077.388889
39,宝骏E200,672,上汽通用五菱,5.48 - 6.48,,202104,1077.388889
34,宝骏E200,772,上汽通用五菱,5.48 - 6.48,,202105,1077.388889
82,宝骏E200,119,上汽通用五菱,5.48 - 6.48,,202106,1077.388889
19,宝骏E200,2943,上汽通用五菱,5.48 - 6.48,,202107,1077.388889
158,宝骏E200,0,上汽通用五菱,5.48 - 6.48,,202108,1077.388889
159,宝骏E200,0,上汽通用五菱,5.48 - 6.48,,202109,1077.388889
141,宝骏E200,0,上汽通用五菱,5.48 - 6.48,,202110,1077.388889
167,宝骏E200,0,上汽通用五菱,5.48 - 6.48,,202110,1077.388889
182,宝骏E200,0,上汽通用五菱,5.48 - 6.48,,202111,1077.388889
178,宝骏E200,0,上汽通用五菱,5.48 - 6.48,,202112,1077.388889
48,理想MEGA,3229,理想,55.98 - 55.98,,202403,1060.333333
92,理想MEGA,1145,理想,55.98 - 55.98,,202404,1060.333333
142,理想MEGA,614,理想,55.98 - 55.98,,202405,1060.333333
147,理想MEGA,589,理想,55.98 - 55.98,,202406,1060.333333
148,理想MEGA,654,理想,55.98 - 55.98,,202407,1060.333333
142,理想MEGA,746,理想,55.98 - 55.98,,202408,1060.333333
147,理想MEGA,879,理想,55.98 - 55.98,,202409,1060.333333
154,理想MEGA,824,理想,55.98 - 55.98,,202410,1060.333333
155,理想MEGA,863,理想,55.98 - 55.98,,202411,1060.333333
56,枫叶80V,414,睿蓝汽车,8.98 - 15.98,,202105,1039.833333
51,枫叶80V,494,睿蓝汽车,8.98 - 15.98,,202106,1039.833333
43,枫叶80V,697,睿蓝汽车,8.98 - 15.98,,202107,1039.833333
47,枫叶80V,798,睿蓝汽车,8.98 - 15.98,,202108,1039.833333
48,枫叶80V,816,睿蓝汽车,8.98 - 15.98,,202109,1039.833333
73,枫叶80V,309,睿蓝汽车,8.98 - 15.98,,202110,1039.833333
189,枫叶80V,0,睿蓝汽车,8.98 - 15.98,,202111,1039.833333
51,枫叶80V,1557,睿蓝汽车,8.98 - 15.98,,202112,1039.833333
72,枫叶80V,733,睿蓝汽车,8.98 - 15.98,,202201,1039.833333
151,枫叶80V,6,睿蓝汽车,8.98 - 15.98,,202202,1039.833333
100,枫叶80V,322,睿蓝汽车,8.98 - 15.98,,202203,1039.833333
39,枫叶80V,1414,睿蓝汽车,8.98 - 15.98,,202204,1039.833333
46,枫叶80V,1862,睿蓝汽车,8.98 - 15.98,,202205,1039.833333
74,枫叶80V,1310,睿蓝汽车,8.98 - 15.98,,202206,1039.833333
58,枫叶80V,1969,睿蓝汽车,8.98 - 15.98,,202207,1039.833333
49,枫叶80V,2940,睿蓝汽车,8.98 - 15.98,,202208,1039.833333
36,枫叶80V,4094,睿蓝汽车,8.98 - 15.98,,202209,1039.833333
33,枫叶80V,3648,睿蓝汽车,8.98 - 15.98,,202210,1039.833333
52,枫叶80V,2637,睿蓝汽车,8.98 - 15.98,,202211,1039.833333
53,枫叶80V,3288,睿蓝汽车,8.98 - 15.98,,202212,1039.833333
73,枫叶80V,553,睿蓝汽车,8.98 - 15.98,,202301,1039.833333
108,枫叶80V,365,睿蓝汽车,8.98 - 15.98,,202302,1039.833333
98,枫叶80V,481,睿蓝汽车,8.98 - 15.98,,202304,1039.833333
157,枫叶80V,240,睿蓝汽车,8.98 - 15.98,,202309,1039.833333
192,枫叶80V,50,睿蓝汽车,8.98 - 15.98,,202310,1039.833333
197,枫叶80V,83,睿蓝汽车,8.98 - 15.98,,202311,1039.833333
265,枫叶80V,7,睿蓝汽车,8.98 - 15.98,,202407,1039.833333
254,枫叶80V,51,睿蓝汽车,8.98 - 15.98,,202408,1039.833333
266,枫叶80V,27,睿蓝汽车,8.98 - 15.98,,202410,1039.833333
270,枫叶80V,30,睿蓝汽车,8.98 - 15.98,,202411,1039.833333
64,枫叶60s,950,睿蓝汽车,9.98 - 16.38,,202201,1026.1
40,枫叶60s,1612,睿蓝汽车,9.98 - 16.38,,202202,1026.1
53,枫叶60s,1686,睿蓝汽车,9.98 - 16.38,,202203,1026.1
62,枫叶60s,765,睿蓝汽车,9.98 - 16.38,,202204,1026.1
87,枫叶60s,557,睿蓝汽车,9.98 - 16.38,,202205,1026.1
58,枫叶60s,1816,睿蓝汽车,9.98 - 16.38,,202206,1026.1
63,枫叶60s,1544,睿蓝汽车,9.98 - 16.38,,202207,1026.1
111,枫叶60s,435,睿蓝汽车,9.98 - 16.38,,202208,1026.1
78,枫叶60s,1305,睿蓝汽车,9.98 - 16.38,,202209,1026.1
108,枫叶60s,408,睿蓝汽车,9.98 - 16.38,,202210,1026.1
32,枫叶60s,3632,睿蓝汽车,9.98 - 16.38,,202211,1026.1
27,枫叶60s,5887,睿蓝汽车,9.98 - 16.38,,202212,1026.1
69,枫叶60s,629,睿蓝汽车,9.98 - 16.38,,202301,1026.1
130,枫叶60s,156,睿蓝汽车,9.98 - 16.38,,202302,1026.1
75,枫叶60s,916,睿蓝汽车,9.98 - 16.38,,202303,1026.1
90,枫叶60s,1008,睿蓝汽车,9.98 - 16.38,,202308,1026.1
126,枫叶60s,518,睿蓝汽车,9.98 - 16.38,,202309,1026.1
93,枫叶60s,1145,睿蓝汽车,9.98 - 16.38,,202310,1026.1
120,枫叶60s,671,睿蓝汽车,9.98 - 16.38,,202311,1026.1
74,枫叶60s,2402,睿蓝汽车,9.98 - 16.38,,202312,1026.1
164,枫叶60s,141,睿蓝汽车,9.98 - 16.38,,202402,1026.1
171,枫叶60s,299,睿蓝汽车,9.98 - 16.38,,202403,1026.1
163,枫叶60s,318,睿蓝汽车,9.98 - 16.38,,202404,1026.1
148,枫叶60s,532,睿蓝汽车,9.98 - 16.38,,202405,1026.1
195,枫叶60s,230,睿蓝汽车,9.98 - 16.38,,202406,1026.1
166,枫叶60s,482,睿蓝汽车,9.98 - 16.38,,202407,1026.1
221,枫叶60s,161,睿蓝汽车,9.98 - 16.38,,202408,1026.1
204,枫叶60s,261,睿蓝汽车,9.98 - 16.38,,202409,1026.1
238,枫叶60s,103,睿蓝汽车,9.98 - 16.38,,202410,1026.1
219,枫叶60s,214,睿蓝汽车,9.98 - 16.38,,202411,1026.1
138,捷途山海L9,496,奇瑞汽车,16.69 - 19.29,,202311,1020.153846
121,捷途山海L9,826,奇瑞汽车,16.69 - 19.29,,202312,1020.153846
65,捷途山海L9,1899,奇瑞汽车,16.69 - 19.29,,202401,1020.153846
105,捷途山海L9,510,奇瑞汽车,16.69 - 19.29,,202402,1020.153846
116,捷途山海L9,729,奇瑞汽车,16.69 - 19.29,,202403,1020.153846
138,捷途山海L9,502,奇瑞汽车,16.69 - 19.29,,202404,1020.153846
114,捷途山海L9,920,奇瑞汽车,16.69 - 19.29,,202405,1020.153846
119,捷途山海L9,990,奇瑞汽车,16.69 - 19.29,,202406,1020.153846
108,捷途山海L9,1325,奇瑞汽车,16.69 - 19.29,,202407,1020.153846
105,捷途山海L9,1595,奇瑞汽车,16.69 - 19.29,,202408,1020.153846
119,捷途山海L9,1475,奇瑞汽车,16.69 - 19.29,,202409,1020.153846
136,捷途山海L9,1128,奇瑞汽车,16.69 - 19.29,,202410,1020.153846
153,捷途山海L9,867,奇瑞汽车,16.69 - 19.29,,202411,1020.153846
12,路盛S1 EV160B,523,华泰新能源,0.00 - 0.00,,201707,1016
12,路盛S1 EV160B,949,华泰新能源,0.00 - 0.00,,201708,1016
11,路盛S1 EV160B,1563,华泰新能源,0.00 - 0.00,,201709,1016
7,路盛S1 EV160B,2112,华泰新能源,0.00 - 0.00,,201710,1016
9,路盛S1 EV160B,2408,华泰新能源,0.00 - 0.00,,201711,1016
6,路盛S1 EV160B,3521,华泰新能源,0.00 - 0.00,,201712,1016
10,路盛S1 EV160B,607,华泰新能源,0.00 - 0.00,,201801,1016
12,路盛S1 EV160B,335,华泰新能源,0.00 - 0.00,,201802,1016
8,路盛S1 EV160B,1731,华泰新能源,0.00 - 0.00,,201803,1016
11,路盛S1 EV160B,1818,华泰新能源,0.00 - 0.00,,201804,1016
11,路盛S1 EV160B,1999,华泰新能源,0.00 - 0.00,,201805,1016
5,路盛S1 EV160B,2965,华泰新能源,0.00 - 0.00,,201806,1016
5,路盛S1 EV160B,3113,华泰新能源,0.00 - 0.00,,201807,1016
7,路盛S1 EV160B,3984,华泰新能源,0.00 - 0.00,,201808,1016
4,路盛S1 EV160B,4780,华泰新能源,0.00 - 0.00,,201809,1016
4,路盛S1 EV160B,5736,华泰新能源,0.00 - 0.00,,201810,1016
17,路盛S1 EV160B,1983,华泰新能源,0.00 - 0.00,,201811,1016
36,路盛S1 EV160B,680,华泰新能源,0.00 - 0.00,,201812,1016
27,路盛S1 EV160B,556,华泰新能源,0.00 - 0.00,,201901,1016
40,路盛S1 EV160B,120,华泰新能源,0.00 - 0.00,,201902,1016
32,路盛S1 EV160B,480,华泰新能源,0.00 - 0.00,,201903,1016
37,路盛S1 EV160B,389,华泰新能源,0.00 - 0.00,,201904,1016
44,路盛S1 EV160B,156,华泰新能源,0.00 - 0.00,,201905,1016
45,路盛S1 EV160B,164,华泰新能源,0.00 - 0.00,,201906,1016
71,路盛S1 EV160B,0,华泰新能源,0.00 - 0.00,,201907,1016
86,路盛S1 EV160B,0,华泰新能源,0.00 - 0.00,,201908,1016
82,路盛S1 EV160B,0,华泰新能源,0.00 - 0.00,,201909,1016
90,路盛S1 EV160B,0,华泰新能源,0.00 - 0.00,,201910,1016
92,路盛S1 EV160B,0,华泰新能源,0.00 - 0.00,,201911,1016
105,路盛S1 EV160B,0,华泰新能源,0.00 - 0.00,,201911,1016
111,路盛S1 EV160B,0,华泰新能源,0.00 - 0.00,,201912,1016
99,路盛S1 EV160B,0,华泰新能源,0.00 - 0.00,,202001,1016
87,路盛S1 EV160B,0,华泰新能源,0.00 - 0.00,,202002,1016
108,路盛S1 EV160B,0,华泰新能源,0.00 - 0.00,,202003,1016
107,路盛S1 EV160B,0,华泰新能源,0.00 - 0.00,,202004,1016
126,路盛S1 EV160B,0,华泰新能源,0.00 - 0.00,,202005,1016
113,路盛S1 EV160B,0,华泰新能源,0.00 - 0.00,,202006,1016
126,路盛S1 EV160B,0,华泰新能源,0.00 - 0.00,,202007,1016
118,路盛S1 EV160B,0,华泰新能源,0.00 - 0.00,,202009,1016
119,路盛S1 EV160B,0,华泰新能源,0.00 - 0.00,,202010,1016
119,路盛S1 EV160B,0,华泰新能源,0.00 - 0.00,,202011,1016
132,路盛S1 EV160B,0,华泰新能源,0.00 - 0.00,,202012,1016
140,路盛S1 EV160B,0,华泰新能源,0.00 - 0.00,,202101,1016
77,腾势N7,1480,腾势汽车,23.98 - 32.98,,202308,1011.3125
70,腾势N7,1810,腾势汽车,23.98 - 32.98,,202309,1011.3125
96,腾势N7,1079,腾势汽车,23.98 - 32.98,,202310,1011.3125
104,腾势N7,1033,腾势汽车,23.98 - 32.98,,202311,1011.3125
111,腾势N7,1035,腾势汽车,23.98 - 32.98,,202312,1011.3125
151,腾势N7,320,腾势汽车,23.98 - 32.98,,202401,1011.3125
135,腾势N7,294,腾势汽车,23.98 - 32.98,,202402,1011.3125
184,腾势N7,173,腾势汽车,23.98 - 32.98,,202403,1011.3125
97,腾势N7,1058,腾势汽车,23.98 - 32.98,,202404,1011.3125
78,腾势N7,2031,腾势汽车,23.98 - 32.98,,202405,1011.3125
82,腾势N7,2089,腾势汽车,23.98 - 32.98,,202406,1011.3125
109,腾势N7,1310,腾势汽车,23.98 - 32.98,,202407,1011.3125
134,腾势N7,808,腾势汽车,23.98 - 32.98,,202408,1011.3125
140,腾势N7,1005,腾势汽车,23.98 - 32.98,,202409,1011.3125
204,腾势N7,311,腾势汽车,23.98 - 32.98,,202410,1011.3125
198,腾势N7,345,腾势汽车,23.98 - 32.98,,202411,1011.3125
76,昊铂HT,1910,昊铂,21.39 - 32.99,,202311,1008
93,昊铂HT,1594,昊铂,21.39 - 32.99,,202312,1008
132,昊铂HT,504,昊铂,21.39 - 32.99,,202401,1008
139,昊铂HT,268,昊铂,21.39 - 32.99,,202402,1008
139,昊铂HT,494,昊铂,21.39 - 32.99,,202403,1008
147,昊铂HT,430,昊铂,21.39 - 32.99,,202404,1008
116,昊铂HT,915,昊铂,21.39 - 32.99,,202405,1008
159,昊铂HT,502,昊铂,21.39 - 32.99,,202406,1008
144,昊铂HT,673,昊铂,21.39 - 32.99,,202407,1008
121,昊铂HT,1157,昊铂,21.39 - 32.99,,202408,1008
122,昊铂HT,1454,昊铂,21.39 - 32.99,,202409,1008
135,昊铂HT,1150,昊铂,21.39 - 32.99,,202410,1008
120,昊铂HT,2053,昊铂,21.39 - 32.99,,202411,1008
98,长安CS75 PLUS 智电iDD,990,长安汽车,16.99 - 16.99,,202401,990
5,江铃E200L,730,江铃集团新能源,0.00 - 0.00,,201607,985.9038462
14,江铃E200L,150,江铃集团新能源,0.00 - 0.00,,201608,985.9038462
7,江铃E200L,628,江铃集团新能源,0.00 - 0.00,,201609,985.9038462
8,江铃E200L,605,江铃集团新能源,0.00 - 0.00,,201610,985.9038462
8,江铃E200L,1021,江铃集团新能源,0.00 - 0.00,,201611,985.9038462
9,江铃E200L,828,江铃集团新能源,0.00 - 0.00,,201612,985.9038462
3,江铃E200L,345,江铃集团新能源,0.00 - 0.00,,201701,985.9038462
5,江铃E200L,711,江铃集团新能源,0.00 - 0.00,,201702,985.9038462
7,江铃E200L,466,江铃集团新能源,0.00 - 0.00,,201703,985.9038462
10,江铃E200L,603,江铃集团新能源,0.00 - 0.00,,201704,985.9038462
14,江铃E200L,601,江铃集团新能源,0.00 - 0.00,,201705,985.9038462
10,江铃E200L,759,江铃集团新能源,0.00 - 0.00,,201706,985.9038462
11,江铃E200L,524,江铃集团新能源,0.00 - 0.00,,201707,985.9038462
15,江铃E200L,809,江铃集团新能源,0.00 - 0.00,,201708,985.9038462
19,江铃E200L,533,江铃集团新能源,0.00 - 0.00,,201709,985.9038462
24,江铃E200L,246,江铃集团新能源,0.00 - 0.00,,201710,985.9038462
10,江铃E200L,2356,江铃集团新能源,0.00 - 0.00,,201711,985.9038462
8,江铃E200L,2605,江铃集团新能源,0.00 - 0.00,,201712,985.9038462
18,江铃E200L,178,江铃集团新能源,0.00 - 0.00,,201801,985.9038462
5,江铃E200L,1594,江铃集团新能源,0.00 - 0.00,,201802,985.9038462
7,江铃E200L,2280,江铃集团新能源,0.00 - 0.00,,201803,985.9038462
8,江铃E200L,3000,江铃集团新能源,0.00 - 0.00,,201804,985.9038462
6,江铃E200L,3372,江铃集团新能源,0.00 - 0.00,,201805,985.9038462
3,江铃E200L,3677,江铃集团新能源,0.00 - 0.00,,201806,985.9038462
10,江铃E200L,2121,江铃集团新能源,0.00 - 0.00,,201807,985.9038462
19,江铃E200L,528,江铃集团新能源,0.00 - 0.00,,201808,985.9038462
13,江铃E200L,2139,江铃集团新能源,0.00 - 0.00,,201809,985.9038462
9,江铃E200L,4195,江铃集团新能源,0.00 - 0.00,,201810,985.9038462
10,江铃E200L,3372,江铃集团新能源,0.00 - 0.00,,201811,985.9038462
6,江铃E200L,7492,江铃集团新能源,0.00 - 0.00,,201812,985.9038462
26,江铃E200L,576,江铃集团新能源,0.00 - 0.00,,201901,985.9038462
16,江铃E200L,907,江铃集团新能源,0.00 - 0.00,,201902,985.9038462
30,江铃E200L,523,江铃集团新能源,0.00 - 0.00,,201903,985.9038462
40,江铃E200L,293,江铃集团新能源,0.00 - 0.00,,201904,985.9038462
35,江铃E200L,500,江铃集团新能源,0.00 - 0.00,,201905,985.9038462
63,江铃E200L,0,江铃集团新能源,0.00 - 0.00,,201907,985.9038462
79,江铃E200L,0,江铃集团新能源,0.00 - 0.00,,201908,985.9038462
75,江铃E200L,0,江铃集团新能源,0.00 - 0.00,,201909,985.9038462
82,江铃E200L,0,江铃集团新能源,0.00 - 0.00,,201910,985.9038462
83,江铃E200L,0,江铃集团新能源,0.00 - 0.00,,201911,985.9038462
90,江铃E200L,0,江铃集团新能源,0.00 - 0.00,,201912,985.9038462
120,江铃E200L,0,江铃集团新能源,0.00 - 0.00,,202001,985.9038462
116,江铃E200L,0,江铃集团新能源,0.00 - 0.00,,202002,985.9038462
137,江铃E200L,0,江铃集团新能源,0.00 - 0.00,,202003,985.9038462
139,江铃E200L,0,江铃集团新能源,0.00 - 0.00,,202004,985.9038462
110,江铃E200L,0,江铃集团新能源,0.00 - 0.00,,202005,985.9038462
145,江铃E200L,0,江铃集团新能源,0.00 - 0.00,,202006,985.9038462
132,江铃E200L,0,江铃集团新能源,0.00 - 0.00,,202008,985.9038462
156,江铃E200L,0,江铃集团新能源,0.00 - 0.00,,202008,985.9038462
136,江铃E200L,0,江铃集团新能源,0.00 - 0.00,,202009,985.9038462
138,江铃E200L,0,江铃集团新能源,0.00 - 0.00,,202010,985.9038462
139,江铃E200L,0,江铃集团新能源,0.00 - 0.00,,202011,985.9038462
129,江铃E200L,0,江铃集团新能源,0.00 - 0.00,,202101,985.9038462
125,蔚来ET7,11,蔚来,42.80 - 51.60,,202110,976.75
129,蔚来ET7,24,蔚来,42.80 - 51.60,,202111,976.75
130,蔚来ET7,33,蔚来,42.80 - 51.60,,202112,976.75
122,蔚来ET7,163,蔚来,42.80 - 51.60,,202203,976.75
66,蔚来ET7,693,蔚来,42.80 - 51.60,,202204,976.75
52,蔚来ET7,1707,蔚来,42.80 - 51.60,,202205,976.75
30,蔚来ET7,4349,蔚来,42.80 - 51.60,,202206,976.75
47,蔚来ET7,2473,蔚来,42.80 - 51.60,,202207,976.75
48,蔚来ET7,3126,蔚来,42.80 - 51.60,,202208,976.75
45,蔚来ET7,2928,蔚来,42.80 - 51.60,,202209,976.75
38,蔚来ET7,3048,蔚来,42.80 - 51.60,,202210,976.75
41,蔚来ET7,3180,蔚来,42.80 - 51.60,,202211,976.75
82,蔚来ET7,1379,蔚来,42.80 - 51.60,,202212,976.75
77,蔚来ET7,521,蔚来,42.80 - 51.60,,202301,976.75
81,蔚来ET7,649,蔚来,42.80 - 51.60,,202302,976.75
83,蔚来ET7,738,蔚来,42.80 - 51.60,,202303,976.75
87,蔚来ET7,652,蔚来,42.80 - 51.60,,202304,976.75
97,蔚来ET7,535,蔚来,42.80 - 51.60,,202305,976.75
112,蔚来ET7,506,蔚来,42.80 - 51.60,,202306,976.75
126,蔚来ET7,397,蔚来,42.80 - 51.60,,202307,976.75
139,蔚来ET7,349,蔚来,42.80 - 51.60,,202308,976.75
153,蔚来ET7,245,蔚来,42.80 - 51.60,,202309,976.75
146,蔚来ET7,332,蔚来,42.80 - 51.60,,202310,976.75
162,蔚来ET7,253,蔚来,42.80 - 51.60,,202311,976.75
148,蔚来ET7,466,蔚来,42.80 - 51.60,,202312,976.75
166,蔚来ET7,210,蔚来,42.80 - 51.60,,202401,976.75
165,蔚来ET7,135,蔚来,42.80 - 51.60,,202402,976.75
117,蔚来ET7,713,蔚来,42.80 - 51.60,,202403,976.75
206,蔚来ET7,93,蔚来,42.80 - 51.60,,202404,976.75
106,蔚来ET7,1098,蔚来,42.80 - 51.60,,202405,976.75
111,蔚来ET7,1071,蔚来,42.80 - 51.60,,202406,976.75
137,蔚来ET7,749,蔚来,42.80 - 51.60,,202407,976.75
135,蔚来ET7,793,蔚来,42.80 - 51.60,,202408,976.75
163,蔚来ET7,651,蔚来,42.80 - 51.60,,202409,976.75
185,蔚来ET7,482,蔚来,42.80 - 51.60,,202410,976.75
189,蔚来ET7,411,蔚来,42.80 - 51.60,,202411,976.75
61,领克09新能源,1057,领克,28.99 - 36.29,,202201,963.6857143
56,领克09新能源,1061,领克,28.99 - 36.29,,202202,963.6857143
68,领克09新能源,1121,领克,28.99 - 36.29,,202203,963.6857143
51,领克09新能源,1090,领克,28.99 - 36.29,,202204,963.6857143
57,领克09新能源,1507,领克,28.99 - 36.29,,202205,963.6857143
52,领克09新能源,2064,领克,28.99 - 36.29,,202206,963.6857143
68,领克09新能源,1471,领克,28.99 - 36.29,,202207,963.6857143
84,领克09新能源,978,领克,28.99 - 36.29,,202208,963.6857143
88,领克09新能源,1152,领克,28.99 - 36.29,,202209,963.6857143
103,领克09新能源,490,领克,28.99 - 36.29,,202210,963.6857143
85,领克09新能源,1090,领克,28.99 - 36.29,,202211,963.6857143
91,领克09新能源,1119,领克,28.99 - 36.29,,202212,963.6857143
110,领克09新能源,216,领克,28.99 - 36.29,,202301,963.6857143
89,领克09新能源,570,领克,28.99 - 36.29,,202302,963.6857143
88,领克09新能源,672,领克,28.99 - 36.29,,202303,963.6857143
88,领克09新能源,637,领克,28.99 - 36.29,,202304,963.6857143
73,领克09新能源,981,领克,28.99 - 36.29,,202305,963.6857143
92,领克09新能源,951,领克,28.99 - 36.29,,202306,963.6857143
77,领克09新能源,1292,领克,28.99 - 36.29,,202307,963.6857143
69,领克09新能源,1798,领克,28.99 - 36.29,,202308,963.6857143
101,领克09新能源,930,领克,28.99 - 36.29,,202309,963.6857143
106,领克09新能源,894,领克,28.99 - 36.29,,202310,963.6857143
161,领克09新能源,263,领克,28.99 - 36.29,,202311,963.6857143
130,领克09新能源,714,领克,28.99 - 36.29,,202312,963.6857143
76,领克09新能源,1546,领克,28.99 - 36.29,,202401,963.6857143
90,领克09新能源,683,领克,28.99 - 36.29,,202402,963.6857143
120,领克09新能源,664,领克,28.99 - 36.29,,202403,963.6857143
105,领克09新能源,915,领克,28.99 - 36.29,,202404,963.6857143
118,领克09新能源,901,领克,28.99 - 36.29,,202405,963.6857143
112,领克09新能源,1063,领克,28.99 - 36.29,,202406,963.6857143
142,领克09新能源,686,领克,28.99 - 36.29,,202407,963.6857143
123,领克09新能源,1126,领克,28.99 - 36.29,,202408,963.6857143
168,领克09新能源,608,领克,28.99 - 36.29,,202409,963.6857143
158,领克09新能源,777,领克,28.99 - 36.29,,202410,963.6857143
168,领克09新能源,642,领克,28.99 - 36.29,,202411,963.6857143
7,北汽新能源EX,767,北汽新能源,0.00 - 0.00,,201801,955.1111111
23,北汽新能源EX,300,北汽新能源,0.00 - 0.00,,201806,955.1111111
18,北汽新能源EX,800,北汽新能源,0.00 - 0.00,,201807,955.1111111
13,北汽新能源EX,1301,北汽新能源,0.00 - 0.00,,201808,955.1111111
10,北汽新能源EX,3040,北汽新能源,0.00 - 0.00,,201809,955.1111111
11,北汽新能源EX,3360,北汽新能源,0.00 - 0.00,,201810,955.1111111
12,北汽新能源EX,3050,北汽新能源,0.00 - 0.00,,201811,955.1111111
12,北汽新能源EX,3484,北汽新能源,0.00 - 0.00,,201812,955.1111111
31,北汽新能源EX,244,北汽新能源,0.00 - 0.00,,201902,955.1111111
38,北汽新能源EX,200,北汽新能源,0.00 - 0.00,,201903,955.1111111
34,北汽新能源EX,500,北汽新能源,0.00 - 0.00,,201904,955.1111111
21,北汽新能源EX,1279,北汽新能源,0.00 - 0.00,,201905,955.1111111
14,北汽新能源EX,3104,北汽新能源,0.00 - 0.00,,201906,955.1111111
13,北汽新能源EX,1101,北汽新能源,0.00 - 0.00,,201907,955.1111111
12,北汽新能源EX,1400,北汽新能源,0.00 - 0.00,,201908,955.1111111
23,北汽新能源EX,500,北汽新能源,0.00 - 0.00,,201909,955.1111111
48,北汽新能源EX,100,北汽新能源,0.00 - 0.00,,201910,955.1111111
76,北汽新能源EX,2,北汽新能源,0.00 - 0.00,,201911,955.1111111
30,北汽新能源EX,756,北汽新能源,0.00 - 0.00,,201912,955.1111111
115,北汽新能源EX,0,北汽新能源,0.00 - 0.00,,202001,955.1111111
104,北汽新能源EX,0,北汽新能源,0.00 - 0.00,,202002,955.1111111
22,北汽新能源EX,500,北汽新能源,0.00 - 0.00,,202003,955.1111111
104,北汽新能源EX,0,北汽新能源,0.00 - 0.00,,202004,955.1111111
138,北汽新能源EX,0,北汽新能源,0.00 - 0.00,,202005,955.1111111
114,北汽新能源EX,0,北汽新能源,0.00 - 0.00,,202006,955.1111111
145,北汽新能源EX,0,北汽新能源,0.00 - 0.00,,202007,955.1111111
127,北汽新能源EX,0,北汽新能源,0.00 - 0.00,,202008,955.1111111
151,北汽新能源EX,0,北汽新能源,0.00 - 0.00,,202008,955.1111111
240,瑞虎9 C-DM,104,奇瑞汽车,16.59 - 17.99,,202409,930
141,瑞虎9 C-DM,1049,奇瑞汽车,16.59 - 17.99,,202410,930
125,瑞虎9 C-DM,1637,奇瑞汽车,16.59 - 17.99,,202411,930
63,凯翼拾月,3079,凯翼汽车,5.39 - 9.98,,202312,920.8333333
163,凯翼拾月,222,凯翼汽车,5.39 - 9.98,,202401,920.8333333
137,凯翼拾月,289,凯翼汽车,5.39 - 9.98,,202402,920.8333333
129,凯翼拾月,543,凯翼汽车,5.39 - 9.98,,202403,920.8333333
114,凯翼拾月,726,凯翼汽车,5.39 - 9.98,,202404,920.8333333
124,凯翼拾月,812,凯翼汽车,5.39 - 9.98,,202405,920.8333333
186,凯翼拾月,287,凯翼汽车,5.39 - 9.98,,202406,920.8333333
171,凯翼拾月,453,凯翼汽车,5.39 - 9.98,,202407,920.8333333
147,凯翼拾月,703,凯翼汽车,5.39 - 9.98,,202408,920.8333333
146,凯翼拾月,891,凯翼汽车,5.39 - 9.98,,202409,920.8333333
123,凯翼拾月,1528,凯翼汽车,5.39 - 9.98,,202410,920.8333333
127,凯翼拾月,1517,凯翼汽车,5.39 - 9.98,,202411,920.8333333
27,五菱Air ev晴空,4146,上汽通用五菱,6.78 - 8.28,,202211,919.44
18,五菱Air ev晴空,9331,上汽通用五菱,6.78 - 8.28,,202212,919.44
67,五菱Air ev晴空,632,上汽通用五菱,6.78 - 8.28,,202301,919.44
68,五菱Air ev晴空,941,上汽通用五菱,6.78 - 8.28,,202302,919.44
94,五菱Air ev晴空,592,上汽通用五菱,6.78 - 8.28,,202303,919.44
114,五菱Air ev晴空,362,上汽通用五菱,6.78 - 8.28,,202304,919.44
96,五菱Air ev晴空,546,上汽通用五菱,6.78 - 8.28,,202305,919.44
101,五菱Air ev晴空,697,上汽通用五菱,6.78 - 8.28,,202306,919.44
88,五菱Air ev晴空,988,上汽通用五菱,6.78 - 8.28,,202307,919.44
92,五菱Air ev晴空,983,上汽通用五菱,6.78 - 8.28,,202308,919.44
112,五菱Air ev晴空,733,上汽通用五菱,6.78 - 8.28,,202309,919.44
124,五菱Air ev晴空,614,上汽通用五菱,6.78 - 8.28,,202310,919.44
155,五菱Air ev晴空,296,上汽通用五菱,6.78 - 8.28,,202311,919.44
180,五菱Air ev晴空,213,上汽通用五菱,6.78 - 8.28,,202312,919.44
189,五菱Air ev晴空,122,上汽通用五菱,6.78 - 8.28,,202401,919.44
121,五菱Air ev晴空,369,上汽通用五菱,6.78 - 8.28,,202402,919.44
153,五菱Air ev晴空,397,上汽通用五菱,6.78 - 8.28,,202403,919.44
192,五菱Air ev晴空,132,上汽通用五菱,6.78 - 8.28,,202404,919.44
145,五菱Air ev晴空,584,上汽通用五菱,6.78 - 8.28,,202405,919.44
221,五菱Air ev晴空,125,上汽通用五菱,6.78 - 8.28,,202406,919.44
248,五菱Air ev晴空,49,上汽通用五菱,6.78 - 8.28,,202407,919.44
252,五菱Air ev晴空,54,上汽通用五菱,6.78 - 8.28,,202408,919.44
265,五菱Air ev晴空,39,上汽通用五菱,6.78 - 8.28,,202409,919.44
273,五菱Air ev晴空,20,上汽通用五菱,6.78 - 8.28,,202410,919.44
278,五菱Air ev晴空,21,上汽通用五菱,6.78 - 8.28,,202411,919.44
161,享界S9,758,STELATO 享界,39.98 - 44.98,,202410,908
143,享界S9,1058,STELATO 享界,39.98 - 44.98,,202411,908
61,创维EV6,461,创维汽车,13.98 - 32.98,,202108,904.025641
58,创维EV6,575,创维汽车,13.98 - 32.98,,202109,904.025641
58,创维EV6,610,创维汽车,13.98 - 32.98,,202110,904.025641
53,创维EV6,1220,创维汽车,13.98 - 32.98,,202111,904.025641
61,创维EV6,1222,创维汽车,13.98 - 32.98,,202112,904.025641
57,创维EV6,1207,创维汽车,13.98 - 32.98,,202201,904.025641
59,创维EV6,1047,创维汽车,13.98 - 32.98,,202202,904.025641
64,创维EV6,1184,创维汽车,13.98 - 32.98,,202203,904.025641
57,创维EV6,976,创维汽车,13.98 - 32.98,,202204,904.025641
66,创维EV6,1130,创维汽车,13.98 - 32.98,,202205,904.025641
76,创维EV6,1292,创维汽车,13.98 - 32.98,,202206,904.025641
76,创维EV6,1159,创维汽车,13.98 - 32.98,,202207,904.025641
74,创维EV6,1350,创维汽车,13.98 - 32.98,,202208,904.025641
68,创维EV6,1605,创维汽车,13.98 - 32.98,,202209,904.025641
67,创维EV6,1658,创维汽车,13.98 - 32.98,,202210,904.025641
63,创维EV6,1791,创维汽车,13.98 - 32.98,,202211,904.025641
69,创维EV6,2018,创维汽车,13.98 - 32.98,,202212,904.025641
92,创维EV6,346,创维汽车,13.98 - 32.98,,202301,904.025641
104,创维EV6,393,创维汽车,13.98 - 32.98,,202302,904.025641
101,创维EV6,513,创维汽车,13.98 - 32.98,,202303,904.025641
80,创维EV6,775,创维汽车,13.98 - 32.98,,202304,904.025641
89,创维EV6,639,创维汽车,13.98 - 32.98,,202305,904.025641
89,创维EV6,1010,创维汽车,13.98 - 32.98,,202306,904.025641
85,创维EV6,1106,创维汽车,13.98 - 32.98,,202307,904.025641
84,创维EV6,1207,创维汽车,13.98 - 32.98,,202308,904.025641
85,创维EV6,1310,创维汽车,13.98 - 32.98,,202309,904.025641
102,创维EV6,928,创维汽车,13.98 - 32.98,,202310,904.025641
107,创维EV6,898,创维汽车,13.98 - 32.98,,202311,904.025641
169,创维EV6,300,创维汽车,13.98 - 32.98,,202312,904.025641
143,创维EV6,400,创维汽车,13.98 - 32.98,,202401,904.025641
134,创维EV6,513,创维汽车,13.98 - 32.98,,202403,904.025641
144,创维EV6,461,创维汽车,13.98 - 32.98,,202404,904.025641
140,创维EV6,629,创维汽车,13.98 - 32.98,,202405,904.025641
141,创维EV6,650,创维汽车,13.98 - 32.98,,202406,904.025641
145,创维EV6,657,创维汽车,13.98 - 32.98,,202407,904.025641
153,创维EV6,658,创维汽车,13.98 - 32.98,,202408,904.025641
176,创维EV6,543,创维汽车,13.98 - 32.98,,202409,904.025641
187,创维EV6,462,创维汽车,13.98 - 32.98,,202410,904.025641
196,创维EV6,354,创维汽车,13.98 - 32.98,,202411,904.025641
93,smart精灵#3,947,smart,16.49 - 28.99,,202306,901.2777778
56,smart精灵#3,2400,smart,16.49 - 28.99,,202307,901.2777778
80,smart精灵#3,1461,smart,16.49 - 28.99,,202308,901.2777778
100,smart精灵#3,944,smart,16.49 - 28.99,,202309,901.2777778
108,smart精灵#3,869,smart,16.49 - 28.99,,202310,901.2777778
111,smart精灵#3,820,smart,16.49 - 28.99,,202311,901.2777778
114,smart精灵#3,952,smart,16.49 - 28.99,,202312,901.2777778
136,smart精灵#3,467,smart,16.49 - 28.99,,202401,901.2777778
142,smart精灵#3,256,smart,16.49 - 28.99,,202402,901.2777778
123,smart精灵#3,659,smart,16.49 - 28.99,,202403,901.2777778
139,smart精灵#3,491,smart,16.49 - 28.99,,202404,901.2777778
127,smart精灵#3,800,smart,16.49 - 28.99,,202405,901.2777778
124,smart精灵#3,886,smart,16.49 - 28.99,,202406,901.2777778
129,smart精灵#3,848,smart,16.49 - 28.99,,202407,901.2777778
215,smart精灵#3,191,smart,16.49 - 28.99,,202408,901.2777778
142,smart精灵#3,992,smart,16.49 - 28.99,,202409,901.2777778
138,smart精灵#3,1114,smart,16.49 - 28.99,,202410,901.2777778
134,smart精灵#3,1126,smart,16.49 - 28.99,,202411,901.2777778
42,悦虎,204,大运汽车,5.68 - 8.58,,202005,878
58,悦虎,128,大运汽车,5.68 - 8.58,,202006,878
148,悦虎,0,大运汽车,5.68 - 8.58,,202008,878
102,悦虎,12,大运汽车,5.68 - 8.58,,202010,878
82,悦虎,125,大运汽车,5.68 - 8.58,,202011,878
62,悦虎,370,大运汽车,5.68 - 8.58,,202012,878
68,悦虎,151,大运汽车,5.68 - 8.58,,202101,878
53,悦虎,135,大运汽车,5.68 - 8.58,,202102,878
96,悦虎,26,大运汽车,5.68 - 8.58,,202103,878
97,悦虎,40,大运汽车,5.68 - 8.58,,202104,878
87,悦虎,70,大运汽车,5.68 - 8.58,,202105,878
90,悦虎,70,大运汽车,5.68 - 8.58,,202106,878
103,悦虎,15,大运汽车,5.68 - 8.58,,202107,878
99,悦虎,25,大运汽车,5.68 - 8.58,,202108,878
95,悦虎,80,大运汽车,5.68 - 8.58,,202109,878
90,悦虎,136,大运汽车,5.68 - 8.58,,202110,878
103,悦虎,130,大运汽车,5.68 - 8.58,,202111,878
90,悦虎,277,大运汽车,5.68 - 8.58,,202112,878
106,悦虎,196,大运汽车,5.68 - 8.58,,202201,878
75,悦虎,431,大运汽车,5.68 - 8.58,,202202,878
85,悦虎,520,大运汽车,5.68 - 8.58,,202203,878
73,悦虎,566,大运汽车,5.68 - 8.58,,202204,878
82,悦虎,639,大运汽车,5.68 - 8.58,,202205,878
69,悦虎,1470,大运汽车,5.68 - 8.58,,202206,878
67,悦虎,1476,大运汽车,5.68 - 8.58,,202207,878
59,悦虎,1800,大运汽车,5.68 - 8.58,,202208,878
57,悦虎,2398,大运汽车,5.68 - 8.58,,202209,878
46,悦虎,2640,大运汽车,5.68 - 8.58,,202210,878
51,悦虎,2650,大运汽车,5.68 - 8.58,,202211,878
79,悦虎,1678,大运汽车,5.68 - 8.58,,202212,878
59,悦虎,925,大运汽车,5.68 - 8.58,,202301,878
60,悦虎,1009,大运汽车,5.68 - 8.58,,202302,878
73,悦虎,921,大运汽车,5.68 - 8.58,,202303,878
72,悦虎,941,大运汽车,5.68 - 8.58,,202304,878
64,悦虎,1321,大运汽车,5.68 - 8.58,,202305,878
78,悦虎,1304,大运汽车,5.68 - 8.58,,202306,878
73,悦虎,1396,大运汽车,5.68 - 8.58,,202307,878
76,悦虎,1601,大运汽车,5.68 - 8.58,,202308,878
67,悦虎,1960,大运汽车,5.68 - 8.58,,202309,878
75,悦虎,1985,大运汽车,5.68 - 8.58,,202310,878
80,悦虎,1771,大运汽车,5.68 - 8.58,,202311,878
86,悦虎,1856,大运汽车,5.68 - 8.58,,202312,878
74,悦虎,1635,大运汽车,5.68 - 8.58,,202401,878
55,悦虎,1712,大运汽车,5.68 - 8.58,,202402,878
74,悦虎,1630,大运汽车,5.68 - 8.58,,202403,878
94,悦虎,1108,大运汽车,5.68 - 8.58,,202404,878
99,悦虎,1256,大运汽车,5.68 - 8.58,,202405,878
144,悦虎,604,大运汽车,5.68 - 8.58,,202406,878
177,悦虎,350,大运汽车,5.68 - 8.58,,202407,878
171,悦虎,507,大运汽车,5.68 - 8.58,,202408,878
166,悦虎,626,大运汽车,5.68 - 8.58,,202409,878
157,悦虎,780,大运汽车,5.68 - 8.58,,202410,878
38,魏牌 拿铁DHT,2707,长城汽车,17.98 - 18.98,,202112,875.8
48,魏牌 拿铁DHT,1566,长城汽车,17.98 - 18.98,,202201,875.8
30,魏牌 拿铁DHT,2387,长城汽车,17.98 - 18.98,,202202,875.8
40,魏牌 拿铁DHT,2576,长城汽车,17.98 - 18.98,,202203,875.8
56,魏牌 拿铁DHT,1001,长城汽车,17.98 - 18.98,,202204,875.8
67,魏牌 拿铁DHT,1110,长城汽车,17.98 - 18.98,,202205,875.8
78,魏牌 拿铁DHT,1124,长城汽车,17.98 - 18.98,,202206,875.8
112,魏牌 拿铁DHT,419,长城汽车,17.98 - 18.98,,202207,875.8
145,魏牌 拿铁DHT,120,长城汽车,17.98 - 18.98,,202208,875.8
169,魏牌 拿铁DHT,26,长城汽车,17.98 - 18.98,,202209,875.8
159,魏牌 拿铁DHT,25,长城汽车,17.98 - 18.98,,202210,875.8
157,魏牌 拿铁DHT,36,长城汽车,17.98 - 18.98,,202211,875.8
167,魏牌 拿铁DHT,12,长城汽车,17.98 - 18.98,,202212,875.8
161,魏牌 拿铁DHT,15,长城汽车,17.98 - 18.98,,202301,875.8
171,魏牌 拿铁DHT,13,长城汽车,17.98 - 18.98,,202302,875.8
136,启辰VX6,534,东风日产,13.49 - 19.98,,202311,871.1538462
107,启辰VX6,1112,东风日产,13.49 - 19.98,,202312,871.1538462
128,启辰VX6,545,东风日产,13.49 - 19.98,,202401,871.1538462
120,启辰VX6,386,东风日产,13.49 - 19.98,,202402,871.1538462
136,启辰VX6,505,东风日产,13.49 - 19.98,,202403,871.1538462
117,启辰VX6,700,东风日产,13.49 - 19.98,,202404,871.1538462
103,启辰VX6,1133,东风日产,13.49 - 19.98,,202405,871.1538462
106,启辰VX6,1263,东风日产,13.49 - 19.98,,202406,871.1538462
126,启辰VX6,892,东风日产,13.49 - 19.98,,202407,871.1538462
119,启辰VX6,1193,东风日产,13.49 - 19.98,,202408,871.1538462
143,启辰VX6,974,东风日产,13.49 - 19.98,,202409,871.1538462
144,启辰VX6,994,东风日产,13.49 - 19.98,,202410,871.1538462
139,启辰VX6,1094,东风日产,13.49 - 19.98,,202411,871.1538462
45,领克06新能源,680,领克,13.68 - 15.68,,202107,870.3611111
59,领克06新能源,533,领克,13.68 - 15.68,,202108,870.3611111
55,领克06新能源,662,领克,13.68 - 15.68,,202109,870.3611111
63,领克06新能源,464,领克,13.68 - 15.68,,202110,870.3611111
65,领克06新能源,748,领克,13.68 - 15.68,,202111,870.3611111
67,领克06新能源,1026,领克,13.68 - 15.68,,202112,870.3611111
87,领克06新能源,308,领克,13.68 - 15.68,,202202,870.3611111
99,领克06新能源,328,领克,13.68 - 15.68,,202203,870.3611111
61,领克06新能源,850,领克,13.68 - 15.68,,202204,870.3611111
66,领克06新能源,1550,领克,13.68 - 15.68,,202206,870.3611111
64,领克06新能源,1540,领克,13.68 - 15.68,,202207,870.3611111
92,领克06新能源,690,领克,13.68 - 15.68,,202208,870.3611111
113,领克06新能源,470,领克,13.68 - 15.68,,202209,870.3611111
141,领克06新能源,127,领克,13.68 - 15.68,,202211,870.3611111
135,领克06新能源,258,领克,13.68 - 15.68,,202212,870.3611111
120,领克06新能源,236,领克,13.68 - 15.68,,202302,870.3611111
151,领克06新能源,97,领克,13.68 - 15.68,,202303,870.3611111
124,领克06新能源,259,领克,13.68 - 15.68,,202304,870.3611111
151,领克06新能源,91,领克,13.68 - 15.68,,202305,870.3611111
141,领克06新能源,244,领克,13.68 - 15.68,,202307,870.3611111
149,领克06新能源,283,领克,13.68 - 15.68,,202308,870.3611111
96,领克06新能源,995,领克,13.68 - 15.68,,202309,870.3611111
98,领克06新能源,1044,领克,13.68 - 15.68,,202310,870.3611111
49,领克06新能源,3543,领克,13.68 - 15.68,,202311,870.3611111
69,领克06新能源,2700,领克,13.68 - 15.68,,202312,870.3611111
82,领克06新能源,1467,领克,13.68 - 15.68,,202401,870.3611111
106,领克06新能源,503,领克,13.68 - 15.68,,202402,870.3611111
146,领克06新能源,445,领克,13.68 - 15.68,,202403,870.3611111
106,领克06新能源,901,领克,13.68 - 15.68,,202404,870.3611111
105,领克06新能源,1119,领克,13.68 - 15.68,,202405,870.3611111
103,领克06新能源,1330,领克,13.68 - 15.68,,202406,870.3611111
107,领克06新能源,1359,领克,13.68 - 15.68,,202407,870.3611111
102,领克06新能源,1659,领克,13.68 - 15.68,,202408,870.3611111
160,领克06新能源,676,领克,13.68 - 15.68,,202409,870.3611111
128,领克06新能源,1340,领克,13.68 - 15.68,,202410,870.3611111
158,领克06新能源,808,领克,13.68 - 15.68,,202411,870.3611111
12,奔奔EV,768,长安汽车,4.98 - 8.18,,201705,869.8666667
13,奔奔EV,451,长安汽车,4.98 - 8.18,,201706,869.8666667
10,奔奔EV,689,长安汽车,4.98 - 8.18,,201707,869.8666667
10,奔奔EV,1274,长安汽车,4.98 - 8.18,,201708,869.8666667
10,奔奔EV,1626,长安汽车,4.98 - 8.18,,201709,869.8666667
15,奔奔EV,1244,长安汽车,4.98 - 8.18,,201710,869.8666667
21,奔奔EV,548,长安汽车,4.98 - 8.18,,201711,869.8666667
13,奔奔EV,1524,长安汽车,4.98 - 8.18,,201712,869.8666667
15,奔奔EV,835,长安汽车,4.98 - 8.18,,201804,869.8666667
17,奔奔EV,962,长安汽车,4.98 - 8.18,,201805,869.8666667
25,奔奔EV,231,长安汽车,4.98 - 8.18,,201806,869.8666667
35,奔奔EV,195,长安汽车,4.98 - 8.18,,201807,869.8666667
34,奔奔EV,306,长安汽车,4.98 - 8.18,,201808,869.8666667
12,奔奔EV,2395,长安汽车,4.98 - 8.18,,201809,869.8666667
67,奔奔EV,0,长安汽车,4.98 - 8.18,,201812,869.8666667
187,传祺ES9,55,广汽乘用车,22.98 - 26.98,,202309,862.8
101,传祺ES9,934,广汽乘用车,22.98 - 26.98,,202310,862.8
60,传祺ES9,2868,广汽乘用车,22.98 - 26.98,,202311,862.8
82,传祺ES9,2090,广汽乘用车,22.98 - 26.98,,202312,862.8
85,传祺ES9,1337,广汽乘用车,22.98 - 26.98,,202401,862.8
113,传祺ES9,418,广汽乘用车,22.98 - 26.98,,202402,862.8
137,传祺ES9,504,广汽乘用车,22.98 - 26.98,,202403,862.8
148,传祺ES9,414,广汽乘用车,22.98 - 26.98,,202404,862.8
141,传祺ES9,626,广汽乘用车,22.98 - 26.98,,202405,862.8
155,传祺ES9,518,广汽乘用车,22.98 - 26.98,,202406,862.8
160,传祺ES9,523,广汽乘用车,22.98 - 26.98,,202407,862.8
158,传祺ES9,625,广汽乘用车,22.98 - 26.98,,202408,862.8
161,传祺ES9,664,广汽乘用车,22.98 - 26.98,,202409,862.8
166,传祺ES9,735,广汽乘用车,22.98 - 26.98,,202410,862.8
169,传祺ES9,631,广汽乘用车,22.98 - 26.98,,202411,862.8
164,宝马iX1,244,华晨宝马,29.99 - 33.99,,202311,847.9230769
152,宝马iX1,441,华晨宝马,29.99 - 33.99,,202312,847.9230769
144,宝马iX1,391,华晨宝马,29.99 - 33.99,,202401,847.9230769
157,宝马iX1,177,华晨宝马,29.99 - 33.99,,202402,847.9230769
169,宝马iX1,308,华晨宝马,29.99 - 33.99,,202403,847.9230769
159,宝马iX1,360,华晨宝马,29.99 - 33.99,,202404,847.9230769
134,宝马iX1,685,华晨宝马,29.99 - 33.99,,202405,847.9230769
92,宝马iX1,1708,华晨宝马,29.99 - 33.99,,202406,847.9230769
92,宝马iX1,1831,华晨宝马,29.99 - 33.99,,202407,847.9230769
122,宝马iX1,1155,华晨宝马,29.99 - 33.99,,202408,847.9230769
124,宝马iX1,1352,华晨宝马,29.99 - 33.99,,202409,847.9230769
130,宝马iX1,1290,华晨宝马,29.99 - 33.99,,202410,847.9230769
141,宝马iX1,1081,华晨宝马,29.99 - 33.99,,202411,847.9230769
125,极越01,774,极越汽车,0.00 - 0.00,,202312,846.8333333
164,极越01,218,极越汽车,0.00 - 0.00,,202401,846.8333333
162,极越01,147,极越汽车,0.00 - 0.00,,202402,846.8333333
135,极越01,511,极越汽车,0.00 - 0.00,,202403,846.8333333
158,极越01,362,极越汽车,0.00 - 0.00,,202404,846.8333333
110,极越01,1001,极越汽车,0.00 - 0.00,,202405,846.8333333
161,极越01,461,极越汽车,0.00 - 0.00,,202406,846.8333333
115,极越01,1143,极越汽车,0.00 - 0.00,,202407,846.8333333
94,极越01,2147,极越汽车,0.00 - 0.00,,202408,846.8333333
120,极越01,1474,极越汽车,0.00 - 0.00,,202409,846.8333333
143,极越01,1022,极越汽车,0.00 - 0.00,,202410,846.8333333
151,极越01,902,极越汽车,0.00 - 0.00,,202411,846.8333333
43,飞凡ER6,381,上汽集团,15.58 - 20.08,,202009,837.4166667
26,飞凡ER6,1124,上汽集团,15.58 - 20.08,,202010,837.4166667
125,飞凡ER6,0,上汽集团,15.58 - 20.08,,202011,837.4166667
36,飞凡ER6,910,上汽集团,15.58 - 20.08,,202012,837.4166667
104,飞凡ER6,7,上汽集团,15.58 - 20.08,,202101,837.4166667
68,飞凡ER6,69,上汽集团,15.58 - 20.08,,202102,837.4166667
72,飞凡ER6,123,上汽集团,15.58 - 20.08,,202103,837.4166667
55,飞凡ER6,406,上汽集团,15.58 - 20.08,,202104,837.4166667
51,飞凡ER6,450,上汽集团,15.58 - 20.08,,202105,837.4166667
56,飞凡ER6,432,上汽集团,15.58 - 20.08,,202106,837.4166667
41,飞凡ER6,776,上汽集团,15.58 - 20.08,,202107,837.4166667
42,飞凡ER6,1031,上汽集团,15.58 - 20.08,,202108,837.4166667
41,飞凡ER6,1472,上汽集团,15.58 - 20.08,,202109,837.4166667
27,飞凡ER6,3264,上汽集团,15.58 - 20.08,,202110,837.4166667
63,飞凡ER6,921,上汽集团,15.58 - 20.08,,202111,837.4166667
54,飞凡ER6,1505,上汽集团,15.58 - 20.08,,202112,837.4166667
58,飞凡ER6,1163,上汽集团,15.58 - 20.08,,202201,837.4166667
82,飞凡ER6,376,上汽集团,15.58 - 20.08,,202202,837.4166667
65,飞凡ER6,1176,上汽集团,15.58 - 20.08,,202203,837.4166667
80,飞凡ER6,472,上汽集团,15.58 - 20.08,,202204,837.4166667
99,飞凡ER6,404,上汽集团,15.58 - 20.08,,202205,837.4166667
72,飞凡ER6,1345,上汽集团,15.58 - 20.08,,202206,837.4166667
73,飞凡ER6,1313,上汽集团,15.58 - 20.08,,202207,837.4166667
85,飞凡ER6,978,上汽集团,15.58 - 20.08,,202208,837.4166667
113,迈腾GTE插电混动,0,一汽-大众,23.79 - 25.29,,202003,826.5087719
9,迈腾GTE插电混动,1377,一汽-大众,23.79 - 25.29,,202004,826.5087719
24,迈腾GTE插电混动,658,一汽-大众,23.79 - 25.29,,202005,826.5087719
29,迈腾GTE插电混动,810,一汽-大众,23.79 - 25.29,,202006,826.5087719
53,迈腾GTE插电混动,191,一汽-大众,23.79 - 25.29,,202007,826.5087719
48,迈腾GTE插电混动,294,一汽-大众,23.79 - 25.29,,202008,826.5087719
44,迈腾GTE插电混动,355,一汽-大众,23.79 - 25.29,,202009,826.5087719
41,迈腾GTE插电混动,686,一汽-大众,23.79 - 25.29,,202010,826.5087719
49,迈腾GTE插电混动,517,一汽-大众,23.79 - 25.29,,202011,826.5087719
43,迈腾GTE插电混动,729,一汽-大众,23.79 - 25.29,,202012,826.5087719
34,迈腾GTE插电混动,629,一汽-大众,23.79 - 25.29,,202101,826.5087719
23,迈腾GTE插电混动,546,一汽-大众,23.79 - 25.29,,202102,826.5087719
19,迈腾GTE插电混动,2352,一汽-大众,23.79 - 25.29,,202103,826.5087719
27,迈腾GTE插电混动,1375,一汽-大众,23.79 - 25.29,,202104,826.5087719
40,迈腾GTE插电混动,680,一汽-大众,23.79 - 25.29,,202105,826.5087719
67,迈腾GTE插电混动,279,一汽-大众,23.79 - 25.29,,202106,826.5087719
46,迈腾GTE插电混动,667,一汽-大众,23.79 - 25.29,,202107,826.5087719
48,迈腾GTE插电混动,775,一汽-大众,23.79 - 25.29,,202108,826.5087719
74,迈腾GTE插电混动,258,一汽-大众,23.79 - 25.29,,202109,826.5087719
93,迈腾GTE插电混动,122,一汽-大众,23.79 - 25.29,,202110,826.5087719
51,迈腾GTE插电混动,1443,一汽-大众,23.79 - 25.29,,202111,826.5087719
63,迈腾GTE插电混动,1151,一汽-大众,23.79 - 25.29,,202112,826.5087719
89,迈腾GTE插电混动,461,一汽-大众,23.79 - 25.29,,202201,826.5087719
63,迈腾GTE插电混动,889,一汽-大众,23.79 - 25.29,,202202,826.5087719
95,迈腾GTE插电混动,410,一汽-大众,23.79 - 25.29,,202203,826.5087719
160,迈腾GTE插电混动,1,一汽-大众,23.79 - 25.29,,202204,826.5087719
59,迈腾GTE插电混动,1362,一汽-大众,23.79 - 25.29,,202205,826.5087719
70,迈腾GTE插电混动,1465,一汽-大众,23.79 - 25.29,,202206,826.5087719
48,迈腾GTE插电混动,2455,一汽-大众,23.79 - 25.29,,202207,826.5087719
55,迈腾GTE插电混动,1980,一汽-大众,23.79 - 25.29,,202208,826.5087719
62,迈腾GTE插电混动,1956,一汽-大众,23.79 - 25.29,,202209,826.5087719
86,迈腾GTE插电混动,754,一汽-大众,23.79 - 25.29,,202210,826.5087719
128,迈腾GTE插电混动,220,一汽-大众,23.79 - 25.29,,202211,826.5087719
136,迈腾GTE插电混动,246,一汽-大众,23.79 - 25.29,,202212,826.5087719
41,迈腾GTE插电混动,1490,一汽-大众,23.79 - 25.29,,202301,826.5087719
29,迈腾GTE插电混动,2566,一汽-大众,23.79 - 25.29,,202302,826.5087719
55,迈腾GTE插电混动,1342,一汽-大众,23.79 - 25.29,,202303,826.5087719
70,迈腾GTE插电混动,1002,一汽-大众,23.79 - 25.29,,202304,826.5087719
69,迈腾GTE插电混动,1097,一汽-大众,23.79 - 25.29,,202305,826.5087719
100,迈腾GTE插电混动,724,一汽-大众,23.79 - 25.29,,202306,826.5087719
128,迈腾GTE插电混动,373,一汽-大众,23.79 - 25.29,,202307,826.5087719
97,迈腾GTE插电混动,837,一汽-大众,23.79 - 25.29,,202308,826.5087719
93,迈腾GTE插电混动,1128,一汽-大众,23.79 - 25.29,,202309,826.5087719
99,迈腾GTE插电混动,1016,一汽-大众,23.79 - 25.29,,202310,826.5087719
100,迈腾GTE插电混动,1065,一汽-大众,23.79 - 25.29,,202311,826.5087719
109,迈腾GTE插电混动,1064,一汽-大众,23.79 - 25.29,,202312,826.5087719
107,迈腾GTE插电混动,784,一汽-大众,23.79 - 25.29,,202401,826.5087719
107,迈腾GTE插电混动,502,一汽-大众,23.79 - 25.29,,202402,826.5087719
113,迈腾GTE插电混动,742,一汽-大众,23.79 - 25.29,,202403,826.5087719
116,迈腾GTE插电混动,713,一汽-大众,23.79 - 25.29,,202404,826.5087719
138,迈腾GTE插电混动,646,一汽-大众,23.79 - 25.29,,202405,826.5087719
178,迈腾GTE插电混动,334,一汽-大众,23.79 - 25.29,,202406,826.5087719
189,迈腾GTE插电混动,285,一汽-大众,23.79 - 25.29,,202407,826.5087719
197,迈腾GTE插电混动,307,一汽-大众,23.79 - 25.29,,202408,826.5087719
196,迈腾GTE插电混动,360,一汽-大众,23.79 - 25.29,,202409,826.5087719
190,迈腾GTE插电混动,424,一汽-大众,23.79 - 25.29,,202410,826.5087719
215,迈腾GTE插电混动,217,一汽-大众,23.79 - 25.29,,202411,826.5087719
47,朋克美美,1594,御捷新能源,4.88 - 4.88,,202201,820.5
54,朋克美美,1067,御捷新能源,4.88 - 4.88,,202202,820.5
66,朋克美美,1173,御捷新能源,4.88 - 4.88,,202203,820.5
69,朋克美美,621,御捷新能源,4.88 - 4.88,,202204,820.5
108,朋克美美,257,御捷新能源,4.88 - 4.88,,202205,820.5
122,朋克美美,211,御捷新能源,4.88 - 4.88,,202206,820.5
78,奔奔E-Star,1458,长安汽车,7.99 - 7.99,,202309,819.8
49,奔奔E-Star,3342,长安汽车,7.99 - 7.99,,202310,819.8
69,奔奔E-Star,2281,长安汽车,7.99 - 7.99,,202311,819.8
96,奔奔E-Star,1471,长安汽车,7.99 - 7.99,,202312,819.8
142,奔奔E-Star,423,长安汽车,7.99 - 7.99,,202401,819.8
129,奔奔E-Star,339,长安汽车,7.99 - 7.99,,202402,819.8
109,奔奔E-Star,814,长安汽车,7.99 - 7.99,,202403,819.8
155,奔奔E-Star,374,长安汽车,7.99 - 7.99,,202404,819.8
159,奔奔E-Star,418,长安汽车,7.99 - 7.99,,202405,819.8
219,奔奔E-Star,134,长安汽车,7.99 - 7.99,,202406,819.8
158,奔奔E-Star,549,长安汽车,7.99 - 7.99,,202407,819.8
155,奔奔E-Star,636,长安汽车,7.99 - 7.99,,202408,819.8
270,奔奔E-Star,29,长安汽车,7.99 - 7.99,,202409,819.8
279,奔奔E-Star,16,长安汽车,7.99 - 7.99,,202410,819.8
280,奔奔E-Star,13,长安汽车,7.99 - 7.99,,202411,819.8
45,欧拉闪电猫,3031,长城新能源,18.98 - 27.28,,202211,807.64
55,欧拉闪电猫,3011,长城新能源,18.98 - 27.28,,202212,807.64
47,欧拉闪电猫,1283,长城新能源,18.98 - 27.28,,202301,807.64
48,欧拉闪电猫,1330,长城新能源,18.98 - 27.28,,202302,807.64
54,欧拉闪电猫,1347,长城新能源,18.98 - 27.28,,202303,807.64
94,欧拉闪电猫,517,长城新能源,18.98 - 27.28,,202304,807.64
81,欧拉闪电猫,854,长城新能源,18.98 - 27.28,,202305,807.64
96,欧拉闪电猫,827,长城新能源,18.98 - 27.28,,202306,807.64
101,欧拉闪电猫,690,长城新能源,18.98 - 27.28,,202307,807.64
101,欧拉闪电猫,803,长城新能源,18.98 - 27.28,,202308,807.64
109,欧拉闪电猫,812,长城新能源,18.98 - 27.28,,202309,807.64
89,欧拉闪电猫,1311,长城新能源,18.98 - 27.28,,202310,807.64
109,欧拉闪电猫,868,长城新能源,18.98 - 27.28,,202311,807.64
106,欧拉闪电猫,1129,长城新能源,18.98 - 27.28,,202312,807.64
148,欧拉闪电猫,371,长城新能源,18.98 - 27.28,,202401,807.64
154,欧拉闪电猫,201,长城新能源,18.98 - 27.28,,202402,807.64
163,欧拉闪电猫,356,长城新能源,18.98 - 27.28,,202403,807.64
183,欧拉闪电猫,189,长城新能源,18.98 - 27.28,,202404,807.64
202,欧拉闪电猫,168,长城新能源,18.98 - 27.28,,202405,807.64
198,欧拉闪电猫,215,长城新能源,18.98 - 27.28,,202406,807.64
211,欧拉闪电猫,183,长城新能源,18.98 - 27.28,,202407,807.64
211,欧拉闪电猫,200,长城新能源,18.98 - 27.28,,202408,807.64
223,欧拉闪电猫,160,长城新能源,18.98 - 27.28,,202409,807.64
224,欧拉闪电猫,185,长城新能源,18.98 - 27.28,,202410,807.64
235,欧拉闪电猫,150,长城新能源,18.98 - 27.28,,202411,807.64
127,小麒麟,221,江铃集团新能源,4.99 - 5.19,,202210,805.5
124,小麒麟,284,江铃集团新能源,4.99 - 5.19,,202211,805.5
131,小麒麟,274,江铃集团新能源,4.99 - 5.19,,202212,805.5
150,小麒麟,48,江铃集团新能源,4.99 - 5.19,,202301,805.5
148,小麒麟,71,江铃集团新能源,4.99 - 5.19,,202302,805.5
149,小麒麟,102,江铃集团新能源,4.99 - 5.19,,202303,805.5
163,小麒麟,67,江铃集团新能源,4.99 - 5.19,,202304,805.5
136,小麒麟,211,江铃集团新能源,4.99 - 5.19,,202305,805.5
143,小麒麟,212,江铃集团新能源,4.99 - 5.19,,202306,805.5
153,小麒麟,167,江铃集团新能源,4.99 - 5.19,,202307,805.5
164,小麒麟,194,江铃集团新能源,4.99 - 5.19,,202308,805.5
152,小麒麟,250,江铃集团新能源,4.99 - 5.19,,202309,805.5
145,小麒麟,334,江铃集团新能源,4.99 - 5.19,,202310,805.5
130,小麒麟,556,江铃集团新能源,4.99 - 5.19,,202311,805.5
129,小麒麟,728,江铃集团新能源,4.99 - 5.19,,202312,805.5
140,小麒麟,437,江铃集团新能源,4.99 - 5.19,,202401,805.5
128,小麒麟,340,江铃集团新能源,4.99 - 5.19,,202402,805.5
150,小麒麟,422,江铃集团新能源,4.99 - 5.19,,202403,805.5
129,小麒麟,591,江铃集团新能源,4.99 - 5.19,,202404,805.5
80,小麒麟,1968,江铃集团新能源,4.99 - 5.19,,202405,805.5
118,小麒麟,992,江铃集团新能源,4.99 - 5.19,,202406,805.5
99,小麒麟,1592,江铃集团新能源,4.99 - 5.19,,202407,805.5
75,小麒麟,2903,江铃集团新能源,4.99 - 5.19,,202408,805.5
92,小麒麟,2618,江铃集团新能源,4.99 - 5.19,,202409,805.5
101,小麒麟,2347,江铃集团新能源,4.99 - 5.19,,202410,805.5
98,小麒麟,3014,江铃集团新能源,4.99 - 5.19,,202411,805.5
115,蔚来ES7,398,蔚来,43.80 - 51.80,,202208,804.9642857
66,蔚来ES7,1895,蔚来,43.80 - 51.80,,202209,804.9642857
42,蔚来ES7,2814,蔚来,43.80 - 51.80,,202210,804.9642857
25,蔚来ES7,4897,蔚来,43.80 - 51.80,,202211,804.9642857
38,蔚来ES7,4154,蔚来,43.80 - 51.80,,202212,804.9642857
58,蔚来ES7,961,蔚来,43.80 - 51.80,,202301,804.9642857
67,蔚来ES7,942,蔚来,43.80 - 51.80,,202302,804.9642857
58,蔚来ES7,1267,蔚来,43.80 - 51.80,,202303,804.9642857
79,蔚来ES7,809,蔚来,43.80 - 51.80,,202304,804.9642857
99,蔚来ES7,521,蔚来,43.80 - 51.80,,202305,804.9642857
127,蔚来ES7,340,蔚来,43.80 - 51.80,,202306,804.9642857
112,蔚来ES7,520,蔚来,43.80 - 51.80,,202307,804.9642857
146,蔚来ES7,325,蔚来,43.80 - 51.80,,202308,804.9642857
159,蔚来ES7,234,蔚来,43.80 - 51.80,,202309,804.9642857
159,蔚来ES7,207,蔚来,43.80 - 51.80,,202310,804.9642857
183,蔚来ES7,132,蔚来,43.80 - 51.80,,202311,804.9642857
171,蔚来ES7,266,蔚来,43.80 - 51.80,,202312,804.9642857
198,蔚来ES7,77,蔚来,43.80 - 51.80,,202401,804.9642857
193,蔚来ES7,64,蔚来,43.80 - 51.80,,202402,804.9642857
157,蔚来ES7,372,蔚来,43.80 - 51.80,,202403,804.9642857
224,蔚来ES7,48,蔚来,43.80 - 51.80,,202404,804.9642857
220,蔚来ES7,103,蔚来,43.80 - 51.80,,202405,804.9642857
193,蔚来ES7,245,蔚来,43.80 - 51.80,,202406,804.9642857
219,蔚来ES7,149,蔚来,43.80 - 51.80,,202407,804.9642857
159,蔚来ES7,620,蔚来,43.80 - 51.80,,202408,804.9642857
224,蔚来ES7,157,蔚来,43.80 - 51.80,,202409,804.9642857
280,蔚来ES7,12,蔚来,43.80 - 51.80,,202410,804.9642857
283,蔚来ES7,10,蔚来,43.80 - 51.80,,202411,804.9642857
159,银河星舰7 EM-i,800,吉利汽车,10.38 - 13.68,,202411,800
164,飞凡F7,48,上汽集团,18.99 - 30.99,,202303,794.1428571
63,飞凡F7,1200,上汽集团,18.99 - 30.99,,202304,794.1428571
48,飞凡F7,2302,上汽集团,18.99 - 30.99,,202305,794.1428571
55,飞凡F7,2305,上汽集团,18.99 - 30.99,,202306,794.1428571
78,飞凡F7,1224,上汽集团,18.99 - 30.99,,202307,794.1428571
94,飞凡F7,902,上汽集团,18.99 - 30.99,,202308,794.1428571
63,飞凡F7,2055,上汽集团,18.99 - 30.99,,202309,794.1428571
71,飞凡F7,2055,上汽集团,18.99 - 30.99,,202310,794.1428571
122,飞凡F7,636,上汽集团,18.99 - 30.99,,202311,794.1428571
99,飞凡F7,1365,上汽集团,18.99 - 30.99,,202312,794.1428571
208,飞凡F7,53,上汽集团,18.99 - 30.99,,202401,794.1428571
171,飞凡F7,119,上汽集团,18.99 - 30.99,,202402,794.1428571
189,飞凡F7,157,上汽集团,18.99 - 30.99,,202403,794.1428571
212,飞凡F7,82,上汽集团,18.99 - 30.99,,202404,794.1428571
194,飞凡F7,212,上汽集团,18.99 - 30.99,,202405,794.1428571
171,飞凡F7,387,上汽集团,18.99 - 30.99,,202406,794.1428571
146,飞凡F7,656,上汽集团,18.99 - 30.99,,202407,794.1428571
204,飞凡F7,286,上汽集团,18.99 - 30.99,,202408,794.1428571
219,飞凡F7,190,上汽集团,18.99 - 30.99,,202409,794.1428571
215,飞凡F7,216,上汽集团,18.99 - 30.99,,202410,794.1428571
214,飞凡F7,227,上汽集团,18.99 - 30.99,,202411,794.1428571
17,传祺GS4新能源,372,广汽乘用车,16.38 - 19.38,,201803,784.7391304
18,传祺GS4新能源,545,广汽乘用车,16.38 - 19.38,,201804,784.7391304
18,传祺GS4新能源,938,广汽乘用车,16.38 - 19.38,,201805,784.7391304
11,传祺GS4新能源,1250,广汽乘用车,16.38 - 19.38,,201806,784.7391304
16,传祺GS4新能源,1068,广汽乘用车,16.38 - 19.38,,201807,784.7391304
15,传祺GS4新能源,1239,广汽乘用车,16.38 - 19.38,,201808,784.7391304
24,传祺GS4新能源,732,广汽乘用车,16.38 - 19.38,,201809,784.7391304
20,传祺GS4新能源,1222,广汽乘用车,16.38 - 19.38,,201810,784.7391304
26,传祺GS4新能源,1214,广汽乘用车,16.38 - 19.38,,201811,784.7391304
21,传祺GS4新能源,1781,广汽乘用车,16.38 - 19.38,,201812,784.7391304
41,传祺GS4新能源,137,广汽乘用车,16.38 - 19.38,,201901,784.7391304
25,传祺GS4新能源,305,广汽乘用车,16.38 - 19.38,,201902,784.7391304
31,传祺GS4新能源,507,广汽乘用车,16.38 - 19.38,,201903,784.7391304
28,传祺GS4新能源,716,广汽乘用车,16.38 - 19.38,,201904,784.7391304
51,传祺GS4新能源,115,广汽乘用车,16.38 - 19.38,,201905,784.7391304
58,传祺GS4新能源,16,广汽乘用车,16.38 - 19.38,,201906,784.7391304
67,传祺GS4新能源,0,广汽乘用车,16.38 - 19.38,,201907,784.7391304
83,传祺GS4新能源,0,广汽乘用车,16.38 - 19.38,,201908,784.7391304
78,传祺GS4新能源,0,广汽乘用车,16.38 - 19.38,,201909,784.7391304
85,传祺GS4新能源,0,广汽乘用车,16.38 - 19.38,,201910,784.7391304
87,传祺GS4新能源,0,广汽乘用车,16.38 - 19.38,,201911,784.7391304
113,传祺GS4新能源,0,广汽乘用车,16.38 - 19.38,,201912,784.7391304
101,传祺GS4新能源,0,广汽乘用车,16.38 - 19.38,,202001,784.7391304
89,传祺GS4新能源,0,广汽乘用车,16.38 - 19.38,,202002,784.7391304
111,传祺GS4新能源,0,广汽乘用车,16.38 - 19.38,,202003,784.7391304
49,传祺GS4新能源,94,广汽乘用车,16.38 - 19.38,,202004,784.7391304
54,传祺GS4新能源,136,广汽乘用车,16.38 - 19.38,,202005,784.7391304
62,传祺GS4新能源,93,广汽乘用车,16.38 - 19.38,,202006,784.7391304
75,传祺GS4新能源,68,广汽乘用车,16.38 - 19.38,,202007,784.7391304
61,传祺GS4新能源,184,广汽乘用车,16.38 - 19.38,,202008,784.7391304
81,传祺GS4新能源,55,广汽乘用车,16.38 - 19.38,,202009,784.7391304
90,传祺GS4新能源,37,广汽乘用车,16.38 - 19.38,,202010,784.7391304
79,传祺GS4新能源,157,广汽乘用车,16.38 - 19.38,,202011,784.7391304
134,传祺GS4新能源,0,广汽乘用车,16.38 - 19.38,,202012,784.7391304
93,传祺GS4新能源,19,广汽乘用车,16.38 - 19.38,,202101,784.7391304
96,传祺GS4新能源,9,广汽乘用车,16.38 - 19.38,,202102,784.7391304
93,传祺GS4新能源,29,广汽乘用车,16.38 - 19.38,,202103,784.7391304
90,传祺GS4新能源,56,广汽乘用车,16.38 - 19.38,,202104,784.7391304
104,传祺GS4新能源,28,广汽乘用车,16.38 - 19.38,,202105,784.7391304
16,传祺GS4新能源,3479,广汽乘用车,16.38 - 19.38,,202106,784.7391304
14,传祺GS4新能源,3824,广汽乘用车,16.38 - 19.38,,202107,784.7391304
41,传祺GS4新能源,1056,广汽乘用车,16.38 - 19.38,,202108,784.7391304
29,传祺GS4新能源,2424,广汽乘用车,16.38 - 19.38,,202109,784.7391304
15,传祺GS4新能源,4484,广汽乘用车,16.38 - 19.38,,202110,784.7391304
24,传祺GS4新能源,4072,广汽乘用车,16.38 - 19.38,,202111,784.7391304
30,传祺GS4新能源,3637,广汽乘用车,16.38 - 19.38,,202112,784.7391304
4,众泰E200,1547,众泰新能源,0.00 - 0.00,,201608,773.704918
9,众泰E200,326,众泰新能源,0.00 - 0.00,,201609,773.704918
4,众泰E200,1655,众泰新能源,0.00 - 0.00,,201610,773.704918
2,众泰E200,3500,众泰新能源,0.00 - 0.00,,201611,773.704918
5,众泰E200,2213,众泰新能源,0.00 - 0.00,,201612,773.704918
5,众泰E200,186,众泰新能源,0.00 - 0.00,,201701,773.704918
2,众泰E200,1142,众泰新能源,0.00 - 0.00,,201702,773.704918
6,众泰E200,838,众泰新能源,0.00 - 0.00,,201703,773.704918
7,众泰E200,1129,众泰新能源,0.00 - 0.00,,201704,773.704918
10,众泰E200,1086,众泰新能源,0.00 - 0.00,,201705,773.704918
8,众泰E200,1568,众泰新能源,0.00 - 0.00,,201706,773.704918
7,众泰E200,1281,众泰新能源,0.00 - 0.00,,201707,773.704918
14,众泰E200,866,众泰新能源,0.00 - 0.00,,201708,773.704918
13,众泰E200,1167,众泰新能源,0.00 - 0.00,,201709,773.704918
6,众泰E200,2349,众泰新能源,0.00 - 0.00,,201710,773.704918
7,众泰E200,2651,众泰新能源,0.00 - 0.00,,201711,773.704918
9,众泰E200,2488,众泰新能源,0.00 - 0.00,,201712,773.704918
12,众泰E200,501,众泰新能源,0.00 - 0.00,,201801,773.704918
19,众泰E200,107,众泰新能源,0.00 - 0.00,,201802,773.704918
9,众泰E200,1536,众泰新能源,0.00 - 0.00,,201803,773.704918
10,众泰E200,2016,众泰新能源,0.00 - 0.00,,201804,773.704918
12,众泰E200,1703,众泰新能源,0.00 - 0.00,,201805,773.704918
10,众泰E200,1497,众泰新能源,0.00 - 0.00,,201806,773.704918
11,众泰E200,1919,众泰新能源,0.00 - 0.00,,201807,773.704918
10,众泰E200,2005,众泰新能源,0.00 - 0.00,,201808,773.704918
17,众泰E200,1334,众泰新能源,0.00 - 0.00,,201809,773.704918
17,众泰E200,2050,众泰新能源,0.00 - 0.00,,201810,773.704918
19,众泰E200,1904,众泰新能源,0.00 - 0.00,,201811,773.704918
16,众泰E200,2293,众泰新能源,0.00 - 0.00,,201812,773.704918
31,众泰E200,345,众泰新能源,0.00 - 0.00,,201901,773.704918
30,众泰E200,259,众泰新能源,0.00 - 0.00,,201902,773.704918
33,众泰E200,411,众泰新能源,0.00 - 0.00,,201903,773.704918
46,众泰E200,139,众泰新能源,0.00 - 0.00,,201904,773.704918
43,众泰E200,159,众泰新能源,0.00 - 0.00,,201905,773.704918
39,众泰E200,272,众泰新能源,0.00 - 0.00,,201906,773.704918
46,众泰E200,24,众泰新能源,0.00 - 0.00,,201907,773.704918
77,众泰E200,0,众泰新能源,0.00 - 0.00,,201908,773.704918
72,众泰E200,0,众泰新能源,0.00 - 0.00,,201909,773.704918
79,众泰E200,0,众泰新能源,0.00 - 0.00,,201910,773.704918
82,众泰E200,0,众泰新能源,0.00 - 0.00,,201911,773.704918
121,众泰E200,0,众泰新能源,0.00 - 0.00,,201912,773.704918
26,众泰E200,400,众泰新能源,0.00 - 0.00,,202001,773.704918
39,众泰E200,110,众泰新能源,0.00 - 0.00,,202003,773.704918
45,众泰E200,110,众泰新能源,0.00 - 0.00,,202004,773.704918
58,众泰E200,110,众泰新能源,0.00 - 0.00,,202005,773.704918
131,众泰E200,0,众泰新能源,0.00 - 0.00,,202006,773.704918
142,众泰E200,0,众泰新能源,0.00 - 0.00,,202007,773.704918
119,众泰E200,0,众泰新能源,0.00 - 0.00,,202008,773.704918
131,众泰E200,0,众泰新能源,0.00 - 0.00,,202009,773.704918
130,众泰E200,0,众泰新能源,0.00 - 0.00,,202010,773.704918
131,众泰E200,0,众泰新能源,0.00 - 0.00,,202011,773.704918
144,众泰E200,0,众泰新能源,0.00 - 0.00,,202012,773.704918
121,众泰E200,0,众泰新能源,0.00 - 0.00,,202101,773.704918
120,众泰E200,0,众泰新能源,0.00 - 0.00,,202102,773.704918
130,众泰E200,0,众泰新能源,0.00 - 0.00,,202103,773.704918
123,众泰E200,0,众泰新能源,0.00 - 0.00,,202104,773.704918
133,众泰E200,0,众泰新能源,0.00 - 0.00,,202105,773.704918
139,众泰E200,0,众泰新能源,0.00 - 0.00,,202106,773.704918
146,众泰E200,0,众泰新能源,0.00 - 0.00,,202109,773.704918
194,众泰E200,0,众泰新能源,0.00 - 0.00,,202111,773.704918
201,众泰E200,0,众泰新能源,0.00 - 0.00,,202111,773.704918
176,众泰E200,0,众泰新能源,0.00 - 0.00,,202112,773.704918
44,MARVEL R,696,上汽集团,21.98 - 25.98,,202107,773.5714286
44,MARVEL R,929,上汽集团,21.98 - 25.98,,202108,773.5714286
49,MARVEL R,794,上汽集团,21.98 - 25.98,,202109,773.5714286
44,MARVEL R,1312,上汽集团,21.98 - 25.98,,202110,773.5714286
84,MARVEL R,302,上汽集团,21.98 - 25.98,,202111,773.5714286
62,MARVEL R,1213,上汽集团,21.98 - 25.98,,202112,773.5714286
109,MARVEL R,169,上汽集团,21.98 - 25.98,,202204,773.5714286
164,瑞虎7 PLUS新能源,747,奇瑞汽车,12.99 - 16.69,,202410,766.5
160,瑞虎7 PLUS新能源,786,奇瑞汽车,12.99 - 16.69,,202411,766.5
141,探索06 C-DM,691,奇瑞汽车,12.99 - 13.99,,202407,764
136,探索06 C-DM,790,奇瑞汽车,12.99 - 13.99,,202408,764
152,探索06 C-DM,811,奇瑞汽车,12.99 - 13.99,,202409,764
191,风云T10,283,奇瑞汽车,18.99 - 22.99,,202407,747.2
137,风云T10,772,奇瑞汽车,18.99 - 22.99,,202408,747.2
156,风云T10,761,奇瑞汽车,18.99 - 22.99,,202409,747.2
151,风云T10,853,奇瑞汽车,18.99 - 22.99,,202410,747.2
142,风云T10,1067,奇瑞汽车,18.99 - 22.99,,202411,747.2
109,智己LS7,229,智己汽车,28.98 - 45.98,,202301,743.5217391
61,智己LS7,1009,智己汽车,28.98 - 45.98,,202302,743.5217391
46,智己LS7,1978,智己汽车,28.98 - 45.98,,202303,743.5217391
49,智己LS7,1930,智己汽车,28.98 - 45.98,,202304,743.5217391
53,智己LS7,1922,智己汽车,28.98 - 45.98,,202305,743.5217391
61,智己LS7,1948,智己汽车,28.98 - 45.98,,202306,743.5217391
70,智己LS7,1572,智己汽车,28.98 - 45.98,,202307,743.5217391
79,智己LS7,1465,智己汽车,28.98 - 45.98,,202308,743.5217391
124,智己LS7,556,智己汽车,28.98 - 45.98,,202309,743.5217391
140,智己LS7,385,智己汽车,28.98 - 45.98,,202310,743.5217391
135,智己LS7,539,智己汽车,28.98 - 45.98,,202311,743.5217391
144,智己LS7,532,智己汽车,28.98 - 45.98,,202312,743.5217391
145,智己LS7,388,智己汽车,28.98 - 45.98,,202401,743.5217391
118,智己LS7,395,智己汽车,28.98 - 45.98,,202402,743.5217391
188,智己LS7,168,智己汽车,28.98 - 45.98,,202403,743.5217391
176,智己LS7,237,智己汽车,28.98 - 45.98,,202404,743.5217391
172,智己LS7,335,智己汽车,28.98 - 45.98,,202405,743.5217391
184,智己LS7,311,智己汽车,28.98 - 45.98,,202406,743.5217391
185,智己LS7,312,智己汽车,28.98 - 45.98,,202407,743.5217391
185,智己LS7,356,智己汽车,28.98 - 45.98,,202408,743.5217391
214,智己LS7,221,智己汽车,28.98 - 45.98,,202409,743.5217391
220,智己LS7,190,智己汽车,28.98 - 45.98,,202410,743.5217391
245,智己LS7,123,智己汽车,28.98 - 45.98,,202411,743.5217391
5,云100,18,众泰新能源,0.00 - 0.00,,201410,738.942029
6,云100,69,众泰新能源,0.00 - 0.00,,201411,738.942029
3,云100,2224,众泰新能源,0.00 - 0.00,,201412,738.942029
5,云100,184,众泰新能源,0.00 - 0.00,,201501,738.942029
5,云100,140,众泰新能源,0.00 - 0.00,,201502,738.942029
3,云100,1202,众泰新能源,0.00 - 0.00,,201503,738.942029
5,云100,447,众泰新能源,0.00 - 0.00,,201504,738.942029
3,云100,1160,众泰新能源,0.00 - 0.00,,201505,738.942029
2,云100,1214,众泰新能源,0.00 - 0.00,,201506,738.942029
3,云100,734,众泰新能源,0.00 - 0.00,,201507,738.942029
4,云100,857,众泰新能源,0.00 - 0.00,,201508,738.942029
5,云100,877,众泰新能源,0.00 - 0.00,,201509,738.942029
3,云100,2340,众泰新能源,0.00 - 0.00,,201510,738.942029
3,云100,3730,众泰新能源,0.00 - 0.00,,201511,738.942029
4,云100,2582,众泰新能源,0.00 - 0.00,,201512,738.942029
4,云100,814,众泰新能源,0.00 - 0.00,,201601,738.942029
3,云100,240,众泰新能源,0.00 - 0.00,,201602,738.942029
3,云100,665,众泰新能源,0.00 - 0.00,,201603,738.942029
9,云100,176,众泰新能源,0.00 - 0.00,,201604,738.942029
6,云100,406,众泰新能源,0.00 - 0.00,,201605,738.942029
3,云100,1812,众泰新能源,0.00 - 0.00,,201606,738.942029
7,云100,420,众泰新能源,0.00 - 0.00,,201607,738.942029
2,云100,2116,众泰新能源,0.00 - 0.00,,201608,738.942029
5,云100,1076,众泰新能源,0.00 - 0.00,,201609,738.942029
2,云100,2053,众泰新能源,0.00 - 0.00,,201610,738.942029
1,云100,5024,众泰新能源,0.00 - 0.00,,201611,738.942029
6,云100,1615,众泰新能源,0.00 - 0.00,,201612,738.942029
6,云100,569,众泰新能源,0.00 - 0.00,,201702,738.942029
11,云100,31,众泰新能源,0.00 - 0.00,,201703,738.942029
14,云100,136,众泰新能源,0.00 - 0.00,,201704,738.942029
15,云100,301,众泰新能源,0.00 - 0.00,,201705,738.942029
6,云100,1861,众泰新能源,0.00 - 0.00,,201706,738.942029
8,云100,1079,众泰新能源,0.00 - 0.00,,201707,738.942029
23,云100,114,众泰新能源,0.00 - 0.00,,201708,738.942029
16,云100,684,众泰新能源,0.00 - 0.00,,201709,738.942029
23,云100,276,众泰新能源,0.00 - 0.00,,201710,738.942029
6,云100,3099,众泰新能源,0.00 - 0.00,,201711,738.942029
10,云100,2099,众泰新能源,0.00 - 0.00,,201712,738.942029
27,云100,3,众泰新能源,0.00 - 0.00,,201801,738.942029
31,云100,1,众泰新能源,0.00 - 0.00,,201803,738.942029
34,云100,12,众泰新能源,0.00 - 0.00,,201804,738.942029
20,云100,699,众泰新能源,0.00 - 0.00,,201805,738.942029
37,云100,39,众泰新能源,0.00 - 0.00,,201806,738.942029
24,云100,472,众泰新能源,0.00 - 0.00,,201807,738.942029
37,云100,261,众泰新能源,0.00 - 0.00,,201808,738.942029
27,云100,655,众泰新能源,0.00 - 0.00,,201809,738.942029
28,云100,642,众泰新能源,0.00 - 0.00,,201810,738.942029
18,云100,1958,众泰新能源,0.00 - 0.00,,201811,738.942029
22,云100,1759,众泰新能源,0.00 - 0.00,,201812,738.942029
56,云100,6,众泰新能源,0.00 - 0.00,,201901,738.942029
43,云100,29,众泰新能源,0.00 - 0.00,,201907,738.942029
61,云100,7,众泰新能源,0.00 - 0.00,,201908,738.942029
71,云100,0,众泰新能源,0.00 - 0.00,,201909,738.942029
78,云100,0,众泰新能源,0.00 - 0.00,,201910,738.942029
80,云100,0,众泰新能源,0.00 - 0.00,,201911,738.942029
112,云100,0,众泰新能源,0.00 - 0.00,,201912,738.942029
106,云100,0,众泰新能源,0.00 - 0.00,,202001,738.942029
96,云100,0,众泰新能源,0.00 - 0.00,,202002,738.942029
84,云100,0,众泰新能源,0.00 - 0.00,,202003,738.942029
120,云100,0,众泰新能源,0.00 - 0.00,,202003,738.942029
121,云100,0,众泰新能源,0.00 - 0.00,,202004,738.942029
137,云100,0,众泰新能源,0.00 - 0.00,,202005,738.942029
121,云100,0,众泰新能源,0.00 - 0.00,,202006,738.942029
133,云100,0,众泰新能源,0.00 - 0.00,,202007,738.942029
111,云100,0,众泰新能源,0.00 - 0.00,,202008,738.942029
124,云100,0,众泰新能源,0.00 - 0.00,,202009,738.942029
125,云100,0,众泰新能源,0.00 - 0.00,,202010,738.942029
127,云100,0,众泰新能源,0.00 - 0.00,,202011,738.942029
141,云100,0,众泰新能源,0.00 - 0.00,,202012,738.942029
126,云100,0,众泰新能源,0.00 - 0.00,,202101,738.942029
72,奔驰EQE SUV,1533,北京奔驰,48.60 - 63.06,,202306,726.2777778
99,奔驰EQE SUV,736,北京奔驰,48.60 - 63.06,,202307,726.2777778
115,奔驰EQE SUV,587,北京奔驰,48.60 - 63.06,,202308,726.2777778
129,奔驰EQE SUV,489,北京奔驰,48.60 - 63.06,,202309,726.2777778
121,奔驰EQE SUV,652,北京奔驰,48.60 - 63.06,,202310,726.2777778
98,奔驰EQE SUV,1081,北京奔驰,48.60 - 63.06,,202311,726.2777778
110,奔驰EQE SUV,1042,北京奔驰,48.60 - 63.06,,202312,726.2777778
84,奔驰EQE SUV,1444,北京奔驰,48.60 - 63.06,,202401,726.2777778
136,奔驰EQE SUV,293,北京奔驰,48.60 - 63.06,,202402,726.2777778
161,奔驰EQE SUV,361,北京奔驰,48.60 - 63.06,,202403,726.2777778
82,奔驰EQE SUV,1664,北京奔驰,48.60 - 63.06,,202404,726.2777778
133,奔驰EQE SUV,689,北京奔驰,48.60 - 63.06,,202405,726.2777778
129,奔驰EQE SUV,770,北京奔驰,48.60 - 63.06,,202406,726.2777778
235,奔驰EQE SUV,83,北京奔驰,48.60 - 63.06,,202407,726.2777778
150,奔驰EQE SUV,689,北京奔驰,48.60 - 63.06,,202408,726.2777778
200,奔驰EQE SUV,321,北京奔驰,48.60 - 63.06,,202409,726.2777778
207,奔驰EQE SUV,291,北京奔驰,48.60 - 63.06,,202410,726.2777778
197,奔驰EQE SUV,348,北京奔驰,48.60 - 63.06,,202411,726.2777778
80,极狐 阿尔法S(ARCFOX αS),523,北汽新能源,18.98 - 32.98,,202201,716.9375
92,极狐 阿尔法S(ARCFOX αS),266,北汽新能源,18.98 - 32.98,,202202,716.9375
71,极狐 阿尔法S(ARCFOX αS),1015,北汽新能源,18.98 - 32.98,,202203,716.9375
91,极狐 阿尔法S(ARCFOX αS),316,北汽新能源,18.98 - 32.98,,202204,716.9375
81,极狐 阿尔法S(ARCFOX αS),652,北汽新能源,18.98 - 32.98,,202205,716.9375
79,极狐 阿尔法S(ARCFOX αS),1111,北汽新能源,18.98 - 32.98,,202206,716.9375
80,极狐 阿尔法S(ARCFOX αS),1027,北汽新能源,18.98 - 32.98,,202207,716.9375
109,极狐 阿尔法S(ARCFOX αS),477,北汽新能源,18.98 - 32.98,,202208,716.9375
102,极狐 阿尔法S(ARCFOX αS),667,北汽新能源,18.98 - 32.98,,202209,716.9375
116,极狐 阿尔法S(ARCFOX αS),184,北汽新能源,18.98 - 32.98,,202301,716.9375
121,极狐 阿尔法S(ARCFOX αS),236,北汽新能源,18.98 - 32.98,,202302,716.9375
57,极狐 阿尔法S(ARCFOX αS),1287,北汽新能源,18.98 - 32.98,,202303,716.9375
60,极狐 阿尔法S(ARCFOX αS),1289,北汽新能源,18.98 - 32.98,,202304,716.9375
74,极狐 阿尔法S(ARCFOX αS),978,北汽新能源,18.98 - 32.98,,202305,716.9375
74,极狐 阿尔法S(ARCFOX αS),1454,北汽新能源,18.98 - 32.98,,202306,716.9375
83,极狐 阿尔法S(ARCFOX αS),1161,北汽新能源,18.98 - 32.98,,202307,716.9375
78,极狐 阿尔法S(ARCFOX αS),1473,北汽新能源,18.98 - 32.98,,202308,716.9375
88,极狐 阿尔法S(ARCFOX αS),1245,北汽新能源,18.98 - 32.98,,202309,716.9375
90,极狐 阿尔法S(ARCFOX αS),1300,北汽新能源,18.98 - 32.98,,202310,716.9375
70,极狐 阿尔法S(ARCFOX αS),2223,北汽新能源,18.98 - 32.98,,202311,716.9375
76,极狐 阿尔法S(ARCFOX αS),2333,北汽新能源,18.98 - 32.98,,202312,716.9375
209,极狐 阿尔法S(ARCFOX αS),48,北汽新能源,18.98 - 32.98,,202401,716.9375
219,极狐 阿尔法S(ARCFOX αS),13,北汽新能源,18.98 - 32.98,,202402,716.9375
216,极狐 阿尔法S(ARCFOX αS),59,北汽新能源,18.98 - 32.98,,202403,716.9375
199,极狐 阿尔法S(ARCFOX αS),110,北汽新能源,18.98 - 32.98,,202404,716.9375
177,极狐 阿尔法S(ARCFOX αS),324,北汽新能源,18.98 - 32.98,,202405,716.9375
180,极狐 阿尔法S(ARCFOX αS),324,北汽新能源,18.98 - 32.98,,202406,716.9375
249,极狐 阿尔法S(ARCFOX αS),47,北汽新能源,18.98 - 32.98,,202407,716.9375
248,极狐 阿尔法S(ARCFOX αS),63,北汽新能源,18.98 - 32.98,,202408,716.9375
213,极狐 阿尔法S(ARCFOX αS),221,北汽新能源,18.98 - 32.98,,202409,716.9375
202,极狐 阿尔法S(ARCFOX αS),320,北汽新能源,18.98 - 32.98,,202410,716.9375
221,极狐 阿尔法S(ARCFOX αS),196,北汽新能源,18.98 - 32.98,,202411,716.9375
2,比亚迪e6,126,比亚迪,0.00 - 0.00,,201401,700.5595238
1,比亚迪e6,238,比亚迪,0.00 - 0.00,,201402,700.5595238
1,比亚迪e6,255,比亚迪,0.00 - 0.00,,201403,700.5595238
2,比亚迪e6,262,比亚迪,0.00 - 0.00,,201404,700.5595238
2,比亚迪e6,253,比亚迪,0.00 - 0.00,,201405,700.5595238
2,比亚迪e6,257,比亚迪,0.00 - 0.00,,201406,700.5595238
1,比亚迪e6,3664,比亚迪,0.00 - 0.00,,201407,700.5595238
2,比亚迪e6,212,比亚迪,0.00 - 0.00,,201408,700.5595238
2,比亚迪e6,195,比亚迪,0.00 - 0.00,,201409,700.5595238
2,比亚迪e6,199,比亚迪,0.00 - 0.00,,201410,700.5595238
4,比亚迪e6,229,比亚迪,0.00 - 0.00,,201411,700.5595238
4,比亚迪e6,1128,比亚迪,0.00 - 0.00,,201412,700.5595238
3,比亚迪e6,423,比亚迪,0.00 - 0.00,,201501,700.5595238
3,比亚迪e6,276,比亚迪,0.00 - 0.00,,201502,700.5595238
5,比亚迪e6,400,比亚迪,0.00 - 0.00,,201503,700.5595238
3,比亚迪e6,890,比亚迪,0.00 - 0.00,,201504,700.5595238
5,比亚迪e6,406,比亚迪,0.00 - 0.00,,201505,700.5595238
5,比亚迪e6,505,比亚迪,0.00 - 0.00,,201506,700.5595238
6,比亚迪e6,309,比亚迪,0.00 - 0.00,,201507,700.5595238
7,比亚迪e6,189,比亚迪,0.00 - 0.00,,201508,700.5595238
3,比亚迪e6,1620,比亚迪,0.00 - 0.00,,201509,700.5595238
6,比亚迪e6,353,比亚迪,0.00 - 0.00,,201510,700.5595238
6,比亚迪e6,499,比亚迪,0.00 - 0.00,,201511,700.5595238
5,比亚迪e6,2255,比亚迪,0.00 - 0.00,,201512,700.5595238
5,比亚迪e6,686,比亚迪,0.00 - 0.00,,201601,700.5595238
2,比亚迪e6,1105,比亚迪,0.00 - 0.00,,201602,700.5595238
2,比亚迪e6,2016,比亚迪,0.00 - 0.00,,201603,700.5595238
3,比亚迪e6,2089,比亚迪,0.00 - 0.00,,201604,700.5595238
3,比亚迪e6,1683,比亚迪,0.00 - 0.00,,201605,700.5595238
4,比亚迪e6,1647,比亚迪,0.00 - 0.00,,201606,700.5595238
4,比亚迪e6,911,比亚迪,0.00 - 0.00,,201607,700.5595238
5,比亚迪e6,1512,比亚迪,0.00 - 0.00,,201608,700.5595238
4,比亚迪e6,1241,比亚迪,0.00 - 0.00,,201609,700.5595238
1,比亚迪e6,3118,比亚迪,0.00 - 0.00,,201610,700.5595238
4,比亚迪e6,2069,比亚迪,0.00 - 0.00,,201611,700.5595238
2,比亚迪e6,2528,比亚迪,0.00 - 0.00,,201612,700.5595238
7,比亚迪e6,119,比亚迪,0.00 - 0.00,,201701,700.5595238
12,比亚迪e6,73,比亚迪,0.00 - 0.00,,201702,700.5595238
5,比亚迪e6,1067,比亚迪,0.00 - 0.00,,201703,700.5595238
9,比亚迪e6,821,比亚迪,0.00 - 0.00,,201704,700.5595238
13,比亚迪e6,652,比亚迪,0.00 - 0.00,,201705,700.5595238
11,比亚迪e6,723,比亚迪,0.00 - 0.00,,201706,700.5595238
18,比亚迪e6,189,比亚迪,0.00 - 0.00,,201707,700.5595238
22,比亚迪e6,165,比亚迪,0.00 - 0.00,,201708,700.5595238
25,比亚迪e6,156,比亚迪,0.00 - 0.00,,201709,700.5595238
17,比亚迪e6,1016,比亚迪,0.00 - 0.00,,201710,700.5595238
15,比亚迪e6,1416,比亚迪,0.00 - 0.00,,201711,700.5595238
5,比亚迪e6,3818,比亚迪,0.00 - 0.00,,201712,700.5595238
24,比亚迪e6,29,比亚迪,0.00 - 0.00,,201801,700.5595238
23,比亚迪e6,5,比亚迪,0.00 - 0.00,,201802,700.5595238
20,比亚迪e6,249,比亚迪,0.00 - 0.00,,201803,700.5595238
29,比亚迪e6,285,比亚迪,0.00 - 0.00,,201805,700.5595238
24,比亚迪e6,243,比亚迪,0.00 - 0.00,,201806,700.5595238
31,比亚迪e6,287,比亚迪,0.00 - 0.00,,201807,700.5595238
28,比亚迪e6,397,比亚迪,0.00 - 0.00,,201808,700.5595238
16,比亚迪e6,1508,比亚迪,0.00 - 0.00,,201809,700.5595238
32,比亚迪e6,389,比亚迪,0.00 - 0.00,,201810,700.5595238
32,比亚迪e6,1020,比亚迪,0.00 - 0.00,,201811,700.5595238
18,比亚迪e6,2096,比亚迪,0.00 - 0.00,,201812,700.5595238
97,比亚迪e6,0,比亚迪,0.00 - 0.00,,201912,700.5595238
116,比亚迪e6,0,比亚迪,0.00 - 0.00,,202001,700.5595238
106,比亚迪e6,0,比亚迪,0.00 - 0.00,,202002,700.5595238
95,比亚迪e6,0,比亚迪,0.00 - 0.00,,202003,700.5595238
131,比亚迪e6,0,比亚迪,0.00 - 0.00,,202003,700.5595238
123,比亚迪e6,0,比亚迪,0.00 - 0.00,,202005,700.5595238
131,比亚迪e6,0,比亚迪,0.00 - 0.00,,202007,700.5595238
112,比亚迪e6,0,比亚迪,0.00 - 0.00,,202008,700.5595238
30,比亚迪e6,1030,比亚迪,0.00 - 0.00,,202103,700.5595238
102,比亚迪e6,28,比亚迪,0.00 - 0.00,,202104,700.5595238
53,比亚迪e6,440,比亚迪,0.00 - 0.00,,202105,700.5595238
78,比亚迪e6,157,比亚迪,0.00 - 0.00,,202106,700.5595238
90,比亚迪e6,57,比亚迪,0.00 - 0.00,,202107,700.5595238
81,比亚迪e6,199,比亚迪,0.00 - 0.00,,202109,700.5595238
111,比亚迪e6,78,比亚迪,0.00 - 0.00,,202111,700.5595238
96,比亚迪e6,230,比亚迪,0.00 - 0.00,,202112,700.5595238
54,比亚迪e6,1020,比亚迪,0.00 - 0.00,,202204,700.5595238
107,比亚迪e6,280,比亚迪,0.00 - 0.00,,202205,700.5595238
151,比亚迪e6,57,比亚迪,0.00 - 0.00,,202206,700.5595238
135,比亚迪e6,127,比亚迪,0.00 - 0.00,,202207,700.5595238
128,比亚迪e6,214,比亚迪,0.00 - 0.00,,202208,700.5595238
95,比亚迪e6,896,比亚迪,0.00 - 0.00,,202209,700.5595238
109,比亚迪e6,403,比亚迪,0.00 - 0.00,,202210,700.5595238
94,比亚迪e6,793,比亚迪,0.00 - 0.00,,202211,700.5595238
144,比亚迪e6,138,比亚迪,0.00 - 0.00,,202212,700.5595238
107,比亚迪e6,229,比亚迪,0.00 - 0.00,,202301,700.5595238
37,元宝,3908,北京汽车制造厂,2.97 - 5.19,,202209,693.9259259
32,元宝,3675,北京汽车制造厂,2.97 - 5.19,,202210,693.9259259
83,元宝,1201,北京汽车制造厂,2.97 - 5.19,,202211,693.9259259
96,元宝,975,北京汽车制造厂,2.97 - 5.19,,202212,693.9259259
89,元宝,362,北京汽车制造厂,2.97 - 5.19,,202301,693.9259259
88,元宝,575,北京汽车制造厂,2.97 - 5.19,,202302,693.9259259
121,元宝,301,北京汽车制造厂,2.97 - 5.19,,202303,693.9259259
121,元宝,300,北京汽车制造厂,2.97 - 5.19,,202304,693.9259259
79,元宝,916,北京汽车制造厂,2.97 - 5.19,,202305,693.9259259
94,元宝,937,北京汽车制造厂,2.97 - 5.19,,202306,693.9259259
97,元宝,831,北京汽车制造厂,2.97 - 5.19,,202307,693.9259259
100,元宝,813,北京汽车制造厂,2.97 - 5.19,,202308,693.9259259
111,元宝,745,北京汽车制造厂,2.97 - 5.19,,202309,693.9259259
115,元宝,786,北京汽车制造厂,2.97 - 5.19,,202310,693.9259259
154,元宝,316,北京汽车制造厂,2.97 - 5.19,,202311,693.9259259
142,元宝,536,北京汽车制造厂,2.97 - 5.19,,202312,693.9259259
178,元宝,166,北京汽车制造厂,2.97 - 5.19,,202401,693.9259259
127,元宝,352,北京汽车制造厂,2.97 - 5.19,,202402,693.9259259
226,元宝,24,北京汽车制造厂,2.97 - 5.19,,202403,693.9259259
213,元宝,79,北京汽车制造厂,2.97 - 5.19,,202404,693.9259259
205,元宝,157,北京汽车制造厂,2.97 - 5.19,,202405,693.9259259
234,元宝,79,北京汽车制造厂,2.97 - 5.19,,202406,693.9259259
224,元宝,134,北京汽车制造厂,2.97 - 5.19,,202407,693.9259259
220,元宝,161,北京汽车制造厂,2.97 - 5.19,,202408,693.9259259
226,元宝,154,北京汽车制造厂,2.97 - 5.19,,202409,693.9259259
235,元宝,111,北京汽车制造厂,2.97 - 5.19,,202410,693.9259259
239,元宝,142,北京汽车制造厂,2.97 - 5.19,,202411,693.9259259
119,宝骏悦也PLUS,692,上汽通用五菱,9.38 - 10.38,,202404,689.25
122,宝骏悦也PLUS,848,上汽通用五菱,9.38 - 10.38,,202405,689.25
139,宝骏悦也PLUS,682,上汽通用五菱,9.38 - 10.38,,202406,689.25
163,宝骏悦也PLUS,509,上汽通用五菱,9.38 - 10.38,,202407,689.25
164,宝骏悦也PLUS,571,上汽通用五菱,9.38 - 10.38,,202408,689.25
182,宝骏悦也PLUS,474,上汽通用五菱,9.38 - 10.38,,202409,689.25
150,宝骏悦也PLUS,883,上汽通用五菱,9.38 - 10.38,,202410,689.25
156,宝骏悦也PLUS,855,上汽通用五菱,9.38 - 10.38,,202411,689.25
208,红旗HS7 PHEV,187,一汽红旗,31.58 - 34.58,,202407,679
170,红旗HS7 PHEV,516,一汽红旗,31.58 - 34.58,,202408,679
145,红旗HS7 PHEV,915,一汽红旗,31.58 - 34.58,,202409,679
145,红旗HS7 PHEV,960,一汽红旗,31.58 - 34.58,,202410,679
157,红旗HS7 PHEV,817,一汽红旗,31.58 - 34.58,,202411,679
113,星海V9,1035,东风风行,19.99 - 27.99,,202406,671.3333333
121,星海V9,1011,东风风行,19.99 - 27.99,,202407,671.3333333
126,星海V9,1004,东风风行,19.99 - 27.99,,202408,671.3333333
186,星海V9,428,东风风行,19.99 - 27.99,,202409,671.3333333
216,星海V9,213,东风风行,19.99 - 27.99,,202410,671.3333333
200,星海V9,337,东风风行,19.99 - 27.99,,202411,671.3333333
9,风行S50EV,674,东风风行,15.09 - 16.99,,201801,665.8024691
21,风行S50EV,25,东风风行,15.09 - 16.99,,201802,665.8024691
30,风行S50EV,5,东风风行,15.09 - 16.99,,201803,665.8024691
33,风行S50EV,20,东风风行,15.09 - 16.99,,201804,665.8024691
39,风行S50EV,17,东风风行,15.09 - 16.99,,201805,665.8024691
36,风行S50EV,52,东风风行,15.09 - 16.99,,201806,665.8024691
40,风行S50EV,38,东风风行,15.09 - 16.99,,201807,665.8024691
31,风行S50EV,363,东风风行,15.09 - 16.99,,201808,665.8024691
22,风行S50EV,834,东风风行,15.09 - 16.99,,201809,665.8024691
30,风行S50EV,425,东风风行,15.09 - 16.99,,201810,665.8024691
41,风行S50EV,489,东风风行,15.09 - 16.99,,201811,665.8024691
38,风行S50EV,590,东风风行,15.09 - 16.99,,201812,665.8024691
20,风行S50EV,955,东风风行,15.09 - 16.99,,201901,665.8024691
49,风行S50EV,9,东风风行,15.09 - 16.99,,201902,665.8024691
52,风行S50EV,60,东风风行,15.09 - 16.99,,201903,665.8024691
36,风行S50EV,419,东风风行,15.09 - 16.99,,201904,665.8024691
36,风行S50EV,415,东风风行,15.09 - 16.99,,201905,665.8024691
26,风行S50EV,1060,东风风行,15.09 - 16.99,,201906,665.8024691
47,风行S50EV,23,东风风行,15.09 - 16.99,,201907,665.8024691
43,风行S50EV,127,东风风行,15.09 - 16.99,,201908,665.8024691
49,风行S50EV,102,东风风行,15.09 - 16.99,,201909,665.8024691
47,风行S50EV,106,东风风行,15.09 - 16.99,,201910,665.8024691
73,风行S50EV,7,东风风行,15.09 - 16.99,,201911,665.8024691
14,风行S50EV,1951,东风风行,15.09 - 16.99,,201912,665.8024691
75,风行S50EV,9,东风风行,15.09 - 16.99,,202001,665.8024691
48,风行S50EV,55,东风风行,15.09 - 16.99,,202003,665.8024691
71,风行S50EV,21,东风风行,15.09 - 16.99,,202004,665.8024691
94,风行S50EV,6,东风风行,15.09 - 16.99,,202005,665.8024691
92,风行S50EV,5,东风风行,15.09 - 16.99,,202006,665.8024691
100,风行S50EV,5,东风风行,15.09 - 16.99,,202007,665.8024691
101,风行S50EV,5,东风风行,15.09 - 16.99,,202007,665.8024691
92,风行S50EV,15,东风风行,15.09 - 16.99,,202008,665.8024691
90,风行S50EV,29,东风风行,15.09 - 16.99,,202009,665.8024691
83,风行S50EV,78,东风风行,15.09 - 16.99,,202010,665.8024691
51,风行S50EV,489,东风风行,15.09 - 16.99,,202011,665.8024691
48,风行S50EV,690,东风风行,15.09 - 16.99,,202012,665.8024691
78,风行S50EV,73,东风风行,15.09 - 16.99,,202101,665.8024691
88,风行S50EV,17,东风风行,15.09 - 16.99,,202102,665.8024691
86,风行S50EV,47,东风风行,15.09 - 16.99,,202103,665.8024691
82,风行S50EV,76,东风风行,15.09 - 16.99,,202104,665.8024691
54,风行S50EV,429,东风风行,15.09 - 16.99,,202105,665.8024691
48,风行S50EV,572,东风风行,15.09 - 16.99,,202106,665.8024691
35,风行S50EV,1272,东风风行,15.09 - 16.99,,202107,665.8024691
26,风行S50EV,1972,东风风行,15.09 - 16.99,,202108,665.8024691
34,风行S50EV,1834,东风风行,15.09 - 16.99,,202109,665.8024691
41,风行S50EV,1569,东风风行,15.09 - 16.99,,202110,665.8024691
43,风行S50EV,1898,东风风行,15.09 - 16.99,,202111,665.8024691
57,风行S50EV,1407,东风风行,15.09 - 16.99,,202112,665.8024691
35,风行S50EV,2254,东风风行,15.09 - 16.99,,202201,665.8024691
44,风行S50EV,1511,东风风行,15.09 - 16.99,,202202,665.8024691
42,风行S50EV,2307,东风风行,15.09 - 16.99,,202203,665.8024691
33,风行S50EV,1862,东风风行,15.09 - 16.99,,202204,665.8024691
74,风行S50EV,806,东风风行,15.09 - 16.99,,202205,665.8024691
49,风行S50EV,2328,东风风行,15.09 - 16.99,,202206,665.8024691
54,风行S50EV,2253,东风风行,15.09 - 16.99,,202207,665.8024691
53,风行S50EV,2301,东风风行,15.09 - 16.99,,202208,665.8024691
85,风行S50EV,1201,东风风行,15.09 - 16.99,,202209,665.8024691
68,风行S50EV,1611,东风风行,15.09 - 16.99,,202210,665.8024691
73,风行S50EV,1657,东风风行,15.09 - 16.99,,202211,665.8024691
59,风行S50EV,2809,东风风行,15.09 - 16.99,,202212,665.8024691
71,风行S50EV,571,东风风行,15.09 - 16.99,,202301,665.8024691
141,风行S50EV,102,东风风行,15.09 - 16.99,,202302,665.8024691
148,风行S50EV,115,东风风行,15.09 - 16.99,,202303,665.8024691
125,风行S50EV,254,东风风行,15.09 - 16.99,,202304,665.8024691
123,风行S50EV,303,东风风行,15.09 - 16.99,,202305,665.8024691
149,风行S50EV,195,东风风行,15.09 - 16.99,,202307,665.8024691
157,风行S50EV,231,东风风行,15.09 - 16.99,,202308,665.8024691
160,风行S50EV,234,东风风行,15.09 - 16.99,,202309,665.8024691
130,风行S50EV,460,东风风行,15.09 - 16.99,,202310,665.8024691
167,风行S50EV,213,东风风行,15.09 - 16.99,,202311,665.8024691
176,风行S50EV,223,东风风行,15.09 - 16.99,,202312,665.8024691
122,风行S50EV,604,东风风行,15.09 - 16.99,,202401,665.8024691
151,风行S50EV,226,东风风行,15.09 - 16.99,,202402,665.8024691
124,风行S50EV,644,东风风行,15.09 - 16.99,,202403,665.8024691
167,风行S50EV,272,东风风行,15.09 - 16.99,,202404,665.8024691
201,风行S50EV,176,东风风行,15.09 - 16.99,,202405,665.8024691
213,风行S50EV,158,东风风行,15.09 - 16.99,,202406,665.8024691
153,风行S50EV,618,东风风行,15.09 - 16.99,,202407,665.8024691
112,风行S50EV,1350,东风风行,15.09 - 16.99,,202408,665.8024691
104,风行S50EV,2211,东风风行,15.09 - 16.99,,202409,665.8024691
265,风行S50EV,32,东风风行,15.09 - 16.99,,202410,665.8024691
181,风行S50EV,499,东风风行,15.09 - 16.99,,202411,665.8024691
10,江淮iEV6E,4371,江淮汽车,5.95 - 7.55,,201812,664.4324324
10,江淮iEV6E,2745,江淮汽车,5.95 - 7.55,,201901,664.4324324
13,江淮iEV6E,1171,江淮汽车,5.95 - 7.55,,201902,664.4324324
13,江淮iEV6E,2698,江淮汽车,5.95 - 7.55,,201903,664.4324324
10,江淮iEV6E,3002,江淮汽车,5.95 - 7.55,,201904,664.4324324
4,江淮iEV6E,4505,江淮汽车,5.95 - 7.55,,201905,664.4324324
12,江淮iEV6E,3294,江淮汽车,5.95 - 7.55,,201906,664.4324324
62,江淮iEV6E,0,江淮汽车,5.95 - 7.55,,201907,664.4324324
35,江淮iEV6E,228,江淮汽车,5.95 - 7.55,,201908,664.4324324
37,江淮iEV6E,225,江淮汽车,5.95 - 7.55,,201909,664.4324324
45,江淮iEV6E,120,江淮汽车,5.95 - 7.55,,201910,664.4324324
52,江淮iEV6E,123,江淮汽车,5.95 - 7.55,,201911,664.4324324
48,江淮iEV6E,272,江淮汽车,5.95 - 7.55,,201912,664.4324324
46,江淮iEV6E,90,江淮汽车,5.95 - 7.55,,202001,664.4324324
31,江淮iEV6E,35,江淮汽车,5.95 - 7.55,,202002,664.4324324
33,江淮iEV6E,183,江淮汽车,5.95 - 7.55,,202003,664.4324324
35,江淮iEV6E,206,江淮汽车,5.95 - 7.55,,202004,664.4324324
45,江淮iEV6E,184,江淮汽车,5.95 - 7.55,,202005,664.4324324
54,江淮iEV6E,153,江淮汽车,5.95 - 7.55,,202006,664.4324324
62,江淮iEV6E,143,江淮汽车,5.95 - 7.55,,202007,664.4324324
69,江淮iEV6E,124,江淮汽车,5.95 - 7.55,,202008,664.4324324
54,江淮iEV6E,219,江淮汽车,5.95 - 7.55,,202009,664.4324324
65,江淮iEV6E,169,江淮汽车,5.95 - 7.55,,202010,664.4324324
77,江淮iEV6E,161,江淮汽车,5.95 - 7.55,,202011,664.4324324
78,江淮iEV6E,163,江淮汽车,5.95 - 7.55,,202012,664.4324324
128,江淮iEV6E,0,江淮汽车,5.95 - 7.55,,202101,664.4324324
126,江淮iEV6E,0,江淮汽车,5.95 - 7.55,,202102,664.4324324
134,江淮iEV6E,0,江淮汽车,5.95 - 7.55,,202103,664.4324324
126,江淮iEV6E,0,江淮汽车,5.95 - 7.55,,202104,664.4324324
139,江淮iEV6E,0,江淮汽车,5.95 - 7.55,,202105,664.4324324
143,江淮iEV6E,0,江淮汽车,5.95 - 7.55,,202106,664.4324324
131,江淮iEV6E,0,江淮汽车,5.95 - 7.55,,202107,664.4324324
172,江淮iEV6E,0,江淮汽车,5.95 - 7.55,,202107,664.4324324
137,江淮iEV6E,0,江淮汽车,5.95 - 7.55,,202108,664.4324324
177,江淮iEV6E,0,江淮汽车,5.95 - 7.55,,202108,664.4324324
174,江淮iEV6E,0,江淮汽车,5.95 - 7.55,,202109,664.4324324
149,江淮iEV6E,0,江淮汽车,5.95 - 7.55,,202110,664.4324324
175,江淮iEV6E,0,江淮汽车,5.95 - 7.55,,202110,664.4324324
160,江淮iEV6E,0,江淮汽车,5.95 - 7.55,,202111,664.4324324
209,江淮iEV6E,0,江淮汽车,5.95 - 7.55,,202112,664.4324324
39,威马W6,705,威马汽车,16.98 - 23.98,,202105,661.0526316
41,威马W6,746,威马汽车,16.98 - 23.98,,202106,661.0526316
47,威马W6,649,威马汽车,16.98 - 23.98,,202107,661.0526316
46,威马W6,850,威马汽车,16.98 - 23.98,,202109,661.0526316
55,威马W6,838,威马汽车,16.98 - 23.98,,202110,661.0526316
59,威马W6,1064,威马汽车,16.98 - 23.98,,202111,661.0526316
59,威马W6,1344,威马汽车,16.98 - 23.98,,202112,661.0526316
70,威马W6,761,威马汽车,16.98 - 23.98,,202201,661.0526316
77,威马W6,415,威马汽车,16.98 - 23.98,,202202,661.0526316
76,威马W6,884,威马汽车,16.98 - 23.98,,202203,661.0526316
76,威马W6,540,威马汽车,16.98 - 23.98,,202204,661.0526316
75,威马W6,791,威马汽车,16.98 - 23.98,,202205,661.0526316
100,威马W6,500,威马汽车,16.98 - 23.98,,202206,661.0526316
86,威马W6,963,威马汽车,16.98 - 23.98,,202207,661.0526316
89,威马W6,740,威马汽车,16.98 - 23.98,,202208,661.0526316
123,威马W6,354,威马汽车,16.98 - 23.98,,202209,661.0526316
110,威马W6,395,威马汽车,16.98 - 23.98,,202210,661.0526316
179,威马W6,1,威马汽车,16.98 - 23.98,,202211,661.0526316
164,威马W6,20,威马汽车,16.98 - 23.98,,202212,661.0526316
44,奔腾B30EV,125,一汽奔腾,0.00 - 0.00,,201908,659.48
30,奔腾B30EV,372,一汽奔腾,0.00 - 0.00,,201909,659.48
27,奔腾B30EV,356,一汽奔腾,0.00 - 0.00,,201910,659.48
8,奔腾B30EV,2382,一汽奔腾,0.00 - 0.00,,201911,659.48
1,奔腾B30EV,8735,一汽奔腾,0.00 - 0.00,,201912,659.48
4,奔腾B30EV,2161,一汽奔腾,0.00 - 0.00,,202001,659.48
8,奔腾B30EV,371,一汽奔腾,0.00 - 0.00,,202002,659.48
101,奔腾B30EV,0,一汽奔腾,0.00 - 0.00,,202004,659.48
121,奔腾B30EV,0,一汽奔腾,0.00 - 0.00,,202005,659.48
100,奔腾B30EV,0,一汽奔腾,0.00 - 0.00,,202006,659.48
106,奔腾B30EV,0,一汽奔腾,0.00 - 0.00,,202006,659.48
123,奔腾B30EV,0,一汽奔腾,0.00 - 0.00,,202007,659.48
108,奔腾B30EV,1,一汽奔腾,0.00 - 0.00,,202009,659.48
114,奔腾B30EV,0,一汽奔腾,0.00 - 0.00,,202010,659.48
110,奔腾B30EV,5,一汽奔腾,0.00 - 0.00,,202011,659.48
130,奔腾B30EV,0,一汽奔腾,0.00 - 0.00,,202012,659.48
115,奔腾B30EV,0,一汽奔腾,0.00 - 0.00,,202101,659.48
109,奔腾B30EV,0,一汽奔腾,0.00 - 0.00,,202102,659.48
43,奔腾B30EV,700,一汽奔腾,0.00 - 0.00,,202103,659.48
43,奔腾B30EV,547,一汽奔腾,0.00 - 0.00,,202104,659.48
41,奔腾B30EV,678,一汽奔腾,0.00 - 0.00,,202105,659.48
95,奔腾B30EV,54,一汽奔腾,0.00 - 0.00,,202106,659.48
139,奔腾B30EV,0,一汽奔腾,0.00 - 0.00,,202107,659.48
180,奔腾B30EV,0,一汽奔腾,0.00 - 0.00,,202107,659.48
149,奔腾B30EV,0,一汽奔腾,0.00 - 0.00,,202108,659.48
134,奔腾B30EV,0,一汽奔腾,0.00 - 0.00,,202109,659.48
161,奔腾B30EV,0,一汽奔腾,0.00 - 0.00,,202111,659.48
54,本田CR-V新能源,1302,东风本田,22.59 - 26.99,,202201,657.1176471
72,本田CR-V新能源,575,东风本田,22.59 - 26.99,,202202,657.1176471
74,本田CR-V新能源,996,东风本田,22.59 - 26.99,,202203,657.1176471
59,本田CR-V新能源,932,东风本田,22.59 - 26.99,,202204,657.1176471
86,本田CR-V新能源,595,东风本田,22.59 - 26.99,,202205,657.1176471
73,本田CR-V新能源,1313,东风本田,22.59 - 26.99,,202206,657.1176471
78,本田CR-V新能源,1049,东风本田,22.59 - 26.99,,202207,657.1176471
82,本田CR-V新能源,1007,东风本田,22.59 - 26.99,,202208,657.1176471
77,本田CR-V新能源,1354,东风本田,22.59 - 26.99,,202209,657.1176471
162,本田CR-V新能源,17,东风本田,22.59 - 26.99,,202210,657.1176471
180,本田CR-V新能源,1,东风本田,22.59 - 26.99,,202212,657.1176471
68,本田CR-V新能源,632,东风本田,22.59 - 26.99,,202301,657.1176471
80,本田CR-V新能源,667,东风本田,22.59 - 26.99,,202302,657.1176471
80,本田CR-V新能源,803,东风本田,22.59 - 26.99,,202303,657.1176471
90,本田CR-V新能源,603,东风本田,22.59 - 26.99,,202304,657.1176471
119,本田CR-V新能源,332,东风本田,22.59 - 26.99,,202305,657.1176471
108,本田CR-V新能源,544,东风本田,22.59 - 26.99,,202306,657.1176471
95,本田CR-V新能源,846,东风本田,22.59 - 26.99,,202307,657.1176471
95,本田CR-V新能源,879,东风本田,22.59 - 26.99,,202308,657.1176471
104,本田CR-V新能源,851,东风本田,22.59 - 26.99,,202309,657.1176471
104,本田CR-V新能源,916,东风本田,22.59 - 26.99,,202310,657.1176471
113,本田CR-V新能源,775,东风本田,22.59 - 26.99,,202311,657.1176471
115,本田CR-V新能源,951,东风本田,22.59 - 26.99,,202312,657.1176471
92,本田CR-V新能源,1202,东风本田,22.59 - 26.99,,202401,657.1176471
132,本田CR-V新能源,311,东风本田,22.59 - 26.99,,202402,657.1176471
148,本田CR-V新能源,434,东风本田,22.59 - 26.99,,202403,657.1176471
140,本田CR-V新能源,485,东风本田,22.59 - 26.99,,202404,657.1176471
162,本田CR-V新能源,395,东风本田,22.59 - 26.99,,202405,657.1176471
168,本田CR-V新能源,416,东风本田,22.59 - 26.99,,202406,657.1176471
182,本田CR-V新能源,325,东风本田,22.59 - 26.99,,202407,657.1176471
196,本田CR-V新能源,310,东风本田,22.59 - 26.99,,202408,657.1176471
211,本田CR-V新能源,228,东风本田,22.59 - 26.99,,202409,657.1176471
218,本田CR-V新能源,195,东风本田,22.59 - 26.99,,202410,657.1176471
248,本田CR-V新能源,101,东风本田,22.59 - 26.99,,202411,657.1176471
58,魏牌 VV7新能源,150,长城汽车,21.98 - 23.98,,201912,654.2916667
7,魏牌 VV7新能源,1454,长城汽车,21.98 - 23.98,,202001,654.2916667
21,魏牌 VV7新能源,95,长城汽车,21.98 - 23.98,,202002,654.2916667
19,魏牌 VV7新能源,619,长城汽车,21.98 - 23.98,,202003,654.2916667
15,魏牌 VV7新能源,1084,长城汽车,21.98 - 23.98,,202004,654.2916667
14,魏牌 VV7新能源,1240,长城汽车,21.98 - 23.98,,202005,654.2916667
25,魏牌 VV7新能源,1004,长城汽车,21.98 - 23.98,,202006,654.2916667
17,魏牌 VV7新能源,1462,长城汽车,21.98 - 23.98,,202007,654.2916667
16,魏牌 VV7新能源,1584,长城汽车,21.98 - 23.98,,202008,654.2916667
17,魏牌 VV7新能源,1622,长城汽车,21.98 - 23.98,,202009,654.2916667
17,魏牌 VV7新能源,1635,长城汽车,21.98 - 23.98,,202010,654.2916667
24,魏牌 VV7新能源,1703,长城汽车,21.98 - 23.98,,202011,654.2916667
24,魏牌 VV7新能源,2000,长城汽车,21.98 - 23.98,,202012,654.2916667
83,魏牌 VV7新能源,40,长城汽车,21.98 - 23.98,,202101,654.2916667
101,魏牌 VV7新能源,3,长城汽车,21.98 - 23.98,,202102,654.2916667
108,魏牌 VV7新能源,4,长城汽车,21.98 - 23.98,,202103,654.2916667
111,魏牌 VV7新能源,4,长城汽车,21.98 - 23.98,,202104,654.2916667
128,魏牌 VV7新能源,0,长城汽车,21.98 - 23.98,,202105,654.2916667
155,魏牌 VV7新能源,0,长城汽车,21.98 - 23.98,,202107,654.2916667
127,魏牌 VV7新能源,0,长城汽车,21.98 - 23.98,,202108,654.2916667
166,魏牌 VV7新能源,0,长城汽车,21.98 - 23.98,,202108,654.2916667
165,魏牌 VV7新能源,0,长城汽车,21.98 - 23.98,,202109,654.2916667
140,魏牌 VV7新能源,0,长城汽车,21.98 - 23.98,,202110,654.2916667
166,魏牌 VV7新能源,0,长城汽车,21.98 - 23.98,,202110,654.2916667
155,魏牌 VV7新能源,0,长城汽车,21.98 - 23.98,,202111,654.2916667
202,魏牌 VV7新能源,0,长城汽车,21.98 - 23.98,,202112,654.2916667
38,皓影新能源,1100,广汽本田,22.59 - 26.99,,202107,650.125
138,皓影新能源,0,广汽本田,22.59 - 26.99,,202108,650.125
178,皓影新能源,0,广汽本田,22.59 - 26.99,,202108,650.125
179,皓影新能源,0,广汽本田,22.59 - 26.99,,202109,650.125
186,皓影新能源,0,广汽本田,22.59 - 26.99,,202110,650.125
7,皓影新能源,12857,广汽本田,22.59 - 26.99,,202112,650.125
84,皓影新能源,508,广汽本田,22.59 - 26.99,,202201,650.125
70,皓影新能源,626,广汽本田,22.59 - 26.99,,202202,650.125
93,皓影新能源,424,广汽本田,22.59 - 26.99,,202203,650.125
131,皓影新能源,39,广汽本田,22.59 - 26.99,,202204,650.125
113,皓影新能源,183,广汽本田,22.59 - 26.99,,202205,650.125
109,皓影新能源,437,广汽本田,22.59 - 26.99,,202206,650.125
94,皓影新能源,709,广汽本田,22.59 - 26.99,,202207,650.125
91,皓影新能源,704,广汽本田,22.59 - 26.99,,202208,650.125
118,皓影新能源,436,广汽本田,22.59 - 26.99,,202209,650.125
144,皓影新能源,79,广汽本田,22.59 - 26.99,,202210,650.125
178,皓影新能源,3,广汽本田,22.59 - 26.99,,202211,650.125
175,皓影新能源,4,广汽本田,22.59 - 26.99,,202212,650.125
88,皓影新能源,364,广汽本田,22.59 - 26.99,,202301,650.125
109,皓影新能源,343,广汽本田,22.59 - 26.99,,202302,650.125
76,皓影新能源,913,广汽本田,22.59 - 26.99,,202303,650.125
93,皓影新能源,557,广汽本田,22.59 - 26.99,,202304,650.125
112,皓影新能源,378,广汽本田,22.59 - 26.99,,202305,650.125
136,皓影新能源,257,广汽本田,22.59 - 26.99,,202306,650.125
137,皓影新能源,305,广汽本田,22.59 - 26.99,,202307,650.125
138,皓影新能源,351,广汽本田,22.59 - 26.99,,202308,650.125
91,皓影新能源,1167,广汽本田,22.59 - 26.99,,202309,650.125
133,皓影新能源,449,广汽本田,22.59 - 26.99,,202310,650.125
140,皓影新能源,450,广汽本田,22.59 - 26.99,,202311,650.125
163,皓影新能源,368,广汽本田,22.59 - 26.99,,202312,650.125
170,皓影新能源,194,广汽本田,22.59 - 26.99,,202401,650.125
199,皓影新能源,53,广汽本田,22.59 - 26.99,,202402,650.125
200,皓影新能源,128,广汽本田,22.59 - 26.99,,202403,650.125
208,皓影新能源,91,广汽本田,22.59 - 26.99,,202404,650.125
216,皓影新能源,113,广汽本田,22.59 - 26.99,,202405,650.125
215,皓影新能源,154,广汽本田,22.59 - 26.99,,202406,650.125
198,皓影新能源,223,广汽本田,22.59 - 26.99,,202407,650.125
206,皓影新能源,262,广汽本田,22.59 - 26.99,,202408,650.125
205,皓影新能源,257,广汽本田,22.59 - 26.99,,202409,650.125
212,皓影新能源,250,广汽本田,22.59 - 26.99,,202410,650.125
208,皓影新能源,269,广汽本田,22.59 - 26.99,,202411,650.125
79,魏牌 拿铁DHT-PHEV,1035,长城汽车,22.90 - 26.30,,202207,650
58,魏牌 拿铁DHT-PHEV,1885,长城汽车,22.90 - 26.30,,202208,650
65,魏牌 拿铁DHT-PHEV,1911,长城汽车,22.90 - 26.30,,202209,650
59,魏牌 拿铁DHT-PHEV,2014,长城汽车,22.90 - 26.30,,202210,650
67,魏牌 拿铁DHT-PHEV,1745,长城汽车,22.90 - 26.30,,202211,650
92,魏牌 拿铁DHT-PHEV,1064,长城汽车,22.90 - 26.30,,202212,650
63,魏牌 拿铁DHT-PHEV,857,长城汽车,22.90 - 26.30,,202301,650
72,魏牌 拿铁DHT-PHEV,841,长城汽车,22.90 - 26.30,,202302,650
68,魏牌 拿铁DHT-PHEV,1064,长城汽车,22.90 - 26.30,,202303,650
82,魏牌 拿铁DHT-PHEV,743,长城汽车,22.90 - 26.30,,202304,650
138,魏牌 拿铁DHT-PHEV,191,长城汽车,22.90 - 26.30,,202305,650
158,魏牌 拿铁DHT-PHEV,91,长城汽车,22.90 - 26.30,,202306,650
172,魏牌 拿铁DHT-PHEV,80,长城汽车,22.90 - 26.30,,202307,650
186,魏牌 拿铁DHT-PHEV,41,长城汽车,22.90 - 26.30,,202308,650
203,魏牌 拿铁DHT-PHEV,17,长城汽车,22.90 - 26.30,,202309,650
200,魏牌 拿铁DHT-PHEV,19,长城汽车,22.90 - 26.30,,202310,650
212,魏牌 拿铁DHT-PHEV,10,长城汽车,22.90 - 26.30,,202311,650
214,魏牌 拿铁DHT-PHEV,18,长城汽车,22.90 - 26.30,,202312,650
218,魏牌 拿铁DHT-PHEV,10,长城汽车,22.90 - 26.30,,202401,650
227,魏牌 拿铁DHT-PHEV,6,长城汽车,22.90 - 26.30,,202402,650
236,魏牌 拿铁DHT-PHEV,8,长城汽车,22.90 - 26.30,,202403,650
56,荣威RX5新能源,1245,上汽集团,14.79 - 15.99,,202201,648.1142857
57,荣威RX5新能源,1050,上汽集团,14.79 - 15.99,,202202,648.1142857
70,荣威RX5新能源,1018,上汽集团,14.79 - 15.99,,202203,648.1142857
126,荣威RX5新能源,52,上汽集团,14.79 - 15.99,,202204,648.1142857
65,荣威RX5新能源,1183,上汽集团,14.79 - 15.99,,202205,648.1142857
96,荣威RX5新能源,604,上汽集团,14.79 - 15.99,,202206,648.1142857
159,荣威RX5新能源,16,上汽集团,14.79 - 15.99,,202207,648.1142857
50,荣威RX5新能源,2736,上汽集团,14.79 - 15.99,,202208,648.1142857
47,荣威RX5新能源,2725,上汽集团,14.79 - 15.99,,202209,648.1142857
77,荣威RX5新能源,1164,上汽集团,14.79 - 15.99,,202210,648.1142857
84,荣威RX5新能源,1092,上汽集团,14.79 - 15.99,,202211,648.1142857
66,荣威RX5新能源,2391,上汽集团,14.79 - 15.99,,202212,648.1142857
84,荣威RX5新能源,456,上汽集团,14.79 - 15.99,,202301,648.1142857
111,荣威RX5新能源,325,上汽集团,14.79 - 15.99,,202302,648.1142857
131,荣威RX5新能源,223,上汽集团,14.79 - 15.99,,202303,648.1142857
126,荣威RX5新能源,241,上汽集团,14.79 - 15.99,,202304,648.1142857
142,荣威RX5新能源,164,上汽集团,14.79 - 15.99,,202305,648.1142857
146,荣威RX5新能源,192,上汽集团,14.79 - 15.99,,202306,648.1142857
122,荣威RX5新能源,432,上汽集团,14.79 - 15.99,,202307,648.1142857
119,荣威RX5新能源,551,上汽集团,14.79 - 15.99,,202308,648.1142857
118,荣威RX5新能源,610,上汽集团,14.79 - 15.99,,202309,648.1142857
110,荣威RX5新能源,834,上汽集团,14.79 - 15.99,,202310,648.1142857
129,荣威RX5新能源,562,上汽集团,14.79 - 15.99,,202311,648.1142857
146,荣威RX5新能源,495,上汽集团,14.79 - 15.99,,202312,648.1142857
158,荣威RX5新能源,258,上汽集团,14.79 - 15.99,,202401,648.1142857
138,荣威RX5新能源,274,上汽集团,14.79 - 15.99,,202402,648.1142857
182,荣威RX5新能源,190,上汽集团,14.79 - 15.99,,202403,648.1142857
153,荣威RX5新能源,393,上汽集团,14.79 - 15.99,,202404,648.1142857
195,荣威RX5新能源,207,上汽集团,14.79 - 15.99,,202405,648.1142857
220,荣威RX5新能源,125,上汽集团,14.79 - 15.99,,202406,648.1142857
204,荣威RX5新能源,207,上汽集团,14.79 - 15.99,,202407,648.1142857
210,荣威RX5新能源,211,上汽集团,14.79 - 15.99,,202408,648.1142857
233,荣威RX5新能源,132,上汽集团,14.79 - 15.99,,202409,648.1142857
214,荣威RX5新能源,229,上汽集团,14.79 - 15.99,,202410,648.1142857
251,荣威RX5新能源,97,上汽集团,14.79 - 15.99,,202411,648.1142857
110,雅阁新能源,567,广汽本田,22.58 - 25.88,,202307,647.2941176
111,雅阁新能源,612,广汽本田,22.58 - 25.88,,202308,647.2941176
116,雅阁新能源,643,广汽本田,22.58 - 25.88,,202309,647.2941176
116,雅阁新能源,737,广汽本田,22.58 - 25.88,,202310,647.2941176
119,雅阁新能源,676,广汽本田,22.58 - 25.88,,202311,647.2941176
113,雅阁新能源,954,广汽本田,22.58 - 25.88,,202312,647.2941176
114,雅阁新能源,692,广汽本田,22.58 - 25.88,,202401,647.2941176
126,雅阁新能源,357,广汽本田,22.58 - 25.88,,202402,647.2941176
131,雅阁新能源,527,广汽本田,22.58 - 25.88,,202403,647.2941176
134,雅阁新能源,551,广汽本田,22.58 - 25.88,,202404,647.2941176
144,雅阁新能源,596,广汽本田,22.58 - 25.88,,202405,647.2941176
142,雅阁新能源,650,广汽本田,22.58 - 25.88,,202406,647.2941176
150,雅阁新能源,651,广汽本田,22.58 - 25.88,,202407,647.2941176
149,雅阁新能源,693,广汽本田,22.58 - 25.88,,202408,647.2941176
165,雅阁新能源,641,广汽本田,22.58 - 25.88,,202409,647.2941176
168,雅阁新能源,707,广汽本田,22.58 - 25.88,,202410,647.2941176
163,雅阁新能源,750,广汽本田,22.58 - 25.88,,202411,647.2941176
11,江铃E100B,802,江铃集团新能源,0.00 - 0.00,,201705,642.5151515
9,江铃E100B,1153,江铃集团新能源,0.00 - 0.00,,201706,642.5151515
13,江铃E100B,454,江铃集团新能源,0.00 - 0.00,,201707,642.5151515
11,江铃E100B,1147,江铃集团新能源,0.00 - 0.00,,201708,642.5151515
9,江铃E100B,1692,江铃集团新能源,0.00 - 0.00,,201709,642.5151515
10,江铃E100B,1755,江铃集团新能源,0.00 - 0.00,,201710,642.5151515
16,江铃E100B,1397,江铃集团新能源,0.00 - 0.00,,201711,642.5151515
11,江铃E100B,1922,江铃集团新能源,0.00 - 0.00,,201712,642.5151515
4,江铃E100B,1500,江铃集团新能源,0.00 - 0.00,,201801,642.5151515
10,江铃E100B,504,江铃集团新能源,0.00 - 0.00,,201802,642.5151515
13,江铃E100B,559,江铃集团新能源,0.00 - 0.00,,201803,642.5151515
14,江铃E100B,870,江铃集团新能源,0.00 - 0.00,,201804,642.5151515
15,江铃E100B,1162,江铃集团新能源,0.00 - 0.00,,201805,642.5151515
28,江铃E100B,158,江铃集团新能源,0.00 - 0.00,,201806,642.5151515
27,江铃E100B,379,江铃集团新能源,0.00 - 0.00,,201807,642.5151515
12,江铃E100B,1474,江铃集团新能源,0.00 - 0.00,,201808,642.5151515
21,江铃E100B,896,江铃集团新能源,0.00 - 0.00,,201809,642.5151515
35,江铃E100B,293,江铃集团新能源,0.00 - 0.00,,201810,642.5151515
36,江铃E100B,767,江铃集团新能源,0.00 - 0.00,,201811,642.5151515
19,江铃E100B,1989,江铃集团新能源,0.00 - 0.00,,201812,642.5151515
116,江铃E100B,0,江铃集团新能源,0.00 - 0.00,,201912,642.5151515
121,江铃E100B,0,江铃集团新能源,0.00 - 0.00,,202001,642.5151515
115,江铃E100B,0,江铃集团新能源,0.00 - 0.00,,202002,642.5151515
99,江铃E100B,0,江铃集团新能源,0.00 - 0.00,,202003,642.5151515
135,江铃E100B,0,江铃集团新能源,0.00 - 0.00,,202003,642.5151515
131,江铃E100B,0,江铃集团新能源,0.00 - 0.00,,202005,642.5151515
107,江铃E100B,0,江铃集团新能源,0.00 - 0.00,,202006,642.5151515
138,江铃E100B,0,江铃集团新能源,0.00 - 0.00,,202007,642.5151515
120,江铃E100B,0,江铃集团新能源,0.00 - 0.00,,202008,642.5151515
61,江铃E100B,330,江铃集团新能源,0.00 - 0.00,,202107,642.5151515
135,江铃E100B,0,江铃集团新能源,0.00 - 0.00,,202108,642.5151515
175,江铃E100B,0,江铃集团新能源,0.00 - 0.00,,202108,642.5151515
177,江铃E100B,0,江铃集团新能源,0.00 - 0.00,,202109,642.5151515
184,江铃E100B,0,江铃集团新能源,0.00 - 0.00,,202110,642.5151515
195,江铃E100B,0,江铃集团新能源,0.00 - 0.00,,202112,642.5151515
124,本田e:NS1,73,东风本田,17.50 - 21.80,,202204,634.9375
79,本田e:NS1,724,东风本田,17.50 - 21.80,,202205,634.9375
98,本田e:NS1,550,东风本田,17.50 - 21.80,,202206,634.9375
116,本田e:NS1,374,东风本田,17.50 - 21.80,,202207,634.9375
98,本田e:NS1,637,东风本田,17.50 - 21.80,,202208,634.9375
126,本田e:NS1,344,东风本田,17.50 - 21.80,,202209,634.9375
65,本田e:NS1,1672,东风本田,17.50 - 21.80,,202210,634.9375
72,本田e:NS1,1730,东风本田,17.50 - 21.80,,202211,634.9375
87,本田e:NS1,1232,东风本田,17.50 - 21.80,,202212,634.9375
70,本田e:NS1,608,东风本田,17.50 - 21.80,,202301,634.9375
69,本田e:NS1,924,东风本田,17.50 - 21.80,,202302,634.9375
77,本田e:NS1,883,东风本田,17.50 - 21.80,,202303,634.9375
145,本田e:NS1,131,东风本田,17.50 - 21.80,,202304,634.9375
141,本田e:NS1,181,东风本田,17.50 - 21.80,,202305,634.9375
149,本田e:NS1,155,东风本田,17.50 - 21.80,,202306,634.9375
162,本田e:NS1,142,东风本田,17.50 - 21.80,,202307,634.9375
112,本田e:NS1,611,东风本田,17.50 - 21.80,,202308,634.9375
103,本田e:NS1,867,东风本田,17.50 - 21.80,,202309,634.9375
87,本田e:NS1,1378,东风本田,17.50 - 21.80,,202310,634.9375
95,本田e:NS1,1162,东风本田,17.50 - 21.80,,202311,634.9375
55,本田e:NS1,3520,东风本田,17.50 - 21.80,,202312,634.9375
100,本田e:NS1,943,东风本田,17.50 - 21.80,,202401,634.9375
131,本田e:NS1,318,东风本田,17.50 - 21.80,,202402,634.9375
138,本田e:NS1,498,东风本田,17.50 - 21.80,,202403,634.9375
184,本田e:NS1,186,东风本田,17.50 - 21.80,,202404,634.9375
221,本田e:NS1,92,东风本田,17.50 - 21.80,,202405,634.9375
229,本田e:NS1,102,东风本田,17.50 - 21.80,,202406,634.9375
254,本田e:NS1,22,东风本田,17.50 - 21.80,,202407,634.9375
265,本田e:NS1,11,东风本田,17.50 - 21.80,,202408,634.9375
259,本田e:NS1,51,东风本田,17.50 - 21.80,,202409,634.9375
281,本田e:NS1,10,东风本田,17.50 - 21.80,,202410,634.9375
224,本田e:NS1,187,东风本田,17.50 - 21.80,,202411,634.9375
63,长安UNI-K 智电iDD,1185,长安汽车,18.79 - 21.59,,202203,624.3548387
45,长安UNI-K 智电iDD,1215,长安汽车,18.79 - 21.59,,202204,624.3548387
53,长安UNI-K 智电iDD,1699,长安汽车,18.79 - 21.59,,202205,624.3548387
51,长安UNI-K 智电iDD,2237,长安汽车,18.79 - 21.59,,202206,624.3548387
50,长安UNI-K 智电iDD,2393,长安汽车,18.79 - 21.59,,202207,624.3548387
123,长安UNI-K 智电iDD,304,长安汽车,18.79 - 21.59,,202208,624.3548387
70,长安UNI-K 智电iDD,1526,长安汽车,18.79 - 21.59,,202209,624.3548387
85,长安UNI-K 智电iDD,772,长安汽车,18.79 - 21.59,,202210,624.3548387
109,长安UNI-K 智电iDD,547,长安汽车,18.79 - 21.59,,202212,624.3548387
57,长安UNI-K 智电iDD,1049,长安汽车,18.79 - 21.59,,202302,624.3548387
100,长安UNI-K 智电iDD,529,长安汽车,18.79 - 21.59,,202303,624.3548387
95,长安UNI-K 智电iDD,500,长安汽车,18.79 - 21.59,,202304,624.3548387
92,长安UNI-K 智电iDD,594,长安汽车,18.79 - 21.59,,202305,624.3548387
106,长安UNI-K 智电iDD,602,长安汽车,18.79 - 21.59,,202306,624.3548387
120,长安UNI-K 智电iDD,455,长安汽车,18.79 - 21.59,,202307,624.3548387
121,长安UNI-K 智电iDD,530,长安汽车,18.79 - 21.59,,202308,624.3548387
125,长安UNI-K 智电iDD,532,长安汽车,18.79 - 21.59,,202309,624.3548387
119,长安UNI-K 智电iDD,689,长安汽车,18.79 - 21.59,,202310,624.3548387
137,长安UNI-K 智电iDD,520,长安汽车,18.79 - 21.59,,202311,624.3548387
137,长安UNI-K 智电iDD,570,长安汽车,18.79 - 21.59,,202312,624.3548387
169,长安UNI-K 智电iDD,198,长安汽车,18.79 - 21.59,,202401,624.3548387
194,长安UNI-K 智电iDD,62,长安汽车,18.79 - 21.59,,202402,624.3548387
207,长安UNI-K 智电iDD,103,长安汽车,18.79 - 21.59,,202403,624.3548387
211,长安UNI-K 智电iDD,86,长安汽车,18.79 - 21.59,,202404,624.3548387
223,长安UNI-K 智电iDD,86,长安汽车,18.79 - 21.59,,202405,624.3548387
239,长安UNI-K 智电iDD,63,长安汽车,18.79 - 21.59,,202406,624.3548387
237,长安UNI-K 智电iDD,82,长安汽车,18.79 - 21.59,,202407,624.3548387
238,长安UNI-K 智电iDD,93,长安汽车,18.79 - 21.59,,202408,624.3548387
264,长安UNI-K 智电iDD,40,长安汽车,18.79 - 21.59,,202409,624.3548387
255,长安UNI-K 智电iDD,62,长安汽车,18.79 - 21.59,,202410,624.3548387
267,长安UNI-K 智电iDD,32,长安汽车,18.79 - 21.59,,202411,624.3548387
76,高合HiPhi Y,1556,华人运通,33.90 - 44.90,,202309,622.2857143
83,高合HiPhi Y,1606,华人运通,33.90 - 44.90,,202310,622.2857143
127,高合HiPhi Y,573,华人运通,33.90 - 44.90,,202311,622.2857143
153,高合HiPhi Y,439,华人运通,33.90 - 44.90,,202312,622.2857143
184,高合HiPhi Y,136,华人运通,33.90 - 44.90,,202401,622.2857143
213,高合HiPhi Y,20,华人运通,33.90 - 44.90,,202402,622.2857143
271,高合HiPhi Y,26,华人运通,33.90 - 44.90,,202409,622.2857143
48,ID.6 X,1083,上汽大众,25.99 - 33.89,,202110,618.5526316
49,ID.6 X,1451,上汽大众,25.99 - 33.89,,202111,618.5526316
58,ID.6 X,1391,上汽大众,25.99 - 33.89,,202112,618.5526316
59,ID.6 X,1088,上汽大众,25.99 - 33.89,,202201,618.5526316
109,ID.6 X,170,上汽大众,25.99 - 33.89,,202202,618.5526316
80,ID.6 X,677,上汽大众,25.99 - 33.89,,202203,618.5526316
97,ID.6 X,278,上汽大众,25.99 - 33.89,,202204,618.5526316
73,ID.6 X,840,上汽大众,25.99 - 33.89,,202205,618.5526316
67,ID.6 X,1535,上汽大众,25.99 - 33.89,,202206,618.5526316
59,ID.6 X,1892,上汽大众,25.99 - 33.89,,202207,618.5526316
68,ID.6 X,1587,上汽大众,25.99 - 33.89,,202208,618.5526316
106,ID.6 X,610,上汽大众,25.99 - 33.89,,202209,618.5526316
82,ID.6 X,902,上汽大众,25.99 - 33.89,,202210,618.5526316
86,ID.6 X,1040,上汽大众,25.99 - 33.89,,202211,618.5526316
95,ID.6 X,1003,上汽大众,25.99 - 33.89,,202212,618.5526316
105,ID.6 X,251,上汽大众,25.99 - 33.89,,202301,618.5526316
115,ID.6 X,258,上汽大众,25.99 - 33.89,,202302,618.5526316
119,ID.6 X,306,上汽大众,25.99 - 33.89,,202303,618.5526316
76,ID.6 X,876,上汽大众,25.99 - 33.89,,202304,618.5526316
68,ID.6 X,1121,上汽大众,25.99 - 33.89,,202305,618.5526316
116,ID.6 X,448,上汽大众,25.99 - 33.89,,202306,618.5526316
157,ID.6 X,159,上汽大众,25.99 - 33.89,,202307,618.5526316
136,ID.6 X,358,上汽大众,25.99 - 33.89,,202308,618.5526316
133,ID.6 X,439,上汽大众,25.99 - 33.89,,202309,618.5526316
122,ID.6 X,634,上汽大众,25.99 - 33.89,,202310,618.5526316
112,ID.6 X,813,上汽大众,25.99 - 33.89,,202311,618.5526316
135,ID.6 X,580,上汽大众,25.99 - 33.89,,202312,618.5526316
157,ID.6 X,272,上汽大众,25.99 - 33.89,,202401,618.5526316
181,ID.6 X,100,上汽大众,25.99 - 33.89,,202402,618.5526316
186,ID.6 X,170,上汽大众,25.99 - 33.89,,202403,618.5526316
172,ID.6 X,250,上汽大众,25.99 - 33.89,,202404,618.5526316
182,ID.6 X,260,上汽大众,25.99 - 33.89,,202405,618.5526316
203,ID.6 X,200,上汽大众,25.99 - 33.89,,202406,618.5526316
232,ID.6 X,101,上汽大众,25.99 - 33.89,,202407,618.5526316
212,ID.6 X,200,上汽大众,25.99 - 33.89,,202408,618.5526316
237,ID.6 X,113,上汽大众,25.99 - 33.89,,202409,618.5526316
261,ID.6 X,47,上汽大众,25.99 - 33.89,,202410,618.5526316
289,ID.6 X,2,上汽大众,25.99 - 33.89,,202411,618.5526316
3,荣威e550,335,上汽集团,0.00 - 0.00,,201411,607.627907
5,荣威e550,1120,上汽集团,0.00 - 0.00,,201412,607.627907
4,荣威e550,348,上汽集团,0.00 - 0.00,,201501,607.627907
4,荣威e550,269,上汽集团,0.00 - 0.00,,201502,607.627907
4,荣威e550,501,上汽集团,0.00 - 0.00,,201503,607.627907
4,荣威e550,601,上汽集团,0.00 - 0.00,,201504,607.627907
4,荣威e550,711,上汽集团,0.00 - 0.00,,201505,607.627907
4,荣威e550,689,上汽集团,0.00 - 0.00,,201506,607.627907
2,荣威e550,1129,上汽集团,0.00 - 0.00,,201507,607.627907
2,荣威e550,1628,上汽集团,0.00 - 0.00,,201508,607.627907
4,荣威e550,1459,上汽集团,0.00 - 0.00,,201509,607.627907
5,荣威e550,356,上汽集团,0.00 - 0.00,,201510,607.627907
4,荣威e550,1207,上汽集团,0.00 - 0.00,,201511,607.627907
6,荣威e550,1611,上汽集团,0.00 - 0.00,,201512,607.627907
8,荣威e550,159,上汽集团,0.00 - 0.00,,201601,607.627907
7,荣威e550,40,上汽集团,0.00 - 0.00,,201602,607.627907
4,荣威e550,508,上汽集团,0.00 - 0.00,,201603,607.627907
2,荣威e550,2110,上汽集团,0.00 - 0.00,,201604,607.627907
2,荣威e550,2198,上汽集团,0.00 - 0.00,,201605,607.627907
2,荣威e550,2329,上汽集团,0.00 - 0.00,,201606,607.627907
3,荣威e550,2065,上汽集团,0.00 - 0.00,,201607,607.627907
13,荣威e550,150,上汽集团,0.00 - 0.00,,201608,607.627907
14,荣威e550,77,上汽集团,0.00 - 0.00,,201609,607.627907
9,荣威e550,527,上汽集团,0.00 - 0.00,,201610,607.627907
9,荣威e550,925,上汽集团,0.00 - 0.00,,201611,607.627907
13,荣威e550,620,上汽集团,0.00 - 0.00,,201612,607.627907
1,荣威e550,956,上汽集团,0.00 - 0.00,,201701,607.627907
3,荣威e550,1122,上汽集团,0.00 - 0.00,,201702,607.627907
8,荣威e550,260,上汽集团,0.00 - 0.00,,201703,607.627907
15,荣威e550,111,上汽集团,0.00 - 0.00,,201704,607.627907
21,荣威e550,1,上汽集团,0.00 - 0.00,,201706,607.627907
28,荣威e550,2,上汽集团,0.00 - 0.00,,201711,607.627907
28,荣威e550,3,上汽集团,0.00 - 0.00,,201712,607.627907
28,荣威e550,1,上汽集团,0.00 - 0.00,,201801,607.627907
101,荣威e550,0,上汽集团,0.00 - 0.00,,201912,607.627907
124,荣威e550,0,上汽集团,0.00 - 0.00,,202001,607.627907
121,荣威e550,0,上汽集团,0.00 - 0.00,,202002,607.627907
138,荣威e550,0,上汽集团,0.00 - 0.00,,202003,607.627907
102,荣威e550,0,上汽集团,0.00 - 0.00,,202004,607.627907
135,荣威e550,0,上汽集团,0.00 - 0.00,,202005,607.627907
112,荣威e550,0,上汽集团,0.00 - 0.00,,202006,607.627907
143,荣威e550,0,上汽集团,0.00 - 0.00,,202007,607.627907
125,荣威e550,0,上汽集团,0.00 - 0.00,,202008,607.627907
165,远航Y6,282,远航汽车,19.98 - 33.98,,202404,607.1428571
132,远航Y6,690,远航汽车,19.98 - 33.98,,202405,607.1428571
158,远航Y6,511,远航汽车,19.98 - 33.98,,202406,607.1428571
128,远航Y6,850,远航汽车,19.98 - 33.98,,202407,607.1428571
160,远航Y6,608,远航汽车,19.98 - 33.98,,202408,607.1428571
175,远航Y6,571,远航汽车,19.98 - 33.98,,202409,607.1428571
165,远航Y6,738,远航汽车,19.98 - 33.98,,202410,607.1428571
22,途观L新能源,1513,上汽大众,26.11 - 27.21,,201811,606.6575342
31,途观L新能源,1184,上汽大众,26.11 - 27.21,,201812,606.6575342
23,途观L新能源,769,上汽大众,26.11 - 27.21,,201901,606.6575342
18,途观L新能源,849,上汽大众,26.11 - 27.21,,201902,606.6575342
19,途观L新能源,1574,上汽大众,26.11 - 27.21,,201903,606.6575342
17,途观L新能源,1455,上汽大众,26.11 - 27.21,,201904,606.6575342
22,途观L新能源,1259,上汽大众,26.11 - 27.21,,201905,606.6575342
22,途观L新能源,1503,上汽大众,26.11 - 27.21,,201906,606.6575342
19,途观L新能源,730,上汽大众,26.11 - 27.21,,201907,606.6575342
25,途观L新能源,587,上汽大众,26.11 - 27.21,,201908,606.6575342
21,途观L新能源,649,上汽大众,26.11 - 27.21,,201909,606.6575342
19,途观L新能源,695,上汽大众,26.11 - 27.21,,201910,606.6575342
27,途观L新能源,554,上汽大众,26.11 - 27.21,,201911,606.6575342
38,途观L新能源,543,上汽大众,26.11 - 27.21,,201912,606.6575342
31,途观L新能源,234,上汽大众,26.11 - 27.21,,202001,606.6575342
43,途观L新能源,5,上汽大众,26.11 - 27.21,,202002,606.6575342
53,途观L新能源,29,上汽大众,26.11 - 27.21,,202003,606.6575342
17,途观L新能源,1035,上汽大众,26.11 - 27.21,,202004,606.6575342
16,途观L新能源,1004,上汽大众,26.11 - 27.21,,202005,606.6575342
17,途观L新能源,1446,上汽大众,26.11 - 27.21,,202006,606.6575342
22,途观L新能源,983,上汽大众,26.11 - 27.21,,202007,606.6575342
27,途观L新能源,877,上汽大众,26.11 - 27.21,,202008,606.6575342
24,途观L新能源,1112,上汽大众,26.11 - 27.21,,202009,606.6575342
31,途观L新能源,969,上汽大众,26.11 - 27.21,,202010,606.6575342
27,途观L新能源,1531,上汽大众,26.11 - 27.21,,202011,606.6575342
14,途观L新能源,2645,上汽大众,26.11 - 27.21,,202012,606.6575342
41,途观L新能源,530,上汽大众,26.11 - 27.21,,202101,606.6575342
52,途观L新能源,153,上汽大众,26.11 - 27.21,,202102,606.6575342
41,途观L新能源,780,上汽大众,26.11 - 27.21,,202103,606.6575342
37,途观L新能源,786,上汽大众,26.11 - 27.21,,202104,606.6575342
42,途观L新能源,625,上汽大众,26.11 - 27.21,,202105,606.6575342
106,途观L新能源,21,上汽大众,26.11 - 27.21,,202106,606.6575342
118,途观L新能源,1,上汽大众,26.11 - 27.21,,202107,606.6575342
73,途观L新能源,296,上汽大众,26.11 - 27.21,,202108,606.6575342
51,途观L新能源,778,上汽大众,26.11 - 27.21,,202109,606.6575342
61,途观L新能源,507,上汽大众,26.11 - 27.21,,202110,606.6575342
45,途观L新能源,1676,上汽大众,26.11 - 27.21,,202111,606.6575342
110,途观L新能源,111,上汽大众,26.11 - 27.21,,202112,606.6575342
71,途观L新能源,734,上汽大众,26.11 - 27.21,,202201,606.6575342
65,途观L新能源,749,上汽大众,26.11 - 27.21,,202202,606.6575342
91,途观L新能源,494,上汽大众,26.11 - 27.21,,202203,606.6575342
116,途观L新能源,124,上汽大众,26.11 - 27.21,,202204,606.6575342
144,途观L新能源,46,上汽大众,26.11 - 27.21,,202205,606.6575342
84,途观L新能源,1026,上汽大众,26.11 - 27.21,,202206,606.6575342
99,途观L新能源,608,上汽大众,26.11 - 27.21,,202207,606.6575342
73,途观L新能源,1384,上汽大众,26.11 - 27.21,,202208,606.6575342
136,途观L新能源,233,上汽大众,26.11 - 27.21,,202209,606.6575342
116,途观L新能源,345,上汽大众,26.11 - 27.21,,202210,606.6575342
138,途观L新能源,133,上汽大众,26.11 - 27.21,,202211,606.6575342
151,途观L新能源,91,上汽大众,26.11 - 27.21,,202212,606.6575342
108,途观L新能源,229,上汽大众,26.11 - 27.21,,202301,606.6575342
99,途观L新能源,423,上汽大众,26.11 - 27.21,,202302,606.6575342
95,途观L新能源,587,上汽大众,26.11 - 27.21,,202303,606.6575342
103,途观L新能源,439,上汽大众,26.11 - 27.21,,202304,606.6575342
106,途观L新能源,437,上汽大众,26.11 - 27.21,,202305,606.6575342
114,途观L新能源,461,上汽大众,26.11 - 27.21,,202306,606.6575342
139,途观L新能源,279,上汽大众,26.11 - 27.21,,202307,606.6575342
152,途观L新能源,273,上汽大众,26.11 - 27.21,,202308,606.6575342
117,途观L新能源,640,上汽大众,26.11 - 27.21,,202309,606.6575342
155,途观L新能源,244,上汽大众,26.11 - 27.21,,202310,606.6575342
145,途观L新能源,393,上汽大众,26.11 - 27.21,,202311,606.6575342
149,途观L新能源,459,上汽大众,26.11 - 27.21,,202312,606.6575342
147,途观L新能源,376,上汽大众,26.11 - 27.21,,202401,606.6575342
169,途观L新能源,120,上汽大众,26.11 - 27.21,,202402,606.6575342
183,途观L新能源,180,上汽大众,26.11 - 27.21,,202403,606.6575342
198,途观L新能源,110,上汽大众,26.11 - 27.21,,202404,606.6575342
187,途观L新能源,242,上汽大众,26.11 - 27.21,,202405,606.6575342
226,途观L新能源,113,上汽大众,26.11 - 27.21,,202406,606.6575342
233,途观L新能源,100,上汽大众,26.11 - 27.21,,202407,606.6575342
251,途观L新能源,55,上汽大众,26.11 - 27.21,,202408,606.6575342
250,途观L新能源,79,上汽大众,26.11 - 27.21,,202409,606.6575342
250,途观L新能源,69,上汽大众,26.11 - 27.21,,202410,606.6575342
279,途观L新能源,13,上汽大众,26.11 - 27.21,,202411,606.6575342
114,哈弗H6新能源,467,长城汽车,15.98 - 17.38,,202209,601.5454545
40,哈弗H6新能源,3031,长城汽车,15.98 - 17.38,,202210,601.5454545
30,哈弗H6新能源,4036,长城汽车,15.98 - 17.38,,202211,601.5454545
58,哈弗H6新能源,2814,长城汽车,15.98 - 17.38,,202212,601.5454545
36,哈弗H6新能源,1596,长城汽车,15.98 - 17.38,,202301,601.5454545
73,哈弗H6新能源,790,长城汽车,15.98 - 17.38,,202302,601.5454545
139,哈弗H6新能源,135,长城汽车,15.98 - 17.38,,202303,601.5454545
159,哈弗H6新能源,85,长城汽车,15.98 - 17.38,,202304,601.5454545
160,哈弗H6新能源,56,长城汽车,15.98 - 17.38,,202305,601.5454545
174,哈弗H6新能源,42,长城汽车,15.98 - 17.38,,202306,601.5454545
177,哈弗H6新能源,50,长城汽车,15.98 - 17.38,,202307,601.5454545
182,哈弗H6新能源,50,长城汽车,15.98 - 17.38,,202308,601.5454545
202,哈弗H6新能源,18,长城汽车,15.98 - 17.38,,202309,601.5454545
202,哈弗H6新能源,11,长城汽车,15.98 - 17.38,,202310,601.5454545
214,哈弗H6新能源,10,长城汽车,15.98 - 17.38,,202311,601.5454545
222,哈弗H6新能源,5,长城汽车,15.98 - 17.38,,202312,601.5454545
241,哈弗H6新能源,2,长城汽车,15.98 - 17.38,,202403,601.5454545
262,哈弗H6新能源,2,长城汽车,15.98 - 17.38,,202405,601.5454545
262,哈弗H6新能源,4,长城汽车,15.98 - 17.38,,202406,601.5454545
268,哈弗H6新能源,5,长城汽车,15.98 - 17.38,,202407,601.5454545
263,哈弗H6新能源,15,长城汽车,15.98 - 17.38,,202408,601.5454545
280,哈弗H6新能源,10,长城汽车,15.98 - 17.38,,202409,601.5454545
131,大众ID.7 VIZZION,549,一汽-大众,22.78 - 26.28,,202311,590.6153846
177,大众ID.7 VIZZION,217,一汽-大众,22.78 - 26.28,,202312,590.6153846
62,大众ID.7 VIZZION,2269,一汽-大众,22.78 - 26.28,,202401,590.6153846
103,大众ID.7 VIZZION,523,一汽-大众,22.78 - 26.28,,202402,590.6153846
122,大众ID.7 VIZZION,660,一汽-大众,22.78 - 26.28,,202403,590.6153846
154,大众ID.7 VIZZION,383,一汽-大众,22.78 - 26.28,,202404,590.6153846
170,大众ID.7 VIZZION,342,一汽-大众,22.78 - 26.28,,202405,590.6153846
185,大众ID.7 VIZZION,299,一汽-大众,22.78 - 26.28,,202406,590.6153846
134,大众ID.7 VIZZION,810,一汽-大众,22.78 - 26.28,,202407,590.6153846
129,大众ID.7 VIZZION,910,一汽-大众,22.78 - 26.28,,202408,590.6153846
232,大众ID.7 VIZZION,137,一汽-大众,22.78 - 26.28,,202409,590.6153846
192,大众ID.7 VIZZION,390,一汽-大众,22.78 - 26.28,,202410,590.6153846
223,大众ID.7 VIZZION,189,一汽-大众,22.78 - 26.28,,202411,590.6153846
6,全球鹰K11,1002,康迪电动汽车集团,15.28 - 18.18,,201608,589
19,全球鹰K11,50,康迪电动汽车集团,15.28 - 18.18,,201705,589
14,全球鹰K11,1304,康迪电动汽车集团,15.28 - 18.18,,201710,589
31,全球鹰K11,0,康迪电动汽车集团,15.28 - 18.18,,201712,589
175,MG ES5,589,上汽集团,11.69 - 14.69,,202411,589
71,奔驰EQE,1440,北京奔驰,47.80 - 62.70,,202208,585.7777778
82,奔驰EQE,1226,北京奔驰,47.80 - 62.70,,202209,585.7777778
90,奔驰EQE,678,北京奔驰,47.80 - 62.70,,202210,585.7777778
153,奔驰EQE,72,北京奔驰,47.80 - 62.70,,202211,585.7777778
115,奔驰EQE,443,北京奔驰,47.80 - 62.70,,202212,585.7777778
99,奔驰EQE,289,北京奔驰,47.80 - 62.70,,202301,585.7777778
100,奔驰EQE,421,北京奔驰,47.80 - 62.70,,202302,585.7777778
85,奔驰EQE,730,北京奔驰,47.80 - 62.70,,202303,585.7777778
85,奔驰EQE,700,北京奔驰,47.80 - 62.70,,202304,585.7777778
66,奔驰EQE,1254,北京奔驰,47.80 - 62.70,,202305,585.7777778
105,奔驰EQE,613,北京奔驰,47.80 - 62.70,,202306,585.7777778
107,奔驰EQE,591,北京奔驰,47.80 - 62.70,,202307,585.7777778
93,奔驰EQE,941,北京奔驰,47.80 - 62.70,,202308,585.7777778
105,奔驰EQE,842,北京奔驰,47.80 - 62.70,,202309,585.7777778
111,奔驰EQE,823,北京奔驰,47.80 - 62.70,,202310,585.7777778
94,奔驰EQE,1207,北京奔驰,47.80 - 62.70,,202311,585.7777778
131,奔驰EQE,712,北京奔驰,47.80 - 62.70,,202312,585.7777778
110,奔驰EQE,715,北京奔驰,47.80 - 62.70,,202401,585.7777778
122,奔驰EQE,364,北京奔驰,47.80 - 62.70,,202402,585.7777778
151,奔驰EQE,411,北京奔驰,47.80 - 62.70,,202403,585.7777778
108,奔驰EQE,868,北京奔驰,47.80 - 62.70,,202404,585.7777778
203,奔驰EQE,166,北京奔驰,47.80 - 62.70,,202405,585.7777778
253,奔驰EQE,13,北京奔驰,47.80 - 62.70,,202406,585.7777778
267,奔驰EQE,7,北京奔驰,47.80 - 62.70,,202407,585.7777778
270,奔驰EQE,2,北京奔驰,47.80 - 62.70,,202408,585.7777778
284,奔驰EQE,3,北京奔驰,47.80 - 62.70,,202409,585.7777778
206,奔驰EQE,285,北京奔驰,47.80 - 62.70,,202411,585.7777778
154,昊铂GT,108,昊铂,20.39 - 33.99,,202306,582.4444444
62,昊铂GT,2003,昊铂,20.39 - 33.99,,202307,582.4444444
104,昊铂GT,710,昊铂,20.39 - 33.99,,202308,582.4444444
114,昊铂GT,706,昊铂,20.39 - 33.99,,202309,582.4444444
125,昊铂GT,506,昊铂,20.39 - 33.99,,202310,582.4444444
195,昊铂GT,100,昊铂,20.39 - 33.99,,202311,582.4444444
154,昊铂GT,435,昊铂,20.39 - 33.99,,202312,582.4444444
153,昊铂GT,315,昊铂,20.39 - 33.99,,202401,582.4444444
149,昊铂GT,232,昊铂,20.39 - 33.99,,202402,582.4444444
99,昊铂GT,1025,昊铂,20.39 - 33.99,,202403,582.4444444
130,昊铂GT,584,昊铂,20.39 - 33.99,,202404,582.4444444
151,昊铂GT,522,昊铂,20.39 - 33.99,,202405,582.4444444
169,昊铂GT,399,昊铂,20.39 - 33.99,,202406,582.4444444
179,昊铂GT,336,昊铂,20.39 - 33.99,,202407,582.4444444
187,昊铂GT,345,昊铂,20.39 - 33.99,,202408,582.4444444
198,昊铂GT,346,昊铂,20.39 - 33.99,,202409,582.4444444
152,昊铂GT,852,昊铂,20.39 - 33.99,,202410,582.4444444
149,昊铂GT,960,昊铂,20.39 - 33.99,,202411,582.4444444
13,宝骏E300,1568,上汽通用五菱,0.00 - 0.00,,202006,578.8421053
19,宝骏E300,1220,上汽通用五菱,0.00 - 0.00,,202007,578.8421053
25,宝骏E300,908,上汽通用五菱,0.00 - 0.00,,202008,578.8421053
23,宝骏E300,1203,上汽通用五菱,0.00 - 0.00,,202009,578.8421053
32,宝骏E300,967,上汽通用五菱,0.00 - 0.00,,202010,578.8421053
30,宝骏E300,1080,上汽通用五菱,0.00 - 0.00,,202011,578.8421053
19,宝骏E300,2355,上汽通用五菱,0.00 - 0.00,,202012,578.8421053
32,宝骏E300,676,上汽通用五菱,0.00 - 0.00,,202101,578.8421053
49,宝骏E300,172,上汽通用五菱,0.00 - 0.00,,202102,578.8421053
60,宝骏E300,306,上汽通用五菱,0.00 - 0.00,,202103,578.8421053
52,宝骏E300,422,上汽通用五菱,0.00 - 0.00,,202104,578.8421053
82,宝骏E300,91,上汽通用五菱,0.00 - 0.00,,202105,578.8421053
105,宝骏E300,30,上汽通用五菱,0.00 - 0.00,,202106,578.8421053
156,宝骏E300,0,上汽通用五菱,0.00 - 0.00,,202107,578.8421053
121,宝骏E300,0,上汽通用五菱,0.00 - 0.00,,202108,578.8421053
162,宝骏E300,0,上汽通用五菱,0.00 - 0.00,,202108,578.8421053
164,宝骏E300,0,上汽通用五菱,0.00 - 0.00,,202109,578.8421053
146,宝骏E300,0,上汽通用五菱,0.00 - 0.00,,202110,578.8421053
172,宝骏E300,0,上汽通用五菱,0.00 - 0.00,,202110,578.8421053
188,宝骏E300,0,上汽通用五菱,0.00 - 0.00,,202111,578.8421053
187,宝骏E300,0,上汽通用五菱,0.00 - 0.00,,202112,578.8421053
250,凯翼昆仑新能源,10,凯翼汽车,10.99 - 17.99,,202405,574.4285714
209,凯翼昆仑新能源,183,凯翼汽车,10.99 - 17.99,,202406,574.4285714
172,凯翼昆仑新能源,436,凯翼汽车,10.99 - 17.99,,202407,574.4285714
166,凯翼昆仑新能源,551,凯翼汽车,10.99 - 17.99,,202408,574.4285714
148,凯翼昆仑新能源,874,凯翼汽车,10.99 - 17.99,,202409,574.4285714
146,凯翼昆仑新能源,940,凯翼汽车,10.99 - 17.99,,202410,574.4285714
145,凯翼昆仑新能源,1027,凯翼汽车,10.99 - 17.99,,202411,574.4285714
87,探岳GTE,0,一汽-大众,0.00 - 0.00,,202003,572.4545455
122,探岳GTE,0,一汽-大众,0.00 - 0.00,,202003,572.4545455
16,探岳GTE,1062,一汽-大众,0.00 - 0.00,,202004,572.4545455
18,探岳GTE,965,一汽-大众,0.00 - 0.00,,202005,572.4545455
24,探岳GTE,1036,一汽-大众,0.00 - 0.00,,202006,572.4545455
120,探岳GTE,0,一汽-大众,0.00 - 0.00,,202007,572.4545455
160,探岳GTE,0,一汽-大众,0.00 - 0.00,,202007,572.4545455
29,探岳GTE,852,一汽-大众,0.00 - 0.00,,202008,572.4545455
26,探岳GTE,959,一汽-大众,0.00 - 0.00,,202009,572.4545455
30,探岳GTE,982,一汽-大众,0.00 - 0.00,,202010,572.4545455
37,探岳GTE,869,一汽-大众,0.00 - 0.00,,202011,572.4545455
39,探岳GTE,858,一汽-大众,0.00 - 0.00,,202012,572.4545455
29,探岳GTE,732,一汽-大众,0.00 - 0.00,,202101,572.4545455
34,探岳GTE,357,一汽-大众,0.00 - 0.00,,202102,572.4545455
27,探岳GTE,1422,一汽-大众,0.00 - 0.00,,202103,572.4545455
26,探岳GTE,1435,一汽-大众,0.00 - 0.00,,202104,572.4545455
44,探岳GTE,597,一汽-大众,0.00 - 0.00,,202105,572.4545455
52,探岳GTE,468,一汽-大众,0.00 - 0.00,,202106,572.4545455
158,探岳GTE,0,一汽-大众,0.00 - 0.00,,202107,572.4545455
125,探岳GTE,0,一汽-大众,0.00 - 0.00,,202108,572.4545455
167,探岳GTE,0,一汽-大众,0.00 - 0.00,,202108,572.4545455
167,探岳GTE,0,一汽-大众,0.00 - 0.00,,202109,572.4545455
150,探岳GTE,0,一汽-大众,0.00 - 0.00,,202110,572.4545455
176,探岳GTE,0,一汽-大众,0.00 - 0.00,,202110,572.4545455
190,探岳GTE,0,一汽-大众,0.00 - 0.00,,202111,572.4545455
189,探岳GTE,0,一汽-大众,0.00 - 0.00,,202112,572.4545455
55,艾瑞泽e,2433,奇瑞新能源,15.24 - 15.78,,202209,559.7777778
145,艾瑞泽e,56,奇瑞新能源,15.24 - 15.78,,202210,559.7777778
75,艾瑞泽e,1604,奇瑞新能源,15.24 - 15.78,,202211,559.7777778
90,艾瑞泽e,1156,奇瑞新能源,15.24 - 15.78,,202212,559.7777778
93,艾瑞泽e,337,奇瑞新能源,15.24 - 15.78,,202301,559.7777778
125,艾瑞泽e,192,奇瑞新能源,15.24 - 15.78,,202302,559.7777778
138,艾瑞泽e,138,奇瑞新能源,15.24 - 15.78,,202303,559.7777778
65,艾瑞泽e,1176,奇瑞新能源,15.24 - 15.78,,202304,559.7777778
101,艾瑞泽e,462,奇瑞新能源,15.24 - 15.78,,202305,559.7777778
83,艾瑞泽e,1125,奇瑞新能源,15.24 - 15.78,,202306,559.7777778
197,艾瑞泽e,7,奇瑞新能源,15.24 - 15.78,,202307,559.7777778
127,艾瑞泽e,481,奇瑞新能源,15.24 - 15.78,,202308,559.7777778
94,艾瑞泽e,1035,奇瑞新能源,15.24 - 15.78,,202309,559.7777778
148,艾瑞泽e,313,奇瑞新能源,15.24 - 15.78,,202310,559.7777778
125,艾瑞泽e,592,奇瑞新能源,15.24 - 15.78,,202311,559.7777778
143,艾瑞泽e,534,奇瑞新能源,15.24 - 15.78,,202312,559.7777778
119,艾瑞泽e,614,奇瑞新能源,15.24 - 15.78,,202401,559.7777778
212,艾瑞泽e,21,奇瑞新能源,15.24 - 15.78,,202402,559.7777778
126,艾瑞泽e,584,奇瑞新能源,15.24 - 15.78,,202403,559.7777778
164,艾瑞泽e,294,奇瑞新能源,15.24 - 15.78,,202404,559.7777778
198,艾瑞泽e,191,奇瑞新能源,15.24 - 15.78,,202405,559.7777778
192,艾瑞泽e,250,奇瑞新能源,15.24 - 15.78,,202406,559.7777778
180,艾瑞泽e,330,奇瑞新能源,15.24 - 15.78,,202407,559.7777778
184,艾瑞泽e,370,奇瑞新能源,15.24 - 15.78,,202408,559.7777778
210,艾瑞泽e,228,奇瑞新能源,15.24 - 15.78,,202409,559.7777778
232,艾瑞泽e,133,奇瑞新能源,15.24 - 15.78,,202410,559.7777778
184,艾瑞泽e,458,奇瑞新能源,15.24 - 15.78,,202411,559.7777778
131,一汽丰田bZ4X,197,一汽丰田,19.98 - 28.48,,202210,558.9444444
70,一汽丰田bZ4X,1735,一汽丰田,19.98 - 28.48,,202211,558.9444444
97,一汽丰田bZ4X,949,一汽丰田,19.98 - 28.48,,202212,558.9444444
100,一汽丰田bZ4X,287,一汽丰田,19.98 - 28.48,,202301,558.9444444
58,一汽丰田bZ4X,1049,一汽丰田,19.98 - 28.48,,202302,558.9444444
49,一汽丰田bZ4X,1729,一汽丰田,19.98 - 28.48,,202303,558.9444444
62,一汽丰田bZ4X,1205,一汽丰田,19.98 - 28.48,,202304,558.9444444
88,一汽丰田bZ4X,669,一汽丰田,19.98 - 28.48,,202305,558.9444444
155,一汽丰田bZ4X,102,一汽丰田,19.98 - 28.48,,202306,558.9444444
93,一汽丰田bZ4X,878,一汽丰田,19.98 - 28.48,,202307,558.9444444
102,一汽丰田bZ4X,741,一汽丰田,19.98 - 28.48,,202308,558.9444444
172,一汽丰田bZ4X,123,一汽丰田,19.98 - 28.48,,202309,558.9444444
143,一汽丰田bZ4X,362,一汽丰田,19.98 - 28.48,,202310,558.9444444
211,一汽丰田bZ4X,11,一汽丰田,19.98 - 28.48,,202311,558.9444444
216,一汽丰田bZ4X,11,一汽丰田,19.98 - 28.48,,202312,558.9444444
219,一汽丰田bZ4X,9,一汽丰田,19.98 - 28.48,,202401,558.9444444
240,一汽丰田bZ4X,2,一汽丰田,19.98 - 28.48,,202403,558.9444444
261,一汽丰田bZ4X,2,一汽丰田,19.98 - 28.48,,202405,558.9444444
231,荣威D5X DMH,1,上汽集团,11.98 - 14.68,,202402,534.125
204,荣威D5X DMH,97,上汽集团,11.98 - 14.68,,202404,534.125
131,荣威D5X DMH,747,上汽集团,11.98 - 14.68,,202406,534.125
132,荣威D5X DMH,821,上汽集团,11.98 - 14.68,,202407,534.125
156,荣威D5X DMH,632,上汽集团,11.98 - 14.68,,202408,534.125
169,荣威D5X DMH,607,上汽集团,11.98 - 14.68,,202409,534.125
159,荣威D5X DMH,768,上汽集团,11.98 - 14.68,,202410,534.125
174,荣威D5X DMH,600,上汽集团,11.98 - 14.68,,202411,534.125
146,飞凡R7,145,上汽集团,18.99 - 38.99,,202209,529.3333333
113,飞凡R7,364,上汽集团,18.99 - 38.99,,202210,529.3333333
74,飞凡R7,1627,上汽集团,18.99 - 38.99,,202211,529.3333333
83,飞凡R7,1365,上汽集团,18.99 - 38.99,,202212,529.3333333
79,飞凡R7,502,上汽集团,18.99 - 38.99,,202301,529.3333333
123,飞凡R7,200,上汽集团,18.99 - 38.99,,202302,529.3333333
102,飞凡R7,501,上汽集团,18.99 - 38.99,,202303,529.3333333
154,飞凡R7,100,上汽集团,18.99 - 38.99,,202304,529.3333333
164,飞凡R7,47,上汽集团,18.99 - 38.99,,202305,529.3333333
147,飞凡R7,168,上汽集团,18.99 - 38.99,,202306,529.3333333
108,飞凡R7,578,上汽集团,18.99 - 38.99,,202307,529.3333333
133,飞凡R7,400,上汽集团,18.99 - 38.99,,202308,529.3333333
178,飞凡R7,106,上汽集团,18.99 - 38.99,,202309,529.3333333
184,飞凡R7,106,上汽集团,18.99 - 38.99,,202310,529.3333333
96,飞凡R7,1113,上汽集团,18.99 - 38.99,,202311,529.3333333
62,飞凡R7,3099,上汽集团,18.99 - 38.99,,202312,529.3333333
68,飞凡R7,1803,上汽集团,18.99 - 38.99,,202401,529.3333333
124,飞凡R7,361,上汽集团,18.99 - 38.99,,202402,529.3333333
193,飞凡R7,153,上汽集团,18.99 - 38.99,,202403,529.3333333
220,飞凡R7,68,上汽集团,18.99 - 38.99,,202404,529.3333333
228,飞凡R7,68,上汽集团,18.99 - 38.99,,202405,529.3333333
157,飞凡R7,513,上汽集团,18.99 - 38.99,,202406,529.3333333
199,飞凡R7,222,上汽集团,18.99 - 38.99,,202407,529.3333333
200,飞凡R7,293,上汽集团,18.99 - 38.99,,202408,529.3333333
229,飞凡R7,152,上汽集团,18.99 - 38.99,,202409,529.3333333
242,飞凡R7,89,上汽集团,18.99 - 38.99,,202410,529.3333333
236,飞凡R7,149,上汽集团,18.99 - 38.99,,202411,529.3333333
222,宝马i5,5,华晨宝马,43.99 - 46.59,,202401,525.8181818
216,宝马i5,16,华晨宝马,43.99 - 46.59,,202402,525.8181818
211,宝马i5,90,华晨宝马,43.99 - 46.59,,202403,525.8181818
157,宝马i5,370,华晨宝马,43.99 - 46.59,,202404,525.8181818
129,宝马i5,726,华晨宝马,43.99 - 46.59,,202405,525.8181818
120,宝马i5,986,华晨宝马,43.99 - 46.59,,202406,525.8181818
123,宝马i5,938,华晨宝马,43.99 - 46.59,,202407,525.8181818
152,宝马i5,668,华晨宝马,43.99 - 46.59,,202408,525.8181818
158,宝马i5,691,华晨宝马,43.99 - 46.59,,202409,525.8181818
173,宝马i5,680,华晨宝马,43.99 - 46.59,,202410,525.8181818
172,宝马i5,614,华晨宝马,43.99 - 46.59,,202411,525.8181818
89,广汽丰田bZ4X,1014,广汽丰田,19.98 - 28.78,,202211,510.6190476
50,广汽丰田bZ4X,3394,广汽丰田,19.98 - 28.78,,202212,510.6190476
65,广汽丰田bZ4X,767,广汽丰田,19.98 - 28.78,,202301,510.6190476
94,广汽丰田bZ4X,500,广汽丰田,19.98 - 28.78,,202302,510.6190476
105,广汽丰田bZ4X,462,广汽丰田,19.98 - 28.78,,202303,510.6190476
92,广汽丰田bZ4X,572,广汽丰田,19.98 - 28.78,,202304,510.6190476
83,广汽丰田bZ4X,812,广汽丰田,19.98 - 28.78,,202305,510.6190476
88,广汽丰田bZ4X,1019,广汽丰田,19.98 - 28.78,,202306,510.6190476
82,广汽丰田bZ4X,1191,广汽丰田,19.98 - 28.78,,202307,510.6190476
181,广汽丰田bZ4X,57,广汽丰田,19.98 - 28.78,,202308,510.6190476
163,广汽丰田bZ4X,215,广汽丰田,19.98 - 28.78,,202309,510.6190476
167,广汽丰田bZ4X,174,广汽丰田,19.98 - 28.78,,202310,510.6190476
147,广汽丰田bZ4X,383,广汽丰田,19.98 - 28.78,,202311,510.6190476
205,广汽丰田bZ4X,49,广汽丰田,19.98 - 28.78,,202312,510.6190476
196,广汽丰田bZ4X,84,广汽丰田,19.98 - 28.78,,202401,510.6190476
228,广汽丰田bZ4X,4,广汽丰田,19.98 - 28.78,,202402,510.6190476
238,广汽丰田bZ4X,7,广汽丰田,19.98 - 28.78,,202403,510.6190476
237,广汽丰田bZ4X,13,广汽丰田,19.98 - 28.78,,202404,510.6190476
255,广汽丰田bZ4X,4,广汽丰田,19.98 - 28.78,,202405,510.6190476
267,广汽丰田bZ4X,1,广汽丰田,19.98 - 28.78,,202406,510.6190476
275,广汽丰田bZ4X,1,广汽丰田,19.98 - 28.78,,202408,510.6190476
27,领克01新能源,399,领克,19.97 - 22.78,,201808,507.1111111
37,领克01新能源,228,领克,19.97 - 22.78,,201809,507.1111111
23,领克01新能源,989,领克,19.97 - 22.78,,201810,507.1111111
23,领克01新能源,1411,领克,19.97 - 22.78,,201811,507.1111111
26,领克01新能源,1503,领克,19.97 - 22.78,,201812,507.1111111
24,领克01新能源,741,领克,19.97 - 22.78,,201901,507.1111111
24,领克01新能源,432,领克,19.97 - 22.78,,201902,507.1111111
27,领克01新能源,675,领克,19.97 - 22.78,,201903,507.1111111
39,领克01新能源,293,领克,19.97 - 22.78,,201904,507.1111111
34,领克01新能源,462,领克,19.97 - 22.78,,201906,507.1111111
77,领克01新能源,0,领克,19.97 - 22.78,,201907,507.1111111
68,领克01新能源,0,领克,19.97 - 22.78,,201908,507.1111111
86,领克01新能源,0,领克,19.97 - 22.78,,201909,507.1111111
38,领克01新能源,184,领克,19.97 - 22.78,,201910,507.1111111
38,领克01新能源,273,领克,19.97 - 22.78,,201911,507.1111111
53,领克01新能源,231,领克,19.97 - 22.78,,201912,507.1111111
50,领克01新能源,78,领克,19.97 - 22.78,,202001,507.1111111
35,领克01新能源,17,领克,19.97 - 22.78,,202002,507.1111111
79,领克01新能源,5,领克,19.97 - 22.78,,202003,507.1111111
74,领克01新能源,16,领克,19.97 - 22.78,,202004,507.1111111
63,领克01新能源,100,领克,19.97 - 22.78,,202005,507.1111111
55,领克01新能源,152,领克,19.97 - 22.78,,202006,507.1111111
70,领克01新能源,100,领克,19.97 - 22.78,,202007,507.1111111
77,领克01新能源,74,领克,19.97 - 22.78,,202008,507.1111111
74,领克01新能源,74,领克,19.97 - 22.78,,202009,507.1111111
85,领克01新能源,71,领克,19.97 - 22.78,,202010,507.1111111
108,领克01新能源,8,领克,19.97 - 22.78,,202011,507.1111111
97,领克01新能源,62,领克,19.97 - 22.78,,202012,507.1111111
57,领克01新能源,299,领克,19.97 - 22.78,,202101,507.1111111
57,领克01新能源,102,领克,19.97 - 22.78,,202102,507.1111111
59,领克01新能源,307,领克,19.97 - 22.78,,202103,507.1111111
86,领克01新能源,62,领克,19.97 - 22.78,,202104,507.1111111
63,领克01新能源,315,领克,19.97 - 22.78,,202105,507.1111111
68,领克01新能源,266,领克,19.97 - 22.78,,202106,507.1111111
79,领克01新能源,128,领克,19.97 - 22.78,,202107,507.1111111
65,领克01新能源,388,领克,19.97 - 22.78,,202108,507.1111111
86,领克01新能源,127,领克,19.97 - 22.78,,202109,507.1111111
46,领克01新能源,1142,领克,19.97 - 22.78,,202110,507.1111111
74,领克01新能源,517,领克,19.97 - 22.78,,202111,507.1111111
74,领克01新能源,727,领克,19.97 - 22.78,,202112,507.1111111
117,领克01新能源,100,领克,19.97 - 22.78,,202201,507.1111111
96,领克01新能源,253,领克,19.97 - 22.78,,202202,507.1111111
96,领克01新能源,370,领克,19.97 - 22.78,,202203,507.1111111
65,领克01新能源,738,领克,19.97 - 22.78,,202204,507.1111111
50,领克01新能源,1709,领克,19.97 - 22.78,,202205,507.1111111
53,领克01新能源,2057,领克,19.97 - 22.78,,202206,507.1111111
81,领克01新能源,1027,领克,19.97 - 22.78,,202207,507.1111111
72,领克01新能源,1438,领克,19.97 - 22.78,,202208,507.1111111
61,领克01新能源,2126,领克,19.97 - 22.78,,202209,507.1111111
63,领克01新能源,1740,领克,19.97 - 22.78,,202210,507.1111111
71,领克01新能源,1734,领克,19.97 - 22.78,,202211,507.1111111
33,领克01新能源,4427,领克,19.97 - 22.78,,202212,507.1111111
148,领克01新能源,54,领克,19.97 - 22.78,,202301,507.1111111
110,领克01新能源,328,领克,19.97 - 22.78,,202302,507.1111111
144,领克01新能源,120,领克,19.97 - 22.78,,202303,507.1111111
157,领克01新能源,91,领克,19.97 - 22.78,,202304,507.1111111
147,领克01新能源,129,领克,19.97 - 22.78,,202305,507.1111111
175,领克01新能源,52,领克,19.97 - 22.78,,202307,507.1111111
128,领克01新能源,445,领克,19.97 - 22.78,,202308,507.1111111
206,领克01新能源,7,领克,19.97 - 22.78,,202309,507.1111111
203,领克01新能源,42,领克,19.97 - 22.78,,202311,507.1111111
227,领克01新能源,2,领克,19.97 - 22.78,,202401,507.1111111
273,领克01新能源,1,领克,19.97 - 22.78,,202408,507.1111111
202,红旗EH7,48,一汽红旗,22.98 - 30.98,,202402,506
204,红旗EH7,121,一汽红旗,22.98 - 30.98,,202403,506
207,红旗EH7,93,一汽红旗,22.98 - 30.98,,202404,506
131,红旗EH7,696,一汽红旗,22.98 - 30.98,,202405,506
163,红旗EH7,450,一汽红旗,22.98 - 30.98,,202406,506
122,红旗EH7,964,一汽红旗,22.98 - 30.98,,202407,506
183,红旗EH7,380,一汽红旗,22.98 - 30.98,,202408,506
129,红旗EH7,1281,一汽红旗,22.98 - 30.98,,202409,506
182,红旗EH7,529,一汽红旗,22.98 - 30.98,,202410,506
182,红旗EH7,498,一汽红旗,22.98 - 30.98,,202411,506
12,帝豪GSe,1886,吉利新能源,10.99 - 15.99,,201807,502.8809524
17,帝豪GSe,986,吉利新能源,10.99 - 15.99,,201808,502.8809524
15,帝豪GSe,1913,吉利新能源,10.99 - 15.99,,201809,502.8809524
21,帝豪GSe,1036,吉利新能源,10.99 - 15.99,,201810,502.8809524
30,帝豪GSe,1104,吉利新能源,10.99 - 15.99,,201811,502.8809524
39,帝豪GSe,559,吉利新能源,10.99 - 15.99,,201812,502.8809524
9,帝豪GSe,2808,吉利新能源,10.99 - 15.99,,201901,502.8809524
14,帝豪GSe,1034,吉利新能源,10.99 - 15.99,,201902,502.8809524
20,帝豪GSe,1518,吉利新能源,10.99 - 15.99,,201903,502.8809524
43,帝豪GSe,177,吉利新能源,10.99 - 15.99,,201904,502.8809524
42,帝豪GSe,172,吉利新能源,10.99 - 15.99,,201905,502.8809524
23,帝豪GSe,1461,吉利新能源,10.99 - 15.99,,201906,502.8809524
27,帝豪GSe,300,吉利新能源,10.99 - 15.99,,201907,502.8809524
23,帝豪GSe,696,吉利新能源,10.99 - 15.99,,201908,502.8809524
15,帝豪GSe,1338,吉利新能源,10.99 - 15.99,,201909,502.8809524
46,帝豪GSe,109,吉利新能源,10.99 - 15.99,,201910,502.8809524
18,帝豪GSe,1109,吉利新能源,10.99 - 15.99,,201911,502.8809524
65,帝豪GSe,84,吉利新能源,10.99 - 15.99,,201912,502.8809524
23,帝豪GSe,468,吉利新能源,10.99 - 15.99,,202001,502.8809524
24,帝豪GSe,63,吉利新能源,10.99 - 15.99,,202002,502.8809524
76,帝豪GSe,6,吉利新能源,10.99 - 15.99,,202003,502.8809524
24,帝豪GSe,469,吉利新能源,10.99 - 15.99,,202004,502.8809524
35,帝豪GSe,323,吉利新能源,10.99 - 15.99,,202005,502.8809524
45,帝豪GSe,230,吉利新能源,10.99 - 15.99,,202006,502.8809524
60,帝豪GSe,155,吉利新能源,10.99 - 15.99,,202007,502.8809524
72,帝豪GSe,98,吉利新能源,10.99 - 15.99,,202008,502.8809524
51,帝豪GSe,253,吉利新能源,10.99 - 15.99,,202009,502.8809524
60,帝豪GSe,226,吉利新能源,10.99 - 15.99,,202010,502.8809524
80,帝豪GSe,141,吉利新能源,10.99 - 15.99,,202011,502.8809524
90,帝豪GSe,98,吉利新能源,10.99 - 15.99,,202012,502.8809524
133,帝豪GSe,0,吉利新能源,10.99 - 15.99,,202101,502.8809524
123,帝豪GSe,0,吉利新能源,10.99 - 15.99,,202102,502.8809524
133,帝豪GSe,0,吉利新能源,10.99 - 15.99,,202103,502.8809524
61,帝豪GSe,277,吉利新能源,10.99 - 15.99,,202104,502.8809524
105,帝豪GSe,23,吉利新能源,10.99 - 15.99,,202105,502.8809524
119,帝豪GSe,1,吉利新能源,10.99 - 15.99,,202106,502.8809524
157,帝豪GSe,0,吉利新能源,10.99 - 15.99,,202107,502.8809524
126,帝豪GSe,0,吉利新能源,10.99 - 15.99,,202108,502.8809524
165,帝豪GSe,0,吉利新能源,10.99 - 15.99,,202108,502.8809524
162,帝豪GSe,0,吉利新能源,10.99 - 15.99,,202109,502.8809524
134,帝豪GSe,0,吉利新能源,10.99 - 15.99,,202110,502.8809524
159,帝豪GSe,0,吉利新能源,10.99 - 15.99,,202110,502.8809524
154,帝豪GSe,0,吉利新能源,10.99 - 15.99,,202111,502.8809524
200,帝豪GSe,0,吉利新能源,10.99 - 15.99,,202112,502.8809524
20,全球鹰K12,8,康迪电动汽车集团,0.00 - 0.00,,201705,502.3809524
9,全球鹰K12,1493,康迪电动汽车集团,0.00 - 0.00,,201708,502.3809524
6,全球鹰K12,2525,康迪电动汽车集团,0.00 - 0.00,,201709,502.3809524
13,全球鹰K12,1638,康迪电动汽车集团,0.00 - 0.00,,201710,502.3809524
11,全球鹰K12,2194,康迪电动汽车集团,0.00 - 0.00,,201711,502.3809524
17,全球鹰K12,1489,康迪电动汽车集团,0.00 - 0.00,,201712,502.3809524
29,全球鹰K12,151,康迪电动汽车集团,0.00 - 0.00,,201804,502.3809524
16,全球鹰K12,1051,康迪电动汽车集团,0.00 - 0.00,,201805,502.3809524
65,全球鹰K12,1,康迪电动汽车集团,0.00 - 0.00,,201812,502.3809524
92,全球鹰K12,0,康迪电动汽车集团,0.00 - 0.00,,201912,502.3809524
122,全球鹰K12,0,康迪电动汽车集团,0.00 - 0.00,,202001,502.3809524
120,全球鹰K12,0,康迪电动汽车集团,0.00 - 0.00,,202002,502.3809524
139,全球鹰K12,0,康迪电动汽车集团,0.00 - 0.00,,202003,502.3809524
140,全球鹰K12,0,康迪电动汽车集团,0.00 - 0.00,,202004,502.3809524
112,全球鹰K12,0,康迪电动汽车集团,0.00 - 0.00,,202005,502.3809524
147,全球鹰K12,0,康迪电动汽车集团,0.00 - 0.00,,202006,502.3809524
134,全球鹰K12,0,康迪电动汽车集团,0.00 - 0.00,,202008,502.3809524
158,全球鹰K12,0,康迪电动汽车集团,0.00 - 0.00,,202008,502.3809524
137,全球鹰K12,0,康迪电动汽车集团,0.00 - 0.00,,202009,502.3809524
139,全球鹰K12,0,康迪电动汽车集团,0.00 - 0.00,,202010,502.3809524
140,全球鹰K12,0,康迪电动汽车集团,0.00 - 0.00,,202011,502.3809524
127,全球鹰K12,0,康迪电动汽车集团,0.00 - 0.00,,202101,502.3809524
52,风光MINIEV,1073,东风小康,3.26 - 5.91,,202204,500.0967742
44,风光MINIEV,2007,东风小康,3.26 - 5.91,,202205,500.0967742
83,风光MINIEV,1046,东风小康,3.26 - 5.91,,202206,500.0967742
75,风光MINIEV,1225,东风小康,3.26 - 5.91,,202207,500.0967742
94,风光MINIEV,675,东风小康,3.26 - 5.91,,202208,500.0967742
67,风光MINIEV,1772,东风小康,3.26 - 5.91,,202209,500.0967742
91,风光MINIEV,660,东风小康,3.26 - 5.91,,202210,500.0967742
107,风光MINIEV,561,东风小康,3.26 - 5.91,,202211,500.0967742
121,风光MINIEV,404,东风小康,3.26 - 5.91,,202212,500.0967742
95,风光MINIEV,499,东风小康,3.26 - 5.91,,202302,500.0967742
111,风光MINIEV,356,东风小康,3.26 - 5.91,,202303,500.0967742
127,风光MINIEV,237,东风小康,3.26 - 5.91,,202304,500.0967742
134,风光MINIEV,219,东风小康,3.26 - 5.91,,202305,500.0967742
130,风光MINIEV,291,东风小康,3.26 - 5.91,,202306,500.0967742
145,风光MINIEV,236,东风小康,3.26 - 5.91,,202307,500.0967742
163,风光MINIEV,194,东风小康,3.26 - 5.91,,202308,500.0967742
141,风光MINIEV,368,东风小康,3.26 - 5.91,,202309,500.0967742
129,风光MINIEV,471,东风小康,3.26 - 5.91,,202310,500.0967742
134,风光MINIEV,540,东风小康,3.26 - 5.91,,202311,500.0967742
134,风光MINIEV,595,东风小康,3.26 - 5.91,,202312,500.0967742
162,风光MINIEV,228,东风小康,3.26 - 5.91,,202401,500.0967742
101,风光MINIEV,537,东风小康,3.26 - 5.91,,202402,500.0967742
162,风光MINIEV,358,东风小康,3.26 - 5.91,,202403,500.0967742
194,风光MINIEV,124,东风小康,3.26 - 5.91,,202404,500.0967742
191,风光MINIEV,224,东风小康,3.26 - 5.91,,202405,500.0967742
176,风光MINIEV,338,东风小康,3.26 - 5.91,,202406,500.0967742
225,风光MINIEV,129,东风小康,3.26 - 5.91,,202407,500.0967742
258,风光MINIEV,34,东风小康,3.26 - 5.91,,202408,500.0967742
268,风光MINIEV,35,东风小康,3.26 - 5.91,,202409,500.0967742
263,风光MINIEV,46,东风小康,3.26 - 5.91,,202410,500.0967742
277,风光MINIEV,21,东风小康,3.26 - 5.91,,202411,500.0967742
167,岚图追光,20,岚图汽车,25.28 - 38.59,,202302,498.9545455
129,岚图追光,246,岚图汽车,25.28 - 38.59,,202303,498.9545455
122,岚图追光,300,岚图汽车,25.28 - 38.59,,202304,498.9545455
145,岚图追光,144,岚图汽车,25.28 - 38.59,,202305,498.9545455
102,岚图追光,651,岚图汽车,25.28 - 38.59,,202306,498.9545455
102,岚图追光,673,岚图汽车,25.28 - 38.59,,202307,498.9545455
106,岚图追光,675,岚图汽车,25.28 - 38.59,,202308,498.9545455
144,岚图追光,322,岚图汽车,25.28 - 38.59,,202309,498.9545455
158,岚图追光,215,岚图汽车,25.28 - 38.59,,202310,498.9545455
158,岚图追光,271,岚图汽车,25.28 - 38.59,,202311,498.9545455
97,岚图追光,1448,岚图汽车,25.28 - 38.59,,202312,498.9545455
94,岚图追光,1168,岚图汽车,25.28 - 38.59,,202401,498.9545455
104,岚图追光,516,岚图汽车,25.28 - 38.59,,202402,498.9545455
118,岚图追光,682,岚图汽车,25.28 - 38.59,,202403,498.9545455
174,岚图追光,242,岚图汽车,25.28 - 38.59,,202404,498.9545455
149,岚图追光,529,岚图汽车,25.28 - 38.59,,202405,498.9545455
181,岚图追光,321,岚图汽车,25.28 - 38.59,,202406,498.9545455
194,岚图追光,255,岚图汽车,25.28 - 38.59,,202407,498.9545455
190,岚图追光,335,岚图汽车,25.28 - 38.59,,202408,498.9545455
131,岚图追光,1256,岚图汽车,25.28 - 38.59,,202409,498.9545455
200,岚图追光,340,岚图汽车,25.28 - 38.59,,202410,498.9545455
193,岚图追光,368,岚图汽车,25.28 - 38.59,,202411,498.9545455
71,华晨新日i03,816,华晨新日,4.39 - 9.88,,202112,496.5833333
103,华晨新日i03,268,华晨新日,4.39 - 9.88,,202201,496.5833333
95,华晨新日i03,259,华晨新日,4.39 - 9.88,,202202,496.5833333
106,华晨新日i03,262,华晨新日,4.39 - 9.88,,202203,496.5833333
88,华晨新日i03,368,华晨新日,4.39 - 9.88,,202204,496.5833333
93,华晨新日i03,484,华晨新日,4.39 - 9.88,,202205,496.5833333
105,华晨新日i03,476,华晨新日,4.39 - 9.88,,202206,496.5833333
101,华晨新日i03,584,华晨新日,4.39 - 9.88,,202207,496.5833333
101,华晨新日i03,584,华晨新日,4.39 - 9.88,,202208,496.5833333
105,华晨新日i03,612,华晨新日,4.39 - 9.88,,202209,496.5833333
96,华晨新日i03,620,华晨新日,4.39 - 9.88,,202210,496.5833333
102,华晨新日i03,626,华晨新日,4.39 - 9.88,,202211,496.5833333
2,众泰Z500新能源,912,众泰新能源,0.00 - 0.00,,201411,490.369863
1,众泰Z500新能源,2841,众泰新能源,0.00 - 0.00,,201412,490.369863
1,众泰Z500新能源,3309,众泰新能源,0.00 - 0.00,,201501,490.369863
1,众泰Z500新能源,2176,众泰新能源,0.00 - 0.00,,201502,490.369863
1,众泰Z500新能源,2791,众泰新能源,0.00 - 0.00,,201503,490.369863
1,众泰Z500新能源,2393,众泰新能源,0.00 - 0.00,,201504,490.369863
2,众泰Z500新能源,1349,众泰新能源,0.00 - 0.00,,201505,490.369863
3,众泰Z500新能源,993,众泰新能源,0.00 - 0.00,,201506,490.369863
5,众泰Z500新能源,569,众泰新能源,0.00 - 0.00,,201507,490.369863
5,众泰Z500新能源,678,众泰新能源,0.00 - 0.00,,201508,490.369863
6,众泰Z500新能源,616,众泰新能源,0.00 - 0.00,,201509,490.369863
4,众泰Z500新能源,556,众泰新能源,0.00 - 0.00,,201510,490.369863
7,众泰Z500新能源,468,众泰新能源,0.00 - 0.00,,201511,490.369863
7,众泰Z500新能源,933,众泰新能源,0.00 - 0.00,,201512,490.369863
3,众泰Z500新能源,1059,众泰新能源,0.00 - 0.00,,201601,490.369863
4,众泰Z500新能源,228,众泰新能源,0.00 - 0.00,,201602,490.369863
5,众泰Z500新能源,508,众泰新能源,0.00 - 0.00,,201603,490.369863
5,众泰Z500新能源,974,众泰新能源,0.00 - 0.00,,201604,490.369863
8,众泰Z500新能源,133,众泰新能源,0.00 - 0.00,,201605,490.369863
8,众泰Z500新能源,229,众泰新能源,0.00 - 0.00,,201606,490.369863
6,众泰Z500新能源,457,众泰新能源,0.00 - 0.00,,201607,490.369863
11,众泰Z500新能源,218,众泰新能源,0.00 - 0.00,,201608,490.369863
8,众泰Z500新能源,610,众泰新能源,0.00 - 0.00,,201609,490.369863
10,众泰Z500新能源,505,众泰新能源,0.00 - 0.00,,201610,490.369863
11,众泰Z500新能源,595,众泰新能源,0.00 - 0.00,,201611,490.369863
15,众泰Z500新能源,324,众泰新能源,0.00 - 0.00,,201612,490.369863
6,众泰Z500新能源,180,众泰新能源,0.00 - 0.00,,201701,490.369863
9,众泰Z500新能源,129,众泰新能源,0.00 - 0.00,,201702,490.369863
10,众泰Z500新能源,227,众泰新能源,0.00 - 0.00,,201703,490.369863
11,众泰Z500新能源,304,众泰新能源,0.00 - 0.00,,201704,490.369863
16,众泰Z500新能源,261,众泰新能源,0.00 - 0.00,,201705,490.369863
17,众泰Z500新能源,273,众泰新能源,0.00 - 0.00,,201706,490.369863
16,众泰Z500新能源,337,众泰新能源,0.00 - 0.00,,201707,490.369863
16,众泰Z500新能源,748,众泰新能源,0.00 - 0.00,,201708,490.369863
18,众泰Z500新能源,599,众泰新能源,0.00 - 0.00,,201709,490.369863
20,众泰Z500新能源,536,众泰新能源,0.00 - 0.00,,201710,490.369863
18,众泰Z500新能源,970,众泰新能源,0.00 - 0.00,,201711,490.369863
15,众泰Z500新能源,1516,众泰新能源,0.00 - 0.00,,201712,490.369863
14,众泰Z500新能源,395,众泰新能源,0.00 - 0.00,,201801,490.369863
15,众泰Z500新能源,203,众泰新能源,0.00 - 0.00,,201802,490.369863
22,众泰Z500新能源,201,众泰新能源,0.00 - 0.00,,201803,490.369863
21,众泰Z500新能源,362,众泰新能源,0.00 - 0.00,,201804,490.369863
27,众泰Z500新能源,355,众泰新能源,0.00 - 0.00,,201805,490.369863
34,众泰Z500新能源,80,众泰新能源,0.00 - 0.00,,201806,490.369863
37,众泰Z500新能源,143,众泰新能源,0.00 - 0.00,,201807,490.369863
42,众泰Z500新能源,50,众泰新能源,0.00 - 0.00,,201808,490.369863
50,众泰Z500新能源,10,众泰新能源,0.00 - 0.00,,201809,490.369863
50,众泰Z500新能源,2,众泰新能源,0.00 - 0.00,,201810,490.369863
58,众泰Z500新能源,5,众泰新能源,0.00 - 0.00,,201811,490.369863
63,众泰Z500新能源,25,众泰新能源,0.00 - 0.00,,201812,490.369863
46,众泰Z500新能源,74,众泰新能源,0.00 - 0.00,,201901,490.369863
54,众泰Z500新能源,2,众泰新能源,0.00 - 0.00,,201902,490.369863
49,众泰Z500新能源,110,众泰新能源,0.00 - 0.00,,201903,490.369863
53,众泰Z500新能源,71,众泰新能源,0.00 - 0.00,,201904,490.369863
58,众泰Z500新能源,28,众泰新能源,0.00 - 0.00,,201905,490.369863
43,众泰Z500新能源,225,众泰新能源,0.00 - 0.00,,201906,490.369863
32,众泰Z500新能源,210,众泰新能源,0.00 - 0.00,,201907,490.369863
36,众泰Z500新能源,211,众泰新能源,0.00 - 0.00,,201908,490.369863
39,众泰Z500新能源,218,众泰新能源,0.00 - 0.00,,201909,490.369863
30,众泰Z500新能源,313,众泰新能源,0.00 - 0.00,,201910,490.369863
79,众泰Z500新能源,0,众泰新能源,0.00 - 0.00,,201911,490.369863
108,众泰Z500新能源,0,众泰新能源,0.00 - 0.00,,201912,490.369863
118,众泰Z500新能源,0,众泰新能源,0.00 - 0.00,,202001,490.369863
112,众泰Z500新能源,0,众泰新能源,0.00 - 0.00,,202002,490.369863
93,众泰Z500新能源,0,众泰新能源,0.00 - 0.00,,202003,490.369863
130,众泰Z500新能源,0,众泰新能源,0.00 - 0.00,,202003,490.369863
128,众泰Z500新能源,0,众泰新能源,0.00 - 0.00,,202005,490.369863
102,众泰Z500新能源,0,众泰新能源,0.00 - 0.00,,202006,490.369863
134,众泰Z500新能源,0,众泰新能源,0.00 - 0.00,,202007,490.369863
114,众泰Z500新能源,0,众泰新能源,0.00 - 0.00,,202008,490.369863
128,众泰Z500新能源,0,众泰新能源,0.00 - 0.00,,202009,490.369863
136,众泰Z500新能源,0,众泰新能源,0.00 - 0.00,,202010,490.369863
141,众泰Z500新能源,0,众泰新能源,0.00 - 0.00,,202011,490.369863
123,众泰Z500新能源,0,众泰新能源,0.00 - 0.00,,202012,490.369863
91,吉利几何G6,986,吉利几何,11.98 - 18.58,,202209,489.08
92,吉利几何G6,839,吉利几何,11.98 - 18.58,,202211,489.08
85,吉利几何G6,1315,吉利几何,11.98 - 18.58,,202212,489.08
146,吉利几何G6,56,吉利几何,11.98 - 18.58,,202301,489.08
77,吉利几何G6,697,吉利几何,11.98 - 18.58,,202302,489.08
145,吉利几何G6,119,吉利几何,11.98 - 18.58,,202303,489.08
69,吉利几何G6,1042,吉利几何,11.98 - 18.58,,202304,489.08
120,吉利几何G6,329,吉利几何,11.98 - 18.58,,202305,489.08
138,吉利几何G6,252,吉利几何,11.98 - 18.58,,202306,489.08
154,吉利几何G6,167,吉利几何,11.98 - 18.58,,202307,489.08
82,吉利几何G6,1342,吉利几何,11.98 - 18.58,,202308,489.08
113,吉利几何G6,713,吉利几何,11.98 - 18.58,,202309,489.08
97,吉利几何G6,1062,吉利几何,11.98 - 18.58,,202310,489.08
209,吉利几何G6,15,吉利几何,11.98 - 18.58,,202311,489.08
175,吉利几何G6,227,吉利几何,11.98 - 18.58,,202312,489.08
89,吉利几何G6,1228,吉利几何,11.98 - 18.58,,202401,489.08
119,吉利几何G6,392,吉利几何,11.98 - 18.58,,202402,489.08
111,吉利几何G6,784,吉利几何,11.98 - 18.58,,202403,489.08
209,吉利几何G6,144,吉利几何,11.98 - 18.58,,202405,489.08
199,吉利几何G6,213,吉利几何,11.98 - 18.58,,202406,489.08
205,吉利几何G6,204,吉利几何,11.98 - 18.58,,202407,489.08
262,吉利几何G6,16,吉利几何,11.98 - 18.58,,202408,489.08
278,吉利几何G6,13,吉利几何,11.98 - 18.58,,202409,489.08
249,吉利几何G6,69,吉利几何,11.98 - 18.58,,202410,489.08
286,吉利几何G6,3,吉利几何,11.98 - 18.58,,202411,489.08
9,芝麻,572,众泰新能源,0.00 - 0.00,,201512,481.8666667
6,芝麻,610,众泰新能源,0.00 - 0.00,,201601,481.8666667
11,芝麻,12,众泰新能源,0.00 - 0.00,,201604,481.8666667
5,芝麻,2044,众泰新能源,0.00 - 0.00,,201611,481.8666667
10,芝麻,805,众泰新能源,0.00 - 0.00,,201612,481.8666667
7,芝麻,1763,众泰新能源,0.00 - 0.00,,201705,481.8666667
16,芝麻,314,众泰新能源,0.00 - 0.00,,201706,481.8666667
15,芝麻,349,众泰新能源,0.00 - 0.00,,201707,481.8666667
19,芝麻,307,众泰新能源,0.00 - 0.00,,201708,481.8666667
17,芝麻,653,众泰新能源,0.00 - 0.00,,201709,481.8666667
22,芝麻,426,众泰新能源,0.00 - 0.00,,201710,481.8666667
17,芝麻,1201,众泰新能源,0.00 - 0.00,,201711,481.8666667
21,芝麻,558,众泰新能源,0.00 - 0.00,,201712,481.8666667
16,芝麻,786,众泰新能源,0.00 - 0.00,,201804,481.8666667
14,芝麻,1271,众泰新能源,0.00 - 0.00,,201805,481.8666667
16,芝麻,607,众泰新能源,0.00 - 0.00,,201806,481.8666667
25,芝麻,429,众泰新能源,0.00 - 0.00,,201807,481.8666667
24,芝麻,469,众泰新能源,0.00 - 0.00,,201808,481.8666667
38,芝麻,226,众泰新能源,0.00 - 0.00,,201809,481.8666667
38,芝麻,174,众泰新能源,0.00 - 0.00,,201810,481.8666667
35,芝麻,815,众泰新能源,0.00 - 0.00,,201811,481.8666667
58,芝麻,65,众泰新能源,0.00 - 0.00,,201812,481.8666667
124,芝麻,0,众泰新能源,0.00 - 0.00,,201912,481.8666667
123,芝麻,0,众泰新能源,0.00 - 0.00,,202001,481.8666667
119,芝麻,0,众泰新能源,0.00 - 0.00,,202002,481.8666667
100,芝麻,0,众泰新能源,0.00 - 0.00,,202003,481.8666667
136,芝麻,0,众泰新能源,0.00 - 0.00,,202003,481.8666667
133,芝麻,0,众泰新能源,0.00 - 0.00,,202005,481.8666667
110,芝麻,0,众泰新能源,0.00 - 0.00,,202006,481.8666667
139,芝麻,0,众泰新能源,0.00 - 0.00,,202007,481.8666667
123,芝麻,0,众泰新能源,0.00 - 0.00,,202008,481.8666667
87,富康ES600,502,东风新能源,15.38 - 16.38,,202203,476.1851852
64,富康ES600,738,东风新能源,15.38 - 16.38,,202204,476.1851852
85,富康ES600,596,东风新能源,15.38 - 16.38,,202205,476.1851852
107,富康ES600,467,东风新能源,15.38 - 16.38,,202206,476.1851852
95,富康ES600,680,东风新能源,15.38 - 16.38,,202207,476.1851852
77,富康ES600,1102,东风新能源,15.38 - 16.38,,202208,476.1851852
54,富康ES600,2436,东风新能源,15.38 - 16.38,,202209,476.1851852
55,富康ES600,2133,东风新能源,15.38 - 16.38,,202210,476.1851852
100,富康ES600,649,东风新能源,15.38 - 16.38,,202211,476.1851852
113,富康ES600,465,东风新能源,15.38 - 16.38,,202212,476.1851852
125,富康ES600,104,东风新能源,15.38 - 16.38,,202301,476.1851852
155,富康ES600,47,东风新能源,15.38 - 16.38,,202302,476.1851852
167,富康ES600,43,东风新能源,15.38 - 16.38,,202303,476.1851852
167,富康ES600,49,东风新能源,15.38 - 16.38,,202304,476.1851852
148,富康ES600,120,东风新能源,15.38 - 16.38,,202305,476.1851852
142,富康ES600,222,东风新能源,15.38 - 16.38,,202306,476.1851852
86,富康ES600,1104,东风新能源,15.38 - 16.38,,202307,476.1851852
103,富康ES600,719,东风新能源,15.38 - 16.38,,202308,476.1851852
190,富康ES600,48,东风新能源,15.38 - 16.38,,202309,476.1851852
193,富康ES600,46,东风新能源,15.38 - 16.38,,202310,476.1851852
182,富康ES600,134,东风新能源,15.38 - 16.38,,202311,476.1851852
223,富康ES600,4,东风新能源,15.38 - 16.38,,202312,476.1851852
233,富康ES600,10,东风新能源,15.38 - 16.38,,202403,476.1851852
196,富康ES600,224,东风新能源,15.38 - 16.38,,202406,476.1851852
245,富康ES600,58,东风新能源,15.38 - 16.38,,202407,476.1851852
230,富康ES600,150,东风新能源,15.38 - 16.38,,202409,476.1851852
282,富康ES600,7,东风新能源,15.38 - 16.38,,202410,476.1851852
36,东风本田M-NV,592,东风本田,14.98 - 15.98,,202101,475.2790698
30,东风本田M-NV,407,东风本田,14.98 - 15.98,,202102,475.2790698
49,东风本田M-NV,526,东风本田,14.98 - 15.98,,202103,475.2790698
57,东风本田M-NV,331,东风本田,14.98 - 15.98,,202104,475.2790698
38,东风本田M-NV,707,东风本田,14.98 - 15.98,,202105,475.2790698
45,东风本田M-NV,707,东风本田,14.98 - 15.98,,202106,475.2790698
113,东风本田M-NV,2,东风本田,14.98 - 15.98,,202107,475.2790698
87,东风本田M-NV,76,东风本田,14.98 - 15.98,,202108,475.2790698
77,东风本田M-NV,222,东风本田,14.98 - 15.98,,202109,475.2790698
54,东风本田M-NV,849,东风本田,14.98 - 15.98,,202110,475.2790698
70,东风本田M-NV,562,东风本田,14.98 - 15.98,,202111,475.2790698
79,东风本田M-NV,580,东风本田,14.98 - 15.98,,202112,475.2790698
88,东风本田M-NV,482,东风本田,14.98 - 15.98,,202201,475.2790698
76,东风本田M-NV,425,东风本田,14.98 - 15.98,,202202,475.2790698
69,东风本田M-NV,1090,东风本田,14.98 - 15.98,,202203,475.2790698
103,东风本田M-NV,215,东风本田,14.98 - 15.98,,202204,475.2790698
109,东风本田M-NV,251,东风本田,14.98 - 15.98,,202205,475.2790698
65,东风本田M-NV,1558,东风本田,14.98 - 15.98,,202206,475.2790698
87,东风本田M-NV,945,东风本田,14.98 - 15.98,,202207,475.2790698
70,东风本田M-NV,1527,东风本田,14.98 - 15.98,,202208,475.2790698
101,东风本田M-NV,687,东风本田,14.98 - 15.98,,202209,475.2790698
50,东风本田M-NV,2493,东风本田,14.98 - 15.98,,202210,475.2790698
123,东风本田M-NV,309,东风本田,14.98 - 15.98,,202211,475.2790698
158,东风本田M-NV,41,东风本田,14.98 - 15.98,,202212,475.2790698
113,东风本田M-NV,193,东风本田,14.98 - 15.98,,202301,475.2790698
84,东风本田M-NV,626,东风本田,14.98 - 15.98,,202302,475.2790698
97,东风本田M-NV,553,东风本田,14.98 - 15.98,,202303,475.2790698
156,东风本田M-NV,100,东风本田,14.98 - 15.98,,202304,475.2790698
177,东风本田M-NV,11,东风本田,14.98 - 15.98,,202305,475.2790698
189,东风本田M-NV,6,东风本田,14.98 - 15.98,,202306,475.2790698
194,东风本田M-NV,9,东风本田,14.98 - 15.98,,202307,475.2790698
207,东风本田M-NV,2,东风本田,14.98 - 15.98,,202308,475.2790698
174,东风本田M-NV,116,东风本田,14.98 - 15.98,,202309,475.2790698
173,东风本田M-NV,142,东风本田,14.98 - 15.98,,202310,475.2790698
166,东风本田M-NV,215,东风本田,14.98 - 15.98,,202311,475.2790698
193,东风本田M-NV,126,东风本田,14.98 - 15.98,,202312,475.2790698
159,东风本田M-NV,256,东风本田,14.98 - 15.98,,202401,475.2790698
163,东风本田M-NV,143,东风本田,14.98 - 15.98,,202402,475.2790698
144,东风本田M-NV,476,东风本田,14.98 - 15.98,,202403,475.2790698
151,东风本田M-NV,403,东风本田,14.98 - 15.98,,202404,475.2790698
192,东风本田M-NV,215,东风本田,14.98 - 15.98,,202405,475.2790698
201,东风本田M-NV,205,东风本田,14.98 - 15.98,,202406,475.2790698
119,东风本田M-NV,1056,东风本田,14.98 - 15.98,,202407,475.2790698
47,玛奇朵DHT,1122,长城汽车,15.58 - 16.98,,202110,474.7142857
48,玛奇朵DHT,1510,长城汽车,15.58 - 16.98,,202111,474.7142857
41,玛奇朵DHT,2513,长城汽车,15.58 - 16.98,,202112,474.7142857
63,玛奇朵DHT,990,长城汽车,15.58 - 16.98,,202201,474.7142857
145,玛奇朵DHT,12,长城汽车,15.58 - 16.98,,202202,474.7142857
140,玛奇朵DHT,26,长城汽车,15.58 - 16.98,,202203,474.7142857
143,玛奇朵DHT,15,长城汽车,15.58 - 16.98,,202204,474.7142857
126,玛奇朵DHT,106,长城汽车,15.58 - 16.98,,202205,474.7142857
127,玛奇朵DHT,151,长城汽车,15.58 - 16.98,,202206,474.7142857
139,玛奇朵DHT,106,长城汽车,15.58 - 16.98,,202207,474.7142857
154,玛奇朵DHT,52,长城汽车,15.58 - 16.98,,202208,474.7142857
180,玛奇朵DHT,5,长城汽车,15.58 - 16.98,,202209,474.7142857
158,玛奇朵DHT,26,长城汽车,15.58 - 16.98,,202210,474.7142857
166,玛奇朵DHT,12,长城汽车,15.58 - 16.98,,202211,474.7142857
85,坦克300新能源,1767,长城汽车,26.98 - 26.98,,202405,474.2
153,坦克300新能源,523,长城汽车,26.98 - 26.98,,202406,474.2
256,坦克300新能源,16,长城汽车,26.98 - 26.98,,202407,474.2
261,坦克300新能源,28,长城汽车,26.98 - 26.98,,202408,474.2
267,坦克300新能源,37,长城汽车,26.98 - 26.98,,202409,474.2
167,红旗HQ9 PHEV,464,一汽红旗,35.88 - 53.88,,202407,466
173,红旗HQ9 PHEV,483,一汽红旗,35.88 - 53.88,,202408,466
172,红旗HQ9 PHEV,591,一汽红旗,35.88 - 53.88,,202409,466
198,红旗HQ9 PHEV,351,一汽红旗,35.88 - 53.88,,202410,466
187,红旗HQ9 PHEV,441,一汽红旗,35.88 - 53.88,,202411,466
52,探岳GTE插电混动,559,一汽-大众,24.29 - 24.29,,202107,460.375
46,探岳GTE插电混动,828,一汽-大众,24.29 - 24.29,,202108,460.375
80,探岳GTE插电混动,200,一汽-大众,24.29 - 24.29,,202109,460.375
65,探岳GTE插电混动,401,一汽-大众,24.29 - 24.29,,202110,460.375
57,探岳GTE插电混动,1086,一汽-大众,24.29 - 24.29,,202111,460.375
70,探岳GTE插电混动,905,一汽-大众,24.29 - 24.29,,202112,460.375
93,探岳GTE插电混动,430,一汽-大众,24.29 - 24.29,,202201,460.375
83,探岳GTE插电混动,356,一汽-大众,24.29 - 24.29,,202202,460.375
82,探岳GTE插电混动,643,一汽-大众,24.29 - 24.29,,202203,460.375
78,探岳GTE插电混动,528,一汽-大众,24.29 - 24.29,,202204,460.375
71,探岳GTE插电混动,929,一汽-大众,24.29 - 24.29,,202205,460.375
75,探岳GTE插电混动,1293,一汽-大众,24.29 - 24.29,,202206,460.375
102,探岳GTE插电混动,577,一汽-大众,24.29 - 24.29,,202207,460.375
96,探岳GTE插电混动,662,一汽-大众,24.29 - 24.29,,202208,460.375
104,探岳GTE插电混动,618,一汽-大众,24.29 - 24.29,,202209,460.375
98,探岳GTE插电混动,548,一汽-大众,24.29 - 24.29,,202210,460.375
119,探岳GTE插电混动,383,一汽-大众,24.29 - 24.29,,202211,460.375
123,探岳GTE插电混动,360,一汽-大众,24.29 - 24.29,,202212,460.375
98,探岳GTE插电混动,301,一汽-大众,24.29 - 24.29,,202301,460.375
112,探岳GTE插电混动,320,一汽-大众,24.29 - 24.29,,202302,460.375
91,探岳GTE插电混动,620,一汽-大众,24.29 - 24.29,,202303,460.375
115,探岳GTE插电混动,360,一汽-大众,24.29 - 24.29,,202304,460.375
86,探岳GTE插电混动,747,一汽-大众,24.29 - 24.29,,202305,460.375
99,探岳GTE插电混动,755,一汽-大众,24.29 - 24.29,,202306,460.375
151,探岳GTE插电混动,193,一汽-大众,24.29 - 24.29,,202307,460.375
159,探岳GTE插电混动,226,一汽-大众,24.29 - 24.29,,202308,460.375
155,探岳GTE插电混动,242,一汽-大众,24.29 - 24.29,,202309,460.375
160,探岳GTE插电混动,205,一汽-大众,24.29 - 24.29,,202310,460.375
169,探岳GTE插电混动,198,一汽-大众,24.29 - 24.29,,202311,460.375
183,探岳GTE插电混动,192,一汽-大众,24.29 - 24.29,,202312,460.375
190,探岳GTE插电混动,116,一汽-大众,24.29 - 24.29,,202401,460.375
204,探岳GTE插电混动,42,一汽-大众,24.29 - 24.29,,202402,460.375
61,探岳GTE插电混动,2268,一汽-大众,24.29 - 24.29,,202403,460.375
214,探岳GTE插电混动,77,一汽-大众,24.29 - 24.29,,202404,460.375
215,探岳GTE插电混动,118,一汽-大众,24.29 - 24.29,,202405,460.375
259,探岳GTE插电混动,4,一汽-大众,24.29 - 24.29,,202406,460.375
228,探岳GTE插电混动,119,一汽-大众,24.29 - 24.29,,202407,460.375
271,探岳GTE插电混动,1,一汽-大众,24.29 - 24.29,,202408,460.375
288,探岳GTE插电混动,2,一汽-大众,24.29 - 24.29,,202409,460.375
284,探岳GTE插电混动,3,一汽-大众,24.29 - 24.29,,202410,460.375
18,比亚迪S2,2061,比亚迪,0.00 - 0.00,,201906,460.3076923
7,比亚迪S2,2080,比亚迪,0.00 - 0.00,,201907,460.3076923
13,比亚迪S2,1341,比亚迪,0.00 - 0.00,,201908,460.3076923
31,比亚迪S2,347,比亚迪,0.00 - 0.00,,201909,460.3076923
41,比亚迪S2,155,比亚迪,0.00 - 0.00,,201910,460.3076923
110,比亚迪S2,0,比亚迪,0.00 - 0.00,,201912,460.3076923
91,比亚迪S2,0,比亚迪,0.00 - 0.00,,202001,460.3076923
77,比亚迪S2,0,比亚迪,0.00 - 0.00,,202002,460.3076923
128,比亚迪S2,0,比亚迪,0.00 - 0.00,,202004,460.3076923
107,比亚迪S2,0,比亚迪,0.00 - 0.00,,202005,460.3076923
142,比亚迪S2,0,比亚迪,0.00 - 0.00,,202006,460.3076923
153,比亚迪S2,0,比亚迪,0.00 - 0.00,,202007,460.3076923
146,比亚迪S2,0,比亚迪,0.00 - 0.00,,202008,460.3076923
185,极氪MIX,434,极氪,27.99 - 29.99,,202409,452
193,极氪MIX,373,极氪,27.99 - 29.99,,202410,452
178,极氪MIX,549,极氪,27.99 - 29.99,,202411,452
193,起亚EV5,104,悦达起亚,14.98 - 22.58,,202311,450.9230769
165,起亚EV5,347,悦达起亚,14.98 - 22.58,,202312,450.9230769
111,起亚EV5,709,悦达起亚,14.98 - 22.58,,202401,450.9230769
160,起亚EV5,159,悦达起亚,14.98 - 22.58,,202402,450.9230769
130,起亚EV5,533,悦达起亚,14.98 - 22.58,,202403,450.9230769
125,起亚EV5,638,悦达起亚,14.98 - 22.58,,202404,450.9230769
169,起亚EV5,353,悦达起亚,14.98 - 22.58,,202405,450.9230769
146,起亚EV5,594,悦达起亚,14.98 - 22.58,,202406,450.9230769
154,起亚EV5,606,悦达起亚,14.98 - 22.58,,202407,450.9230769
176,起亚EV5,436,悦达起亚,14.98 - 22.58,,202408,450.9230769
189,起亚EV5,408,悦达起亚,14.98 - 22.58,,202409,450.9230769
167,起亚EV5,734,悦达起亚,14.98 - 22.58,,202410,450.9230769
212,起亚EV5,241,悦达起亚,14.98 - 22.58,,202411,450.9230769
83,思皓爱跑,1014,江汽集团,13.99 - 19.99,,202207,450.1666667
100,思皓爱跑,598,江汽集团,13.99 - 19.99,,202208,450.1666667
74,思皓爱跑,1392,江汽集团,13.99 - 19.99,,202209,450.1666667
89,思皓爱跑,687,江汽集团,13.99 - 19.99,,202210,450.1666667
115,思皓爱跑,441,江汽集团,13.99 - 19.99,,202211,450.1666667
107,思皓爱跑,555,江汽集团,13.99 - 19.99,,202212,450.1666667
143,思皓爱跑,57,江汽集团,13.99 - 19.99,,202301,450.1666667
107,思皓爱跑,376,江汽集团,13.99 - 19.99,,202302,450.1666667
107,思皓爱跑,435,江汽集团,13.99 - 19.99,,202303,450.1666667
108,思皓爱跑,399,江汽集团,13.99 - 19.99,,202304,450.1666667
122,思皓爱跑,310,江汽集团,13.99 - 19.99,,202305,450.1666667
134,思皓爱跑,274,江汽集团,13.99 - 19.99,,202306,450.1666667
147,思皓爱跑,207,江汽集团,13.99 - 19.99,,202307,450.1666667
147,思皓爱跑,302,江汽集团,13.99 - 19.99,,202308,450.1666667
146,思皓爱跑,312,江汽集团,13.99 - 19.99,,202309,450.1666667
151,思皓爱跑,307,江汽集团,13.99 - 19.99,,202310,450.1666667
168,思皓爱跑,205,江汽集团,13.99 - 19.99,,202311,450.1666667
173,思皓爱跑,232,江汽集团,13.99 - 19.99,,202312,450.1666667
91,瑞虎8 PLUS 鲲鹏e+,446,奇瑞汽车,15.58 - 17.18,,202201,446
12,全球鹰K17,169,康迪电动汽车集团,0.00 - 0.00,,201608,445
12,全球鹰K17,136,康迪电动汽车集团,0.00 - 0.00,,201609,445
11,全球鹰K17,758,康迪电动汽车集团,0.00 - 0.00,,201612,445
21,全球鹰K17,4,康迪电动汽车集团,0.00 - 0.00,,201705,445
15,全球鹰K17,315,康迪电动汽车集团,0.00 - 0.00,,201706,445
24,全球鹰K17,1,康迪电动汽车集团,0.00 - 0.00,,201707,445
8,全球鹰K17,1720,康迪电动汽车集团,0.00 - 0.00,,201708,445
15,全球鹰K17,1026,康迪电动汽车集团,0.00 - 0.00,,201709,445
25,全球鹰K17,240,康迪电动汽车集团,0.00 - 0.00,,201710,445
22,全球鹰K17,342,康迪电动汽车集团,0.00 - 0.00,,201711,445
22,全球鹰K17,474,康迪电动汽车集团,0.00 - 0.00,,201712,445
22,全球鹰K17,600,康迪电动汽车集团,0.00 - 0.00,,201805,445
68,全球鹰K17,0,康迪电动汽车集团,0.00 - 0.00,,201812,445
35,轩逸·纯电,314,东风日产,23.80 - 25.40,,201809,442.1
26,轩逸·纯电,696,东风日产,23.80 - 25.40,,201810,442.1
16,轩逸·纯电,2400,东风日产,23.80 - 25.40,,201811,442.1
17,轩逸·纯电,2110,东风日产,23.80 - 25.40,,201812,442.1
28,轩逸·纯电,502,东风日产,23.80 - 25.40,,201901,442.1
27,轩逸·纯电,291,东风日产,23.80 - 25.40,,201902,442.1
44,轩逸·纯电,152,东风日产,23.80 - 25.40,,201903,442.1
13,轩逸·纯电,2232,东风日产,23.80 - 25.40,,201904,442.1
9,轩逸·纯电,3335,东风日产,23.80 - 25.40,,201905,442.1
24,轩逸·纯电,1340,东风日产,23.80 - 25.40,,201906,442.1
80,轩逸·纯电,0,东风日产,23.80 - 25.40,,201907,442.1
50,轩逸·纯电,54,东风日产,23.80 - 25.40,,201908,442.1
56,轩逸·纯电,50,东风日产,23.80 - 25.40,,201909,442.1
61,轩逸·纯电,39,东风日产,23.80 - 25.40,,201910,442.1
63,轩逸·纯电,52,东风日产,23.80 - 25.40,,201911,442.1
69,轩逸·纯电,62,东风日产,23.80 - 25.40,,201912,442.1
57,轩逸·纯电,51,东风日产,23.80 - 25.40,,202001,442.1
61,轩逸·纯电,1,东风日产,23.80 - 25.40,,202002,442.1
38,轩逸·纯电,138,东风日产,23.80 - 25.40,,202003,442.1
31,轩逸·纯电,314,东风日产,23.80 - 25.40,,202004,442.1
39,轩逸·纯电,233,东风日产,23.80 - 25.40,,202005,442.1
31,轩逸·纯电,718,东风日产,23.80 - 25.40,,202006,442.1
28,轩逸·纯电,791,东风日产,23.80 - 25.40,,202007,442.1
41,轩逸·纯电,350,东风日产,23.80 - 25.40,,202008,442.1
20,轩逸·纯电,1435,东风日产,23.80 - 25.40,,202009,442.1
142,轩逸·纯电,0,东风日产,23.80 - 25.40,,202010,442.1
106,轩逸·纯电,14,东风日产,23.80 - 25.40,,202011,442.1
121,轩逸·纯电,0,东风日产,23.80 - 25.40,,202012,442.1
124,轩逸·纯电,0,东风日产,23.80 - 25.40,,202101,442.1
119,轩逸·纯电,0,东风日产,23.80 - 25.40,,202102,442.1
129,轩逸·纯电,0,东风日产,23.80 - 25.40,,202103,442.1
120,轩逸·纯电,0,东风日产,23.80 - 25.40,,202104,442.1
110,轩逸·纯电,10,东风日产,23.80 - 25.40,,202105,442.1
125,轩逸·纯电,0,东风日产,23.80 - 25.40,,202106,442.1
158,轩逸·纯电,0,东风日产,23.80 - 25.40,,202106,442.1
154,轩逸·纯电,0,东风日产,23.80 - 25.40,,202107,442.1
122,轩逸·纯电,0,东风日产,23.80 - 25.40,,202108,442.1
161,轩逸·纯电,0,东风日产,23.80 - 25.40,,202108,442.1
160,轩逸·纯电,0,东风日产,23.80 - 25.40,,202109,442.1
155,轩逸·纯电,0,东风日产,23.80 - 25.40,,202110,442.1
152,轩逸·纯电,0,东风日产,23.80 - 25.40,,202111,442.1
196,轩逸·纯电,0,东风日产,23.80 - 25.40,,202112,442.1
51,沃尔沃XC60新能源,572,沃尔沃亚太,52.39 - 60.39,,202107,441.3902439
54,沃尔沃XC60新能源,642,沃尔沃亚太,52.39 - 60.39,,202108,441.3902439
63,沃尔沃XC60新能源,450,沃尔沃亚太,52.39 - 60.39,,202109,441.3902439
106,沃尔沃XC60新能源,45,沃尔沃亚太,52.39 - 60.39,,202110,441.3902439
83,沃尔沃XC60新能源,323,沃尔沃亚太,52.39 - 60.39,,202111,441.3902439
78,沃尔沃XC60新能源,650,沃尔沃亚太,52.39 - 60.39,,202112,441.3902439
97,沃尔沃XC60新能源,357,沃尔沃亚太,52.39 - 60.39,,202201,441.3902439
86,沃尔沃XC60新能源,314,沃尔沃亚太,52.39 - 60.39,,202202,441.3902439
114,沃尔沃XC60新能源,226,沃尔沃亚太,52.39 - 60.39,,202203,441.3902439
141,沃尔沃XC60新能源,18,沃尔沃亚太,52.39 - 60.39,,202204,441.3902439
151,沃尔沃XC60新能源,18,沃尔沃亚太,52.39 - 60.39,,202205,441.3902439
132,沃尔沃XC60新能源,124,沃尔沃亚太,52.39 - 60.39,,202206,441.3902439
126,沃尔沃XC60新能源,196,沃尔沃亚太,52.39 - 60.39,,202207,441.3902439
107,沃尔沃XC60新能源,515,沃尔沃亚太,52.39 - 60.39,,202208,441.3902439
120,沃尔沃XC60新能源,404,沃尔沃亚太,52.39 - 60.39,,202209,441.3902439
111,沃尔沃XC60新能源,384,沃尔沃亚太,52.39 - 60.39,,202210,441.3902439
122,沃尔沃XC60新能源,310,沃尔沃亚太,52.39 - 60.39,,202211,441.3902439
100,沃尔沃XC60新能源,765,沃尔沃亚太,52.39 - 60.39,,202212,441.3902439
90,沃尔沃XC60新能源,359,沃尔沃亚太,52.39 - 60.39,,202301,441.3902439
102,沃尔沃XC60新能源,403,沃尔沃亚太,52.39 - 60.39,,202302,441.3902439
106,沃尔沃XC60新能源,459,沃尔沃亚太,52.39 - 60.39,,202303,441.3902439
100,沃尔沃XC60新能源,460,沃尔沃亚太,52.39 - 60.39,,202304,441.3902439
104,沃尔沃XC60新能源,451,沃尔沃亚太,52.39 - 60.39,,202305,441.3902439
111,沃尔沃XC60新能源,511,沃尔沃亚太,52.39 - 60.39,,202306,441.3902439
117,沃尔沃XC60新能源,496,沃尔沃亚太,52.39 - 60.39,,202307,441.3902439
125,沃尔沃XC60新能源,496,沃尔沃亚太,52.39 - 60.39,,202308,441.3902439
121,沃尔沃XC60新能源,572,沃尔沃亚太,52.39 - 60.39,,202309,441.3902439
126,沃尔沃XC60新能源,500,沃尔沃亚太,52.39 - 60.39,,202310,441.3902439
128,沃尔沃XC60新能源,570,沃尔沃亚太,52.39 - 60.39,,202311,441.3902439
124,沃尔沃XC60新能源,776,沃尔沃亚太,52.39 - 60.39,,202312,441.3902439
139,沃尔沃XC60新能源,448,沃尔沃亚太,52.39 - 60.39,,202401,441.3902439
161,沃尔沃XC60新能源,151,沃尔沃亚太,52.39 - 60.39,,202402,441.3902439
160,沃尔沃XC60新能源,365,沃尔沃亚太,52.39 - 60.39,,202403,441.3902439
162,沃尔沃XC60新能源,340,沃尔沃亚太,52.39 - 60.39,,202404,441.3902439
166,沃尔沃XC60新能源,378,沃尔沃亚太,52.39 - 60.39,,202405,441.3902439
145,沃尔沃XC60新能源,604,沃尔沃亚太,52.39 - 60.39,,202406,441.3902439
169,沃尔沃XC60新能源,458,沃尔沃亚太,52.39 - 60.39,,202407,441.3902439
162,沃尔沃XC60新能源,593,沃尔沃亚太,52.39 - 60.39,,202408,441.3902439
162,沃尔沃XC60新能源,662,沃尔沃亚太,52.39 - 60.39,,202409,441.3902439
160,沃尔沃XC60新能源,758,沃尔沃亚太,52.39 - 60.39,,202410,441.3902439
148,沃尔沃XC60新能源,974,沃尔沃亚太,52.39 - 60.39,,202411,441.3902439
96,奔驰C级新能源,895,北京奔驰,40.88 - 41.06,,202209,438.375
125,奔驰C级新能源,251,北京奔驰,40.88 - 41.06,,202210,438.375
108,奔驰C级新能源,545,北京奔驰,40.88 - 41.06,,202211,438.375
122,奔驰C级新能源,369,北京奔驰,40.88 - 41.06,,202212,438.375
96,奔驰C级新能源,319,北京奔驰,40.88 - 41.06,,202301,438.375
106,奔驰C级新能源,377,北京奔驰,40.88 - 41.06,,202302,438.375
112,奔驰C级新能源,351,北京奔驰,40.88 - 41.06,,202303,438.375
107,奔驰C级新能源,400,北京奔驰,40.88 - 41.06,,202304,438.375
34,卡罗拉双擎E+,194,一汽丰田,20.78 - 23.08,,201902,418.8928571
16,卡罗拉双擎E+,1775,一汽丰田,20.78 - 23.08,,201903,418.8928571
19,卡罗拉双擎E+,1362,一汽丰田,20.78 - 23.08,,201904,418.8928571
32,卡罗拉双擎E+,638,一汽丰田,20.78 - 23.08,,201905,418.8928571
27,卡罗拉双擎E+,923,一汽丰田,20.78 - 23.08,,201906,418.8928571
23,卡罗拉双擎E+,591,一汽丰田,20.78 - 23.08,,201907,418.8928571
22,卡罗拉双擎E+,833,一汽丰田,20.78 - 23.08,,201908,418.8928571
22,卡罗拉双擎E+,621,一汽丰田,20.78 - 23.08,,201909,418.8928571
26,卡罗拉双擎E+,362,一汽丰田,20.78 - 23.08,,201910,418.8928571
28,卡罗拉双擎E+,526,一汽丰田,20.78 - 23.08,,201911,418.8928571
25,卡罗拉双擎E+,1133,一汽丰田,20.78 - 23.08,,201912,418.8928571
16,卡罗拉双擎E+,928,一汽丰田,20.78 - 23.08,,202001,418.8928571
25,卡罗拉双擎E+,59,一汽丰田,20.78 - 23.08,,202002,418.8928571
26,卡罗拉双擎E+,382,一汽丰田,20.78 - 23.08,,202003,418.8928571
20,卡罗拉双擎E+,732,一汽丰田,20.78 - 23.08,,202004,418.8928571
27,卡罗拉双擎E+,573,一汽丰田,20.78 - 23.08,,202005,418.8928571
32,卡罗拉双擎E+,714,一汽丰田,20.78 - 23.08,,202006,418.8928571
33,卡罗拉双擎E+,667,一汽丰田,20.78 - 23.08,,202007,418.8928571
44,卡罗拉双擎E+,324,一汽丰田,20.78 - 23.08,,202008,418.8928571
33,卡罗拉双擎E+,679,一汽丰田,20.78 - 23.08,,202009,418.8928571
43,卡罗拉双擎E+,660,一汽丰田,20.78 - 23.08,,202010,418.8928571
41,卡罗拉双擎E+,673,一汽丰田,20.78 - 23.08,,202011,418.8928571
54,卡罗拉双擎E+,502,一汽丰田,20.78 - 23.08,,202012,418.8928571
47,卡罗拉双擎E+,428,一汽丰田,20.78 - 23.08,,202101,418.8928571
38,卡罗拉双擎E+,270,一汽丰田,20.78 - 23.08,,202102,418.8928571
63,卡罗拉双擎E+,227,一汽丰田,20.78 - 23.08,,202103,418.8928571
94,卡罗拉双擎E+,44,一汽丰田,20.78 - 23.08,,202104,418.8928571
36,卡罗拉双擎E+,770,一汽丰田,20.78 - 23.08,,202105,418.8928571
42,卡罗拉双擎E+,734,一汽丰田,20.78 - 23.08,,202106,418.8928571
53,卡罗拉双擎E+,540,一汽丰田,20.78 - 23.08,,202107,418.8928571
82,卡罗拉双擎E+,153,一汽丰田,20.78 - 23.08,,202108,418.8928571
60,卡罗拉双擎E+,499,一汽丰田,20.78 - 23.08,,202109,418.8928571
76,卡罗拉双擎E+,282,一汽丰田,20.78 - 23.08,,202110,418.8928571
76,卡罗拉双擎E+,469,一汽丰田,20.78 - 23.08,,202111,418.8928571
80,卡罗拉双擎E+,523,一汽丰田,20.78 - 23.08,,202112,418.8928571
121,卡罗拉双擎E+,81,一汽丰田,20.78 - 23.08,,202201,418.8928571
94,卡罗拉双擎E+,259,一汽丰田,20.78 - 23.08,,202202,418.8928571
97,卡罗拉双擎E+,349,一汽丰田,20.78 - 23.08,,202203,418.8928571
106,卡罗拉双擎E+,171,一汽丰田,20.78 - 23.08,,202204,418.8928571
125,卡罗拉双擎E+,113,一汽丰田,20.78 - 23.08,,202205,418.8928571
90,卡罗拉双擎E+,865,一汽丰田,20.78 - 23.08,,202206,418.8928571
145,卡罗拉双擎E+,69,一汽丰田,20.78 - 23.08,,202207,418.8928571
134,卡罗拉双擎E+,175,一汽丰田,20.78 - 23.08,,202208,418.8928571
178,卡罗拉双擎E+,6,一汽丰田,20.78 - 23.08,,202209,418.8928571
139,卡罗拉双擎E+,127,一汽丰田,20.78 - 23.08,,202210,418.8928571
171,卡罗拉双擎E+,7,一汽丰田,20.78 - 23.08,,202211,418.8928571
160,卡罗拉双擎E+,34,一汽丰田,20.78 - 23.08,,202212,418.8928571
121,卡罗拉双擎E+,146,一汽丰田,20.78 - 23.08,,202301,418.8928571
136,卡罗拉双擎E+,123,一汽丰田,20.78 - 23.08,,202302,418.8928571
153,卡罗拉双擎E+,92,一汽丰田,20.78 - 23.08,,202303,418.8928571
176,卡罗拉双擎E+,21,一汽丰田,20.78 - 23.08,,202304,418.8928571
174,卡罗拉双擎E+,14,一汽丰田,20.78 - 23.08,,202305,418.8928571
185,卡罗拉双擎E+,9,一汽丰田,20.78 - 23.08,,202306,418.8928571
199,卡罗拉双擎E+,4,一汽丰田,20.78 - 23.08,,202307,418.8928571
216,卡罗拉双擎E+,1,一汽丰田,20.78 - 23.08,,202309,418.8928571
214,卡罗拉双擎E+,2,一汽丰田,20.78 - 23.08,,202310,418.8928571
104,思皓E50A,11,江汽集团,14.59 - 18.98,,202103,417.6875
67,思皓E50A,185,江汽集团,14.59 - 18.98,,202104,417.6875
64,思皓E50A,247,江汽集团,14.59 - 18.98,,202105,417.6875
60,思皓E50A,339,江汽集团,14.59 - 18.98,,202106,417.6875
59,思皓E50A,352,江汽集团,14.59 - 18.98,,202107,417.6875
66,思皓E50A,388,江汽集团,14.59 - 18.98,,202108,417.6875
52,思皓E50A,765,江汽集团,14.59 - 18.98,,202109,417.6875
62,思皓E50A,483,江汽集团,14.59 - 18.98,,202110,417.6875
88,思皓E50A,256,江汽集团,14.59 - 18.98,,202111,417.6875
72,思皓E50A,778,江汽集团,14.59 - 18.98,,202112,417.6875
102,思皓E50A,302,江汽集团,14.59 - 18.98,,202201,417.6875
97,思皓E50A,252,江汽集团,14.59 - 18.98,,202202,417.6875
89,思皓E50A,498,江汽集团,14.59 - 18.98,,202203,417.6875
96,思皓E50A,279,江汽集团,14.59 - 18.98,,202204,417.6875
97,思皓E50A,444,江汽集团,14.59 - 18.98,,202205,417.6875
80,思皓E50A,1104,江汽集团,14.59 - 18.98,,202206,417.6875
17,朗逸纯电,1124,上汽大众,14.89 - 14.89,,201908,412.25
17,朗逸纯电,1161,上汽大众,14.89 - 14.89,,201909,412.25
25,朗逸纯电,417,上汽大众,14.89 - 14.89,,201910,412.25
36,朗逸纯电,321,上汽大众,14.89 - 14.89,,201911,412.25
8,朗逸纯电,3872,上汽大众,14.89 - 14.89,,201912,412.25
65,朗逸纯电,27,上汽大众,14.89 - 14.89,,202001,412.25
53,朗逸纯电,2,上汽大众,14.89 - 14.89,,202002,412.25
72,朗逸纯电,8,上汽大众,14.89 - 14.89,,202003,412.25
52,朗逸纯电,86,上汽大众,14.89 - 14.89,,202004,412.25
80,朗逸纯电,28,上汽大众,14.89 - 14.89,,202005,412.25
18,朗逸纯电,1365,上汽大众,14.89 - 14.89,,202006,412.25
73,朗逸纯电,72,上汽大众,14.89 - 14.89,,202007,412.25
85,朗逸纯电,43,上汽大众,14.89 - 14.89,,202009,412.25
73,朗逸纯电,131,上汽大众,14.89 - 14.89,,202010,412.25
67,朗逸纯电,228,上汽大众,14.89 - 14.89,,202011,412.25
53,朗逸纯电,517,上汽大众,14.89 - 14.89,,202012,412.25
109,朗逸纯电,2,上汽大众,14.89 - 14.89,,202101,412.25
80,朗逸纯电,31,上汽大众,14.89 - 14.89,,202102,412.25
87,朗逸纯电,45,上汽大众,14.89 - 14.89,,202103,412.25
113,朗逸纯电,2,上汽大众,14.89 - 14.89,,202104,412.25
69,朗逸纯电,210,上汽大众,14.89 - 14.89,,202105,412.25
100,朗逸纯电,43,上汽大众,14.89 - 14.89,,202106,412.25
106,朗逸纯电,11,上汽大众,14.89 - 14.89,,202107,412.25
50,朗逸纯电,747,上汽大众,14.89 - 14.89,,202108,412.25
54,朗逸纯电,716,上汽大众,14.89 - 14.89,,202109,412.25
74,朗逸纯电,301,上汽大众,14.89 - 14.89,,202110,412.25
125,朗逸纯电,33,上汽大众,14.89 - 14.89,,202111,412.25
205,朗逸纯电,0,上汽大众,14.89 - 14.89,,202112,412.25
105,睿蓝7,915,睿蓝汽车,11.77 - 17.97,,202310,411.5714286
117,睿蓝7,689,睿蓝汽车,11.77 - 17.97,,202311,411.5714286
133,睿蓝7,636,睿蓝汽车,11.77 - 17.97,,202312,411.5714286
117,睿蓝7,625,睿蓝汽车,11.77 - 17.97,,202401,411.5714286
143,睿蓝7,254,睿蓝汽车,11.77 - 17.97,,202402,411.5714286
187,睿蓝7,168,睿蓝汽车,11.77 - 17.97,,202403,411.5714286
216,睿蓝7,76,睿蓝汽车,11.77 - 17.97,,202404,411.5714286
196,睿蓝7,205,睿蓝汽车,11.77 - 17.97,,202405,411.5714286
179,睿蓝7,329,睿蓝汽车,11.77 - 17.97,,202406,411.5714286
195,睿蓝7,253,睿蓝汽车,11.77 - 17.97,,202407,411.5714286
198,睿蓝7,305,睿蓝汽车,11.77 - 17.97,,202408,411.5714286
177,睿蓝7,511,睿蓝汽车,11.77 - 17.97,,202409,411.5714286
194,睿蓝7,370,睿蓝汽车,11.77 - 17.97,,202410,411.5714286
188,睿蓝7,426,睿蓝汽车,11.77 - 17.97,,202411,411.5714286
110,吉利几何M6,542,吉利几何,14.98 - 18.98,,202209,406.3846154
101,吉利几何M6,630,吉利几何,14.98 - 18.98,,202211,406.3846154
71,吉利几何M6,1972,吉利几何,14.98 - 18.98,,202212,406.3846154
149,吉利几何M6,50,吉利几何,14.98 - 18.98,,202301,406.3846154
85,吉利几何M6,621,吉利几何,14.98 - 18.98,,202302,406.3846154
143,吉利几何M6,123,吉利几何,14.98 - 18.98,,202303,406.3846154
116,吉利几何M6,351,吉利几何,14.98 - 18.98,,202304,406.3846154
129,吉利几何M6,269,吉利几何,14.98 - 18.98,,202305,406.3846154
124,吉利几何M6,352,吉利几何,14.98 - 18.98,,202306,406.3846154
150,吉利几何M6,194,吉利几何,14.98 - 18.98,,202307,406.3846154
168,吉利几何M6,134,吉利几何,14.98 - 18.98,,202308,406.3846154
194,吉利几何M6,34,吉利几何,14.98 - 18.98,,202309,406.3846154
203,吉利几何M6,11,吉利几何,14.98 - 18.98,,202310,406.3846154
128,星纪元 ES,740,星途,19.59 - 33.98,,202312,402.75
131,星纪元 ES,504,星途,19.59 - 33.98,,202401,402.75
108,星纪元 ES,482,星途,19.59 - 33.98,,202402,402.75
140,星纪元 ES,490,星途,19.59 - 33.98,,202403,402.75
132,星纪元 ES,559,星途,19.59 - 33.98,,202404,402.75
183,星纪元 ES,255,星途,19.59 - 33.98,,202405,402.75
227,星纪元 ES,109,星途,19.59 - 33.98,,202406,402.75
202,星纪元 ES,216,星途,19.59 - 33.98,,202407,402.75
195,星纪元 ES,311,星途,19.59 - 33.98,,202408,402.75
192,星纪元 ES,402,星途,19.59 - 33.98,,202409,402.75
180,星纪元 ES,551,星途,19.59 - 33.98,,202410,402.75
218,星纪元 ES,214,星途,19.59 - 33.98,,202411,402.75
190,L380,405,LEVC,37.99 - 47.99,,202409,402.6666667
191,L380,402,LEVC,37.99 - 47.99,,202410,402.6666667
190,L380,401,LEVC,37.99 - 47.99,,202411,402.6666667
213,铂智4X,22,广汽丰田,17.98 - 23.88,,202312,402.3333333
186,铂智4X,128,广汽丰田,17.98 - 23.88,,202401,402.3333333
158,铂智4X,174,广汽丰田,17.98 - 23.88,,202402,402.3333333
152,铂智4X,409,广汽丰田,17.98 - 23.88,,202403,402.3333333
128,铂智4X,606,广汽丰田,17.98 - 23.88,,202404,402.3333333
146,铂智4X,577,广汽丰田,17.98 - 23.88,,202405,402.3333333
136,铂智4X,714,广汽丰田,17.98 - 23.88,,202406,402.3333333
143,铂智4X,681,广汽丰田,17.98 - 23.88,,202407,402.3333333
168,铂智4X,540,广汽丰田,17.98 - 23.88,,202408,402.3333333
188,铂智4X,409,广汽丰田,17.98 - 23.88,,202409,402.3333333
209,铂智4X,271,广汽丰田,17.98 - 23.88,,202410,402.3333333
205,铂智4X,297,广汽丰田,17.98 - 23.88,,202411,402.3333333
25,欧拉iQ,707,长城新能源,11.48 - 15.03,,201809,397.3513514
25,欧拉iQ,710,长城新能源,11.48 - 15.03,,201810,397.3513514
31,欧拉iQ,1043,长城新能源,11.48 - 15.03,,201811,397.3513514
32,欧拉iQ,1055,长城新能源,11.48 - 15.03,,201812,397.3513514
13,欧拉iQ,2036,长城新能源,11.48 - 15.03,,201901,397.3513514
11,欧拉iQ,1443,长城新能源,11.48 - 15.03,,201902,397.3513514
10,欧拉iQ,3029,长城新能源,11.48 - 15.03,,201903,397.3513514
22,欧拉iQ,1109,长城新能源,11.48 - 15.03,,201904,397.3513514
30,欧拉iQ,751,长城新能源,11.48 - 15.03,,201905,397.3513514
32,欧拉iQ,564,长城新能源,11.48 - 15.03,,201906,397.3513514
26,欧拉iQ,394,长城新能源,11.48 - 15.03,,201907,397.3513514
46,欧拉iQ,117,长城新能源,11.48 - 15.03,,201908,397.3513514
43,欧拉iQ,167,长城新能源,11.48 - 15.03,,201909,397.3513514
40,欧拉iQ,156,长城新能源,11.48 - 15.03,,201910,397.3513514
40,欧拉iQ,251,长城新能源,11.48 - 15.03,,201911,397.3513514
45,欧拉iQ,350,长城新能源,11.48 - 15.03,,201912,397.3513514
80,欧拉iQ,5,长城新能源,11.48 - 15.03,,202001,397.3513514
45,欧拉iQ,4,长城新能源,11.48 - 15.03,,202002,397.3513514
70,欧拉iQ,9,长城新能源,11.48 - 15.03,,202003,397.3513514
91,欧拉iQ,5,长城新能源,11.48 - 15.03,,202004,397.3513514
93,欧拉iQ,7,长城新能源,11.48 - 15.03,,202005,397.3513514
79,欧拉iQ,34,长城新能源,11.48 - 15.03,,202006,397.3513514
89,欧拉iQ,16,长城新能源,11.48 - 15.03,,202007,397.3513514
98,欧拉iQ,11,长城新能源,11.48 - 15.03,,202008,397.3513514
34,欧拉iQ,563,长城新能源,11.48 - 15.03,,202009,397.3513514
80,欧拉iQ,91,长城新能源,11.48 - 15.03,,202010,397.3513514
93,欧拉iQ,75,长城新能源,11.48 - 15.03,,202011,397.3513514
129,欧拉iQ,0,长城新能源,11.48 - 15.03,,202012,397.3513514
153,欧拉iQ,0,长城新能源,11.48 - 15.03,,202012,397.3513514
138,欧拉iQ,0,长城新能源,11.48 - 15.03,,202101,397.3513514
127,欧拉iQ,0,长城新能源,11.48 - 15.03,,202102,397.3513514
135,欧拉iQ,0,长城新能源,11.48 - 15.03,,202103,397.3513514
127,欧拉iQ,0,长城新能源,11.48 - 15.03,,202104,397.3513514
146,欧拉iQ,0,长城新能源,11.48 - 15.03,,202105,397.3513514
127,欧拉iQ,0,长城新能源,11.48 - 15.03,,202106,397.3513514
160,欧拉iQ,0,长城新能源,11.48 - 15.03,,202106,397.3513514
141,欧拉iQ,0,长城新能源,11.48 - 15.03,,202109,397.3513514
187,欧拉iQ,0,长城新能源,11.48 - 15.03,,202111,397.3513514
170,欧拉iQ,0,长城新能源,11.48 - 15.03,,202112,397.3513514
21,英致EX1,1464,中国重汽VGV,0.00 - 0.00,,202101,396.4
41,英致EX1,234,中国重汽VGV,0.00 - 0.00,,202102,396.4
40,英致EX1,814,中国重汽VGV,0.00 - 0.00,,202103,396.4
53,英致EX1,422,中国重汽VGV,0.00 - 0.00,,202104,396.4
45,英致EX1,570,中国重汽VGV,0.00 - 0.00,,202105,396.4
53,英致EX1,460,中国重汽VGV,0.00 - 0.00,,202106,396.4
155,英致EX1,0,中国重汽VGV,0.00 - 0.00,,202109,396.4
132,英致EX1,0,中国重汽VGV,0.00 - 0.00,,202110,396.4
158,英致EX1,0,中国重汽VGV,0.00 - 0.00,,202110,396.4
175,英致EX1,0,中国重汽VGV,0.00 - 0.00,,202111,396.4
168,英致EX1,0,中国重汽VGV,0.00 - 0.00,,202112,396.4
92,凌宝uni,754,吉麦新能源,2.98 - 4.18,,202207,390.6551724
86,凌宝uni,918,吉麦新能源,2.98 - 4.18,,202208,390.6551724
93,凌宝uni,948,吉麦新能源,2.98 - 4.18,,202209,390.6551724
80,凌宝uni,925,吉麦新能源,2.98 - 4.18,,202210,390.6551724
109,凌宝uni,542,吉麦新能源,2.98 - 4.18,,202211,390.6551724
141,凌宝uni,188,吉麦新能源,2.98 - 4.18,,202212,390.6551724
104,凌宝uni,272,吉麦新能源,2.98 - 4.18,,202301,390.6551724
105,凌宝uni,385,吉麦新能源,2.98 - 4.18,,202302,390.6551724
120,凌宝uni,306,吉麦新能源,2.98 - 4.18,,202303,390.6551724
135,凌宝uni,178,吉麦新能源,2.98 - 4.18,,202304,390.6551724
118,凌宝uni,346,吉麦新能源,2.98 - 4.18,,202305,390.6551724
123,凌宝uni,366,吉麦新能源,2.98 - 4.18,,202306,390.6551724
129,凌宝uni,362,吉麦新能源,2.98 - 4.18,,202307,390.6551724
130,凌宝uni,412,吉麦新能源,2.98 - 4.18,,202308,390.6551724
136,凌宝uni,401,吉麦新能源,2.98 - 4.18,,202309,390.6551724
137,凌宝uni,396,吉麦新能源,2.98 - 4.18,,202310,390.6551724
143,凌宝uni,423,吉麦新能源,2.98 - 4.18,,202311,390.6551724
147,凌宝uni,473,吉麦新能源,2.98 - 4.18,,202312,390.6551724
165,凌宝uni,217,吉麦新能源,2.98 - 4.18,,202401,390.6551724
180,凌宝uni,100,吉麦新能源,2.98 - 4.18,,202402,390.6551724
178,凌宝uni,207,吉麦新能源,2.98 - 4.18,,202403,390.6551724
160,凌宝uni,348,吉麦新能源,2.98 - 4.18,,202404,390.6551724
178,凌宝uni,317,吉麦新能源,2.98 - 4.18,,202405,390.6551724
172,凌宝uni,375,吉麦新能源,2.98 - 4.18,,202406,390.6551724
174,凌宝uni,361,吉麦新能源,2.98 - 4.18,,202407,390.6551724
257,凌宝uni,40,吉麦新能源,2.98 - 4.18,,202408,390.6551724
194,凌宝uni,375,吉麦新能源,2.98 - 4.18,,202409,390.6551724
233,凌宝uni,121,吉麦新能源,2.98 - 4.18,,202410,390.6551724
207,凌宝uni,273,吉麦新能源,2.98 - 4.18,,202411,390.6551724
192,长安启源E07,388,长安启源,19.99 - 31.99,,202411,388
188,极石01,72,极石汽车,29.99 - 35.99,,202310,387.6153846
177,极石01,154,极石汽车,29.99 - 35.99,,202311,387.6153846
132,极石01,686,极石汽车,29.99 - 35.99,,202312,387.6153846
99,极石01,552,极石汽车,29.99 - 35.99,,202402,387.6153846
128,极石01,563,极石汽车,29.99 - 35.99,,202403,387.6153846
189,极石01,154,极石汽车,29.99 - 35.99,,202404,387.6153846
204,极石01,163,极石汽车,29.99 - 35.99,,202405,387.6153846
190,极石01,260,极石汽车,29.99 - 35.99,,202406,387.6153846
181,极石01,327,极石汽车,29.99 - 35.99,,202407,387.6153846
181,极石01,380,极石汽车,29.99 - 35.99,,202408,387.6153846
178,极石01,510,极石汽车,29.99 - 35.99,,202409,387.6153846
178,极石01,568,极石汽车,29.99 - 35.99,,202410,387.6153846
166,极石01,650,极石汽车,29.99 - 35.99,,202411,387.6153846
70,远志M1,250,大运汽车,17.88 - 31.88,,202107,386.925
79,远志M1,170,大运汽车,17.88 - 31.88,,202108,386.925
83,远志M1,190,大运汽车,17.88 - 31.88,,202109,386.925
79,远志M1,232,大运汽车,17.88 - 31.88,,202110,386.925
93,远志M1,220,大运汽车,17.88 - 31.88,,202111,386.925
94,远志M1,243,大运汽车,17.88 - 31.88,,202112,386.925
94,远志M1,414,大运汽车,17.88 - 31.88,,202201,386.925
107,远志M1,177,大运汽车,17.88 - 31.88,,202202,386.925
119,远志M1,190,大运汽车,17.88 - 31.88,,202203,386.925
101,远志M1,244,大运汽车,17.88 - 31.88,,202204,386.925
112,远志M1,188,大运汽车,17.88 - 31.88,,202205,386.925
157,远志M1,30,大运汽车,17.88 - 31.88,,202206,386.925
123,远志M1,235,大运汽车,17.88 - 31.88,,202207,386.925
124,远志M1,279,大运汽车,17.88 - 31.88,,202208,386.925
151,远志M1,104,大运汽车,17.88 - 31.88,,202209,386.925
141,远志M1,110,大运汽车,17.88 - 31.88,,202210,386.925
134,远志M1,168,大运汽车,17.88 - 31.88,,202211,386.925
124,远志M1,357,大运汽车,17.88 - 31.88,,202212,386.925
106,远志M1,248,大运汽车,17.88 - 31.88,,202301,386.925
127,远志M1,170,大运汽车,17.88 - 31.88,,202302,386.925
115,远志M1,339,大运汽车,17.88 - 31.88,,202303,386.925
119,远志M1,324,大运汽车,17.88 - 31.88,,202304,386.925
115,远志M1,354,大运汽车,17.88 - 31.88,,202305,386.925
122,远志M1,376,大运汽车,17.88 - 31.88,,202306,386.925
132,远志M1,324,大运汽车,17.88 - 31.88,,202307,386.925
123,远志M1,497,大运汽车,17.88 - 31.88,,202308,386.925
122,远志M1,563,大运汽车,17.88 - 31.88,,202309,386.925
120,远志M1,661,大运汽车,17.88 - 31.88,,202310,386.925
114,远志M1,744,大运汽车,17.88 - 31.88,,202311,386.925
138,远志M1,570,大运汽车,17.88 - 31.88,,202312,386.925
127,远志M1,545,大运汽车,17.88 - 31.88,,202401,386.925
125,远志M1,359,大运汽车,17.88 - 31.88,,202402,386.925
145,远志M1,459,大运汽车,17.88 - 31.88,,202403,386.925
121,远志M1,669,大运汽车,17.88 - 31.88,,202404,386.925
97,远志M1,1313,大运汽车,17.88 - 31.88,,202405,386.925
121,远志M1,968,大运汽车,17.88 - 31.88,,202406,386.925
125,远志M1,921,大运汽车,17.88 - 31.88,,202407,386.925
165,远志M1,567,大运汽车,17.88 - 31.88,,202408,386.925
191,远志M1,404,大运汽车,17.88 - 31.88,,202409,386.925
206,远志M1,301,大运汽车,17.88 - 31.88,,202410,386.925
45,红旗E-HS9,455,一汽红旗,50.98 - 77.98,,202101,386.6382979
45,红旗E-HS9,210,一汽红旗,50.98 - 77.98,,202102,386.6382979
51,红旗E-HS9,501,一汽红旗,50.98 - 77.98,,202103,386.6382979
51,红旗E-HS9,428,一汽红旗,50.98 - 77.98,,202104,386.6382979
59,红旗E-HS9,379,一汽红旗,50.98 - 77.98,,202105,386.6382979
65,红旗E-HS9,283,一汽红旗,50.98 - 77.98,,202106,386.6382979
65,红旗E-HS9,283,一汽红旗,50.98 - 77.98,,202107,386.6382979
67,红旗E-HS9,369,一汽红旗,50.98 - 77.98,,202108,386.6382979
67,红旗E-HS9,390,一汽红旗,50.98 - 77.98,,202109,386.6382979
52,红旗E-HS9,872,一汽红旗,50.98 - 77.98,,202110,386.6382979
73,红旗E-HS9,546,一汽红旗,50.98 - 77.98,,202111,386.6382979
73,红旗E-HS9,765,一汽红旗,50.98 - 77.98,,202112,386.6382979
82,红旗E-HS9,520,一汽红旗,50.98 - 77.98,,202201,386.6382979
90,红旗E-HS9,294,一汽红旗,50.98 - 77.98,,202202,386.6382979
109,红旗E-HS9,253,一汽红旗,50.98 - 77.98,,202203,386.6382979
102,红旗E-HS9,239,一汽红旗,50.98 - 77.98,,202204,386.6382979
80,红旗E-HS9,687,一汽红旗,50.98 - 77.98,,202205,386.6382979
112,红旗E-HS9,398,一汽红旗,50.98 - 77.98,,202206,386.6382979
104,红旗E-HS9,488,一汽红旗,50.98 - 77.98,,202207,386.6382979
105,红旗E-HS9,519,一汽红旗,50.98 - 77.98,,202208,386.6382979
111,红旗E-HS9,524,一汽红旗,50.98 - 77.98,,202209,386.6382979
129,红旗E-HS9,204,一汽红旗,50.98 - 77.98,,202210,386.6382979
121,红旗E-HS9,368,一汽红旗,50.98 - 77.98,,202211,386.6382979
76,红旗E-HS9,1804,一汽红旗,50.98 - 77.98,,202212,386.6382979
45,红旗E-HS9,1348,一汽红旗,50.98 - 77.98,,202301,386.6382979
93,红旗E-HS9,537,一汽红旗,50.98 - 77.98,,202302,386.6382979
109,红旗E-HS9,376,一汽红旗,50.98 - 77.98,,202303,386.6382979
144,红旗E-HS9,134,一汽红旗,50.98 - 77.98,,202304,386.6382979
94,红旗E-HS9,556,一汽红旗,50.98 - 77.98,,202305,386.6382979
115,红旗E-HS9,458,一汽红旗,50.98 - 77.98,,202306,386.6382979
124,红旗E-HS9,425,一汽红旗,50.98 - 77.98,,202307,386.6382979
113,红旗E-HS9,610,一汽红旗,50.98 - 77.98,,202308,386.6382979
149,红旗E-HS9,281,一汽红旗,50.98 - 77.98,,202309,386.6382979
162,红旗E-HS9,200,一汽红旗,50.98 - 77.98,,202310,386.6382979
148,红旗E-HS9,380,一汽红旗,50.98 - 77.98,,202311,386.6382979
199,红旗E-HS9,79,一汽红旗,50.98 - 77.98,,202312,386.6382979
121,红旗E-HS9,606,一汽红旗,50.98 - 77.98,,202401,386.6382979
167,红旗E-HS9,125,一汽红旗,50.98 - 77.98,,202402,386.6382979
231,红旗E-HS9,12,一汽红旗,50.98 - 77.98,,202403,386.6382979
235,红旗E-HS9,16,一汽红旗,50.98 - 77.98,,202404,386.6382979
248,红旗E-HS9,16,一汽红旗,50.98 - 77.98,,202405,386.6382979
252,红旗E-HS9,18,一汽红旗,50.98 - 77.98,,202406,386.6382979
255,红旗E-HS9,18,一汽红旗,50.98 - 77.98,,202407,386.6382979
219,红旗E-HS9,166,一汽红旗,50.98 - 77.98,,202408,386.6382979
281,红旗E-HS9,7,一汽红旗,50.98 - 77.98,,202409,386.6382979
276,红旗E-HS9,18,一汽红旗,50.98 - 77.98,,202410,386.6382979
285,红旗E-HS9,7,一汽红旗,50.98 - 77.98,,202411,386.6382979
92,奔驰EQB,232,北京奔驰,35.20 - 42.80,,202111,384.4166667
95,奔驰EQB,241,北京奔驰,35.20 - 42.80,,202112,384.4166667
79,奔驰EQB,564,北京奔驰,35.20 - 42.80,,202201,384.4166667
106,奔驰EQB,178,北京奔驰,35.20 - 42.80,,202202,384.4166667
104,奔驰EQB,264,北京奔驰,35.20 - 42.80,,202203,384.4166667
104,奔驰EQB,191,北京奔驰,35.20 - 42.80,,202204,384.4166667
94,奔驰EQB,482,北京奔驰,35.20 - 42.80,,202205,384.4166667
87,奔驰EQB,940,北京奔驰,35.20 - 42.80,,202206,384.4166667
115,奔驰EQB,381,北京奔驰,35.20 - 42.80,,202207,384.4166667
95,奔驰EQB,667,北京奔驰,35.20 - 42.80,,202208,384.4166667
158,奔驰EQB,60,北京奔驰,35.20 - 42.80,,202209,384.4166667
137,奔驰EQB,133,北京奔驰,35.20 - 42.80,,202210,384.4166667
120,奔驰EQB,406,北京奔驰,35.20 - 42.80,,202212,384.4166667
114,奔驰EQB,189,北京奔驰,35.20 - 42.80,,202301,384.4166667
126,奔驰EQB,181,北京奔驰,35.20 - 42.80,,202302,384.4166667
125,奔驰EQB,257,北京奔驰,35.20 - 42.80,,202303,384.4166667
120,奔驰EQB,300,北京奔驰,35.20 - 42.80,,202304,384.4166667
95,奔驰EQB,546,北京奔驰,35.20 - 42.80,,202305,384.4166667
119,奔驰EQB,411,北京奔驰,35.20 - 42.80,,202306,384.4166667
90,奔驰EQB,937,北京奔驰,35.20 - 42.80,,202307,384.4166667
105,奔驰EQB,682,北京奔驰,35.20 - 42.80,,202308,384.4166667
123,奔驰EQB,558,北京奔驰,35.20 - 42.80,,202309,384.4166667
172,奔驰EQB,145,北京奔驰,35.20 - 42.80,,202310,384.4166667
118,奔驰EQB,689,北京奔驰,35.20 - 42.80,,202311,384.4166667
116,奔驰EQB,921,北京奔驰,35.20 - 42.80,,202312,384.4166667
155,奔驰EQB,295,北京奔驰,35.20 - 42.80,,202401,384.4166667
117,奔驰EQB,405,北京奔驰,35.20 - 42.80,,202402,384.4166667
119,奔驰EQB,666,北京奔驰,35.20 - 42.80,,202403,384.4166667
243,奔驰EQB,5,北京奔驰,35.20 - 42.80,,202404,384.4166667
167,奔驰EQB,360,北京奔驰,35.20 - 42.80,,202405,384.4166667
191,奔驰EQB,256,北京奔驰,35.20 - 42.80,,202406,384.4166667
270,奔驰EQB,3,北京奔驰,35.20 - 42.80,,202407,384.4166667
140,奔驰EQB,760,北京奔驰,35.20 - 42.80,,202408,384.4166667
234,奔驰EQB,129,北京奔驰,35.20 - 42.80,,202409,384.4166667
219,奔驰EQB,191,北京奔驰,35.20 - 42.80,,202410,384.4166667
217,奔驰EQB,214,北京奔驰,35.20 - 42.80,,202411,384.4166667
22,全球鹰K10,1,康迪电动汽车集团,15.08 - 15.08,,201705,382.3333333
16,全球鹰K10,1146,康迪电动汽车集团,15.08 - 15.08,,201710,382.3333333
30,全球鹰K10,0,康迪电动汽车集团,15.08 - 15.08,,201712,382.3333333
51,宋MAX新能源,66,比亚迪,14.78 - 17.48,,201903,376
27,宋MAX新能源,735,比亚迪,14.78 - 17.48,,201904,376
19,宋MAX新能源,1464,比亚迪,14.78 - 17.48,,201905,376
29,宋MAX新能源,775,比亚迪,14.78 - 17.48,,201906,376
20,宋MAX新能源,720,比亚迪,14.78 - 17.48,,201907,376
31,宋MAX新能源,331,比亚迪,14.78 - 17.48,,201908,376
29,宋MAX新能源,375,比亚迪,14.78 - 17.48,,201909,376
31,宋MAX新能源,293,比亚迪,14.78 - 17.48,,201910,376
45,宋MAX新能源,191,比亚迪,14.78 - 17.48,,201911,376
54,宋MAX新能源,207,比亚迪,14.78 - 17.48,,201912,376
58,宋MAX新能源,47,比亚迪,14.78 - 17.48,,202001,376
117,宋MAX新能源,0,比亚迪,14.78 - 17.48,,202002,376
55,宋MAX新能源,22,比亚迪,14.78 - 17.48,,202003,376
46,宋MAX新能源,109,比亚迪,14.78 - 17.48,,202004,376
49,宋MAX新能源,154,比亚迪,14.78 - 17.48,,202005,376
44,宋MAX新能源,249,比亚迪,14.78 - 17.48,,202006,376
47,宋MAX新能源,268,比亚迪,14.78 - 17.48,,202007,376
50,宋MAX新能源,274,比亚迪,14.78 - 17.48,,202008,376
60,宋MAX新能源,145,比亚迪,14.78 - 17.48,,202009,376
78,宋MAX新能源,95,比亚迪,14.78 - 17.48,,202010,376
68,宋MAX新能源,215,比亚迪,14.78 - 17.48,,202011,376
60,宋MAX新能源,404,比亚迪,14.78 - 17.48,,202012,376
62,宋MAX新能源,194,比亚迪,14.78 - 17.48,,202101,376
70,宋MAX新能源,60,比亚迪,14.78 - 17.48,,202102,376
77,宋MAX新能源,77,比亚迪,14.78 - 17.48,,202103,376
71,宋MAX新能源,172,比亚迪,14.78 - 17.48,,202104,376
85,宋MAX新能源,83,比亚迪,14.78 - 17.48,,202105,376
89,宋MAX新能源,60,比亚迪,14.78 - 17.48,,202107,376
86,宋MAX新能源,87,比亚迪,14.78 - 17.48,,202108,376
131,宋MAX新能源,0,比亚迪,14.78 - 17.48,,202109,376
195,宋MAX新能源,0,比亚迪,14.78 - 17.48,,202110,376
180,宋MAX新能源,0,比亚迪,14.78 - 17.48,,202111,376
159,宋MAX新能源,0,比亚迪,14.78 - 17.48,,202112,376
116,宋MAX新能源,102,比亚迪,14.78 - 17.48,,202201,376
71,宋MAX新能源,624,比亚迪,14.78 - 17.48,,202202,376
61,宋MAX新能源,1320,比亚迪,14.78 - 17.48,,202203,376
40,宋MAX新能源,1372,比亚迪,14.78 - 17.48,,202204,376
88,宋MAX新能源,557,比亚迪,14.78 - 17.48,,202205,376
97,宋MAX新能源,581,比亚迪,14.78 - 17.48,,202206,376
109,宋MAX新能源,435,比亚迪,14.78 - 17.48,,202207,376
103,宋MAX新能源,561,比亚迪,14.78 - 17.48,,202208,376
75,宋MAX新能源,1380,比亚迪,14.78 - 17.48,,202209,376
70,宋MAX新能源,1498,比亚迪,14.78 - 17.48,,202210,376
76,宋MAX新能源,1596,比亚迪,14.78 - 17.48,,202211,376
94,宋MAX新能源,1029,比亚迪,14.78 - 17.48,,202212,376
81,宋MAX新能源,493,比亚迪,14.78 - 17.48,,202301,376
62,宋MAX新能源,1007,比亚迪,14.78 - 17.48,,202302,376
87,宋MAX新能源,675,比亚迪,14.78 - 17.48,,202303,376
139,宋MAX新能源,184,比亚迪,14.78 - 17.48,,202305,376
109,宋MAX新能源,526,比亚迪,14.78 - 17.48,,202306,376
142,宋MAX新能源,244,比亚迪,14.78 - 17.48,,202307,376
170,宋MAX新能源,114,比亚迪,14.78 - 17.48,,202308,376
134,宋MAX新能源,436,比亚迪,14.78 - 17.48,,202309,376
206,宋MAX新能源,41,比亚迪,14.78 - 17.48,,202312,376
179,宋MAX新能源,156,比亚迪,14.78 - 17.48,,202401,376
195,宋MAX新能源,61,比亚迪,14.78 - 17.48,,202402,376
244,宋MAX新能源,26,比亚迪,14.78 - 17.48,,202405,376
250,宋MAX新能源,20,比亚迪,14.78 - 17.48,,202406,376
259,宋MAX新能源,14,比亚迪,14.78 - 17.48,,202407,376
266,宋MAX新能源,10,比亚迪,14.78 - 17.48,,202408,376
285,宋MAX新能源,2,比亚迪,14.78 - 17.48,,202409,376
86,魏牌 摩卡新能源,519,长城汽车,23.18 - 23.88,,202203,375.2424242
70,魏牌 摩卡新能源,611,长城汽车,23.18 - 23.88,,202204,375.2424242
78,魏牌 摩卡新能源,732,长城汽车,23.18 - 23.88,,202205,375.2424242
85,魏牌 摩卡新能源,1003,长城汽车,23.18 - 23.88,,202206,375.2424242
82,魏牌 摩卡新能源,1025,长城汽车,23.18 - 23.88,,202207,375.2424242
87,魏牌 摩卡新能源,813,长城汽车,23.18 - 23.88,,202208,375.2424242
122,魏牌 摩卡新能源,358,长城汽车,23.18 - 23.88,,202209,375.2424242
120,魏牌 摩卡新能源,282,长城汽车,23.18 - 23.88,,202210,375.2424242
125,魏牌 摩卡新能源,277,长城汽车,23.18 - 23.88,,202211,375.2424242
130,魏牌 摩卡新能源,275,长城汽车,23.18 - 23.88,,202212,375.2424242
124,魏牌 摩卡新能源,123,长城汽车,23.18 - 23.88,,202301,375.2424242
137,魏牌 摩卡新能源,115,长城汽车,23.18 - 23.88,,202302,375.2424242
133,魏牌 摩卡新能源,211,长城汽车,23.18 - 23.88,,202303,375.2424242
91,魏牌 摩卡新能源,582,长城汽车,23.18 - 23.88,,202304,375.2424242
135,魏牌 摩卡新能源,219,长城汽车,23.18 - 23.88,,202305,375.2424242
90,魏牌 摩卡新能源,1005,长城汽车,23.18 - 23.88,,202306,375.2424242
87,魏牌 摩卡新能源,1006,长城汽车,23.18 - 23.88,,202307,375.2424242
118,魏牌 摩卡新能源,554,长城汽车,23.18 - 23.88,,202308,375.2424242
130,魏牌 摩卡新能源,487,长城汽车,23.18 - 23.88,,202309,375.2424242
174,魏牌 摩卡新能源,141,长城汽车,23.18 - 23.88,,202310,375.2424242
196,魏牌 摩卡新能源,95,长城汽车,23.18 - 23.88,,202311,375.2424242
181,魏牌 摩卡新能源,207,长城汽车,23.18 - 23.88,,202312,375.2424242
183,魏牌 摩卡新能源,140,长城汽车,23.18 - 23.88,,202401,375.2424242
177,魏牌 摩卡新能源,102,长城汽车,23.18 - 23.88,,202402,375.2424242
191,魏牌 摩卡新能源,157,长城汽车,23.18 - 23.88,,202403,375.2424242
177,魏牌 摩卡新能源,229,长城汽车,23.18 - 23.88,,202404,375.2424242
188,魏牌 摩卡新能源,239,长城汽车,23.18 - 23.88,,202405,375.2424242
197,魏牌 摩卡新能源,223,长城汽车,23.18 - 23.88,,202406,375.2424242
218,魏牌 摩卡新能源,154,长城汽车,23.18 - 23.88,,202407,375.2424242
216,魏牌 摩卡新能源,180,长城汽车,23.18 - 23.88,,202408,375.2424242
254,魏牌 摩卡新能源,71,长城汽车,23.18 - 23.88,,202409,375.2424242
244,魏牌 摩卡新能源,87,长城汽车,23.18 - 23.88,,202410,375.2424242
230,魏牌 摩卡新能源,161,长城汽车,23.18 - 23.88,,202411,375.2424242
134,奥迪Q5 e-tron,62,上汽奥迪,29.85 - 43.55,,202203,369.9375
129,奥迪Q5 e-tron,97,上汽奥迪,29.85 - 43.55,,202205,369.9375
130,奥迪Q5 e-tron,125,上汽奥迪,29.85 - 43.55,,202206,369.9375
119,奥迪Q5 e-tron,261,上汽奥迪,29.85 - 43.55,,202207,369.9375
120,奥迪Q5 e-tron,338,上汽奥迪,29.85 - 43.55,,202208,369.9375
129,奥迪Q5 e-tron,324,上汽奥迪,29.85 - 43.55,,202209,369.9375
119,奥迪Q5 e-tron,290,上汽奥迪,29.85 - 43.55,,202210,369.9375
139,奥迪Q5 e-tron,132,上汽奥迪,29.85 - 43.55,,202211,369.9375
150,奥迪Q5 e-tron,92,上汽奥迪,29.85 - 43.55,,202212,369.9375
135,奥迪Q5 e-tron,70,上汽奥迪,29.85 - 43.55,,202301,369.9375
138,奥迪Q5 e-tron,114,上汽奥迪,29.85 - 43.55,,202302,369.9375
124,奥迪Q5 e-tron,260,上汽奥迪,29.85 - 43.55,,202303,369.9375
101,奥迪Q5 e-tron,455,上汽奥迪,29.85 - 43.55,,202304,369.9375
91,奥迪Q5 e-tron,602,上汽奥迪,29.85 - 43.55,,202305,369.9375
104,奥迪Q5 e-tron,618,上汽奥迪,29.85 - 43.55,,202306,369.9375
123,奥迪Q5 e-tron,425,上汽奥迪,29.85 - 43.55,,202307,369.9375
137,奥迪Q5 e-tron,357,上汽奥迪,29.85 - 43.55,,202308,369.9375
127,奥迪Q5 e-tron,510,上汽奥迪,29.85 - 43.55,,202309,369.9375
134,奥迪Q5 e-tron,405,上汽奥迪,29.85 - 43.55,,202310,369.9375
124,奥迪Q5 e-tron,600,上汽奥迪,29.85 - 43.55,,202311,369.9375
122,奥迪Q5 e-tron,791,上汽奥迪,29.85 - 43.55,,202312,369.9375
150,奥迪Q5 e-tron,330,上汽奥迪,29.85 - 43.55,,202401,369.9375
141,奥迪Q5 e-tron,260,上汽奥迪,29.85 - 43.55,,202402,369.9375
155,奥迪Q5 e-tron,390,上汽奥迪,29.85 - 43.55,,202403,369.9375
142,奥迪Q5 e-tron,470,上汽奥迪,29.85 - 43.55,,202404,369.9375
161,奥迪Q5 e-tron,400,上汽奥迪,29.85 - 43.55,,202405,369.9375
175,奥迪Q5 e-tron,350,上汽奥迪,29.85 - 43.55,,202406,369.9375
178,奥迪Q5 e-tron,350,上汽奥迪,29.85 - 43.55,,202407,369.9375
182,奥迪Q5 e-tron,380,上汽奥迪,29.85 - 43.55,,202408,369.9375
193,奥迪Q5 e-tron,380,上汽奥迪,29.85 - 43.55,,202409,369.9375
170,奥迪Q5 e-tron,700,上汽奥迪,29.85 - 43.55,,202410,369.9375
152,奥迪Q5 e-tron,900,上汽奥迪,29.85 - 43.55,,202411,369.9375
87,YOUNG光小新,484,电动屋,6.58 - 8.48,,202201,365.7727273
81,YOUNG光小新,379,电动屋,6.58 - 8.48,,202202,365.7727273
107,YOUNG光小新,261,电动屋,6.58 - 8.48,,202203,365.7727273
89,YOUNG光小新,361,电动屋,6.58 - 8.48,,202204,365.7727273
84,YOUNG光小新,606,电动屋,6.58 - 8.48,,202205,365.7727273
95,YOUNG光小新,618,电动屋,6.58 - 8.48,,202206,365.7727273
97,YOUNG光小新,623,电动屋,6.58 - 8.48,,202207,365.7727273
103,YOUNG光小新,645,电动屋,6.58 - 8.48,,202209,365.7727273
92,YOUNG光小新,658,电动屋,6.58 - 8.48,,202210,365.7727273
97,YOUNG光小新,665,电动屋,6.58 - 8.48,,202211,365.7727273
103,YOUNG光小新,719,电动屋,6.58 - 8.48,,202212,365.7727273
91,YOUNG光小新,353,电动屋,6.58 - 8.48,,202301,365.7727273
122,YOUNG光小新,211,电动屋,6.58 - 8.48,,202302,365.7727273
130,YOUNG光小新,225,电动屋,6.58 - 8.48,,202303,365.7727273
136,YOUNG光小新,176,电动屋,6.58 - 8.48,,202304,365.7727273
143,YOUNG光小新,148,电动屋,6.58 - 8.48,,202305,365.7727273
148,YOUNG光小新,168,电动屋,6.58 - 8.48,,202306,365.7727273
168,YOUNG光小新,100,电动屋,6.58 - 8.48,,202307,365.7727273
165,YOUNG光小新,166,电动屋,6.58 - 8.48,,202308,365.7727273
166,YOUNG光小新,158,电动屋,6.58 - 8.48,,202309,365.7727273
169,YOUNG光小新,161,电动屋,6.58 - 8.48,,202310,365.7727273
176,YOUNG光小新,162,电动屋,6.58 - 8.48,,202311,365.7727273
28,腾势X,296,腾势汽车,28.98 - 35.78,,202001,365.32
23,腾势X,66,腾势汽车,28.98 - 35.78,,202002,365.32
24,腾势X,436,腾势汽车,28.98 - 35.78,,202003,365.32
27,腾势X,433,腾势汽车,28.98 - 35.78,,202004,365.32
32,腾势X,391,腾势汽车,28.98 - 35.78,,202005,365.32
40,腾势X,301,腾势汽车,28.98 - 35.78,,202006,365.32
46,腾势X,271,腾势汽车,28.98 - 35.78,,202007,365.32
54,腾势X,243,腾势汽车,28.98 - 35.78,,202008,365.32
39,腾势X,445,腾势汽车,28.98 - 35.78,,202009,365.32
53,腾势X,350,腾势汽车,28.98 - 35.78,,202010,365.32
53,腾势X,462,腾势汽车,28.98 - 35.78,,202011,365.32
55,腾势X,481,腾势汽车,28.98 - 35.78,,202012,365.32
44,腾势X,459,腾势汽车,28.98 - 35.78,,202101,365.32
54,腾势X,122,腾势汽车,28.98 - 35.78,,202102,365.32
50,腾势X,520,腾势汽车,28.98 - 35.78,,202103,365.32
54,腾势X,416,腾势汽车,28.98 - 35.78,,202104,365.32
52,腾势X,450,腾势汽车,28.98 - 35.78,,202105,365.32
57,腾势X,416,腾势汽车,28.98 - 35.78,,202106,365.32
60,腾势X,330,腾势汽车,28.98 - 35.78,,202107,365.32
69,腾势X,350,腾势汽车,28.98 - 35.78,,202108,365.32
65,腾势X,410,腾势汽车,28.98 - 35.78,,202109,365.32
67,腾势X,370,腾势汽车,28.98 - 35.78,,202110,365.32
80,腾势X,425,腾势汽车,28.98 - 35.78,,202111,365.32
82,腾势X,515,腾势汽车,28.98 - 35.78,,202112,365.32
109,腾势X,175,腾势汽车,28.98 - 35.78,,202201,365.32
89,五菱荣光EV,0,上汽通用五菱,10.88 - 11.88,,202003,357.6976744
124,五菱荣光EV,0,上汽通用五菱,10.88 - 11.88,,202003,357.6976744
42,五菱荣光EV,123,上汽通用五菱,10.88 - 11.88,,202004,357.6976744
37,五菱荣光EV,263,上汽通用五菱,10.88 - 11.88,,202005,357.6976744
38,五菱荣光EV,356,上汽通用五菱,10.88 - 11.88,,202006,357.6976744
23,五菱荣光EV,891,上汽通用五菱,10.88 - 11.88,,202007,357.6976744
62,五菱荣光EV,182,上汽通用五菱,10.88 - 11.88,,202008,357.6976744
49,五菱荣光EV,292,上汽通用五菱,10.88 - 11.88,,202009,357.6976744
55,五菱荣光EV,327,上汽通用五菱,10.88 - 11.88,,202010,357.6976744
36,五菱荣光EV,875,上汽通用五菱,10.88 - 11.88,,202011,357.6976744
51,五菱荣光EV,557,上汽通用五菱,10.88 - 11.88,,202012,357.6976744
50,五菱荣光EV,400,上汽通用五菱,10.88 - 11.88,,202101,357.6976744
46,五菱荣光EV,206,上汽通用五菱,10.88 - 11.88,,202102,357.6976744
29,五菱荣光EV,1161,上汽通用五菱,10.88 - 11.88,,202103,357.6976744
44,五菱荣光EV,534,上汽通用五菱,10.88 - 11.88,,202104,357.6976744
78,五菱荣光EV,133,上汽通用五菱,10.88 - 11.88,,202105,357.6976744
61,五菱荣光EV,338,上汽通用五菱,10.88 - 11.88,,202106,357.6976744
88,五菱荣光EV,66,上汽通用五菱,10.88 - 11.88,,202107,357.6976744
52,五菱荣光EV,704,上汽通用五菱,10.88 - 11.88,,202108,357.6976744
47,五菱荣光EV,823,上汽通用五菱,10.88 - 11.88,,202109,357.6976744
68,五菱荣光EV,358,上汽通用五菱,10.88 - 11.88,,202110,357.6976744
75,五菱荣光EV,483,上汽通用五菱,10.88 - 11.88,,202111,357.6976744
84,五菱荣光EV,478,上汽通用五菱,10.88 - 11.88,,202112,357.6976744
103,五菱荣光EV,486,上汽通用五菱,10.88 - 11.88,,202303,357.6976744
113,五菱荣光EV,369,上汽通用五菱,10.88 - 11.88,,202304,357.6976744
110,五菱荣光EV,387,上汽通用五菱,10.88 - 11.88,,202305,357.6976744
137,五菱荣光EV,254,上汽通用五菱,10.88 - 11.88,,202306,357.6976744
140,五菱荣光EV,271,上汽通用五菱,10.88 - 11.88,,202307,357.6976744
148,五菱荣光EV,294,上汽通用五菱,10.88 - 11.88,,202308,357.6976744
138,五菱荣光EV,386,上汽通用五菱,10.88 - 11.88,,202309,357.6976744
138,五菱荣光EV,392,上汽通用五菱,10.88 - 11.88,,202310,357.6976744
133,五菱荣光EV,541,上汽通用五菱,10.88 - 11.88,,202311,357.6976744
120,五菱荣光EV,830,上汽通用五菱,10.88 - 11.88,,202312,357.6976744
181,五菱荣光EV,149,上汽通用五菱,10.88 - 11.88,,202401,357.6976744
140,五菱荣光EV,267,上汽通用五菱,10.88 - 11.88,,202402,357.6976744
165,五菱荣光EV,336,上汽通用五菱,10.88 - 11.88,,202403,357.6976744
173,五菱荣光EV,244,上汽通用五菱,10.88 - 11.88,,202404,357.6976744
193,五菱荣光EV,213,上汽通用五菱,10.88 - 11.88,,202405,357.6976744
235,五菱荣光EV,77,上汽通用五菱,10.88 - 11.88,,202406,357.6976744
220,五菱荣光EV,145,上汽通用五菱,10.88 - 11.88,,202407,357.6976744
239,五菱荣光EV,92,上汽通用五菱,10.88 - 11.88,,202408,357.6976744
261,五菱荣光EV,48,上汽通用五菱,10.88 - 11.88,,202409,357.6976744
274,五菱荣光EV,19,上汽通用五菱,10.88 - 11.88,,202410,357.6976744
269,五菱荣光EV,31,上汽通用五菱,10.88 - 11.88,,202411,357.6976744
20,传祺GE3,32,广汽埃安,0.00 - 0.00,,201707,357.5294118
20,传祺GE3,193,广汽埃安,0.00 - 0.00,,201708,357.5294118
21,传祺GE3,399,广汽埃安,0.00 - 0.00,,201709,357.5294118
21,传祺GE3,488,广汽埃安,0.00 - 0.00,,201710,357.5294118
24,传祺GE3,215,广汽埃安,0.00 - 0.00,,201711,357.5294118
23,传祺GE3,435,广汽埃安,0.00 - 0.00,,201712,357.5294118
11,传祺GE3,536,广汽埃安,0.00 - 0.00,,201801,357.5294118
11,传祺GE3,442,广汽埃安,0.00 - 0.00,,201802,357.5294118
15,传祺GE3,429,广汽埃安,0.00 - 0.00,,201803,357.5294118
20,传祺GE3,422,广汽埃安,0.00 - 0.00,,201804,357.5294118
26,传祺GE3,371,广汽埃安,0.00 - 0.00,,201805,357.5294118
20,传祺GE3,337,广汽埃安,0.00 - 0.00,,201806,357.5294118
32,传祺GE3,280,广汽埃安,0.00 - 0.00,,201807,357.5294118
39,传祺GE3,176,广汽埃安,0.00 - 0.00,,201808,357.5294118
18,传祺GE3,1227,广汽埃安,0.00 - 0.00,,201809,357.5294118
18,传祺GE3,1592,广汽埃安,0.00 - 0.00,,201810,357.5294118
20,传祺GE3,1749,广汽埃安,0.00 - 0.00,,201811,357.5294118
28,传祺GE3,1291,广汽埃安,0.00 - 0.00,,201812,357.5294118
16,传祺GE3,1683,广汽埃安,0.00 - 0.00,,201901,357.5294118
22,传祺GE3,504,广汽埃安,0.00 - 0.00,,201902,357.5294118
25,传祺GE3,1080,广汽埃安,0.00 - 0.00,,201903,357.5294118
24,传祺GE3,1073,广汽埃安,0.00 - 0.00,,201904,357.5294118
25,传祺GE3,1171,广汽埃安,0.00 - 0.00,,201905,357.5294118
28,传祺GE3,784,广汽埃安,0.00 - 0.00,,201906,357.5294118
66,传祺GE3,0,广汽埃安,0.00 - 0.00,,201907,357.5294118
82,传祺GE3,0,广汽埃安,0.00 - 0.00,,201908,357.5294118
66,传祺GE3,4,广汽埃安,0.00 - 0.00,,201909,357.5294118
84,传祺GE3,0,广汽埃安,0.00 - 0.00,,201910,357.5294118
75,传祺GE3,2,广汽埃安,0.00 - 0.00,,201911,357.5294118
31,传祺GE3,729,广汽埃安,0.00 - 0.00,,201912,357.5294118
55,传祺GE3,53,广汽埃安,0.00 - 0.00,,202001,357.5294118
30,传祺GE3,36,广汽埃安,0.00 - 0.00,,202002,357.5294118
51,传祺GE3,45,广汽埃安,0.00 - 0.00,,202003,357.5294118
56,传祺GE3,56,广汽埃安,0.00 - 0.00,,202004,357.5294118
89,传祺GE3,16,广汽埃安,0.00 - 0.00,,202005,357.5294118
85,传祺GE3,13,广汽埃安,0.00 - 0.00,,202006,357.5294118
91,传祺GE3,15,广汽埃安,0.00 - 0.00,,202007,357.5294118
80,传祺GE3,57,广汽埃安,0.00 - 0.00,,202008,357.5294118
62,传祺GE3,130,广汽埃安,0.00 - 0.00,,202009,357.5294118
79,传祺GE3,93,广汽埃安,0.00 - 0.00,,202010,357.5294118
91,传祺GE3,76,广汽埃安,0.00 - 0.00,,202011,357.5294118
122,传祺GE3,0,广汽埃安,0.00 - 0.00,,202012,357.5294118
136,传祺GE3,0,广汽埃安,0.00 - 0.00,,202101,357.5294118
130,传祺GE3,0,广汽埃安,0.00 - 0.00,,202102,357.5294118
138,传祺GE3,0,广汽埃安,0.00 - 0.00,,202103,357.5294118
130,传祺GE3,0,广汽埃安,0.00 - 0.00,,202104,357.5294118
143,传祺GE3,0,广汽埃安,0.00 - 0.00,,202105,357.5294118
147,传祺GE3,0,广汽埃安,0.00 - 0.00,,202106,357.5294118
152,传祺GE3,0,广汽埃安,0.00 - 0.00,,202108,357.5294118
151,传祺GE3,0,广汽埃安,0.00 - 0.00,,202109,357.5294118
184,传祺GE3,0,广汽埃安,0.00 - 0.00,,202112,357.5294118
55,极狐 阿尔法T(ARCFOX αT),491,北汽新能源,18.58 - 28.08,,202107,353.6052632
60,极狐 阿尔法T(ARCFOX αT),522,北汽新能源,18.58 - 28.08,,202108,353.6052632
68,极狐 阿尔法T(ARCFOX αT),380,北汽新能源,18.58 - 28.08,,202109,353.6052632
69,极狐 阿尔法T(ARCFOX αT),356,北汽新能源,18.58 - 28.08,,202110,353.6052632
82,极狐 阿尔法T(ARCFOX αT),360,北汽新能源,18.58 - 28.08,,202111,353.6052632
87,极狐 阿尔法T(ARCFOX αT),381,北汽新能源,18.58 - 28.08,,202112,353.6052632
101,极狐 阿尔法T(ARCFOX αT),304,北汽新能源,18.58 - 28.08,,202201,353.6052632
91,极狐 阿尔法T(ARCFOX αT),284,北汽新能源,18.58 - 28.08,,202202,353.6052632
83,极狐 阿尔法T(ARCFOX αT),608,北汽新能源,18.58 - 28.08,,202203,353.6052632
94,极狐 阿尔法T(ARCFOX αT),285,北汽新能源,18.58 - 28.08,,202204,353.6052632
102,极狐 阿尔法T(ARCFOX αT),391,北汽新能源,18.58 - 28.08,,202205,353.6052632
86,极狐 阿尔法T(ARCFOX αT),968,北汽新能源,18.58 - 28.08,,202206,353.6052632
155,极狐 阿尔法T(ARCFOX αT),26,北汽新能源,18.58 - 28.08,,202207,353.6052632
102,极狐 阿尔法T(ARCFOX αT),576,北汽新能源,18.58 - 28.08,,202208,353.6052632
127,极狐 阿尔法T(ARCFOX αT),333,北汽新能源,18.58 - 28.08,,202209,353.6052632
111,极狐 阿尔法T(ARCFOX αT),216,北汽新能源,18.58 - 28.08,,202301,353.6052632
124,极狐 阿尔法T(ARCFOX αT),197,北汽新能源,18.58 - 28.08,,202302,353.6052632
78,极狐 阿尔法T(ARCFOX αT),880,北汽新能源,18.58 - 28.08,,202303,353.6052632
81,极狐 阿尔法T(ARCFOX αT),768,北汽新能源,18.58 - 28.08,,202304,353.6052632
98,极狐 阿尔法T(ARCFOX αT),522,北汽新能源,18.58 - 28.08,,202305,353.6052632
113,极狐 阿尔法T(ARCFOX αT),475,北汽新能源,18.58 - 28.08,,202306,353.6052632
127,极狐 阿尔法T(ARCFOX αT),375,北汽新能源,18.58 - 28.08,,202307,353.6052632
140,极狐 阿尔法T(ARCFOX αT),349,北汽新能源,18.58 - 28.08,,202308,353.6052632
142,极狐 阿尔法T(ARCFOX αT),355,北汽新能源,18.58 - 28.08,,202309,353.6052632
152,极狐 阿尔法T(ARCFOX αT),302,北汽新能源,18.58 - 28.08,,202310,353.6052632
142,极狐 阿尔法T(ARCFOX αT),428,北汽新能源,18.58 - 28.08,,202311,353.6052632
92,极狐 阿尔法T(ARCFOX αT),1682,北汽新能源,18.58 - 28.08,,202312,353.6052632
205,极狐 阿尔法T(ARCFOX αT),59,北汽新能源,18.58 - 28.08,,202401,353.6052632
222,极狐 阿尔法T(ARCFOX αT),10,北汽新能源,18.58 - 28.08,,202402,353.6052632
230,极狐 阿尔法T(ARCFOX αT),14,北汽新能源,18.58 - 28.08,,202403,353.6052632
236,极狐 阿尔法T(ARCFOX αT),13,北汽新能源,18.58 - 28.08,,202404,353.6052632
249,极狐 阿尔法T(ARCFOX αT),15,北汽新能源,18.58 - 28.08,,202405,353.6052632
255,极狐 阿尔法T(ARCFOX αT),10,北汽新能源,18.58 - 28.08,,202406,353.6052632
251,极狐 阿尔法T(ARCFOX αT),32,北汽新能源,18.58 - 28.08,,202407,353.6052632
236,极狐 阿尔法T(ARCFOX αT),101,北汽新能源,18.58 - 28.08,,202408,353.6052632
203,极狐 阿尔法T(ARCFOX αT),271,北汽新能源,18.58 - 28.08,,202409,353.6052632
252,极狐 阿尔法T(ARCFOX αT),67,北汽新能源,18.58 - 28.08,,202410,353.6052632
268,极狐 阿尔法T(ARCFOX αT),31,北汽新能源,18.58 - 28.08,,202411,353.6052632
20,比亚迪D1,1166,比亚迪,16.08 - 16.98,,202102,345.2222222
15,比亚迪D1,2796,比亚迪,16.08 - 16.98,,202103,345.2222222
35,比亚迪D1,883,比亚迪,16.08 - 16.98,,202104,345.2222222
21,比亚迪D1,2172,比亚迪,16.08 - 16.98,,202105,345.2222222
66,比亚迪D1,280,比亚迪,16.08 - 16.98,,202106,345.2222222
81,比亚迪D1,121,比亚迪,16.08 - 16.98,,202107,345.2222222
63,比亚迪D1,407,比亚迪,16.08 - 16.98,,202108,345.2222222
71,比亚迪D1,328,比亚迪,16.08 - 16.98,,202109,345.2222222
71,比亚迪D1,348,比亚迪,16.08 - 16.98,,202110,345.2222222
96,比亚迪D1,193,比亚迪,16.08 - 16.98,,202111,345.2222222
83,比亚迪D1,480,比亚迪,16.08 - 16.98,,202112,345.2222222
125,比亚迪D1,68,比亚迪,16.08 - 16.98,,202201,345.2222222
113,比亚迪D1,404,比亚迪,16.08 - 16.98,,202208,345.2222222
135,比亚迪D1,242,比亚迪,16.08 - 16.98,,202209,345.2222222
101,比亚迪D1,514,比亚迪,16.08 - 16.98,,202210,345.2222222
112,比亚迪D1,491,比亚迪,16.08 - 16.98,,202211,345.2222222
147,比亚迪D1,118,比亚迪,16.08 - 16.98,,202303,345.2222222
173,比亚迪D1,26,比亚迪,16.08 - 16.98,,202304,345.2222222
150,比亚迪D1,137,比亚迪,16.08 - 16.98,,202306,345.2222222
166,比亚迪D1,102,比亚迪,16.08 - 16.98,,202307,345.2222222
175,比亚迪D1,86,比亚迪,16.08 - 16.98,,202308,345.2222222
175,比亚迪D1,114,比亚迪,16.08 - 16.98,,202309,345.2222222
171,比亚迪D1,154,比亚迪,16.08 - 16.98,,202310,345.2222222
210,比亚迪D1,14,比亚迪,16.08 - 16.98,,202311,345.2222222
202,比亚迪D1,55,比亚迪,16.08 - 16.98,,202312,345.2222222
191,比亚迪D1,114,比亚迪,16.08 - 16.98,,202401,345.2222222
197,比亚迪D1,60,比亚迪,16.08 - 16.98,,202402,345.2222222
199,比亚迪D1,135,比亚迪,16.08 - 16.98,,202403,345.2222222
202,比亚迪D1,102,比亚迪,16.08 - 16.98,,202404,345.2222222
222,比亚迪D1,89,比亚迪,16.08 - 16.98,,202405,345.2222222
256,比亚迪D1,8,比亚迪,16.08 - 16.98,,202406,345.2222222
238,比亚迪D1,80,比亚迪,16.08 - 16.98,,202407,345.2222222
253,比亚迪D1,51,比亚迪,16.08 - 16.98,,202408,345.2222222
266,比亚迪D1,38,比亚迪,16.08 - 16.98,,202409,345.2222222
270,比亚迪D1,25,比亚迪,16.08 - 16.98,,202410,345.2222222
273,比亚迪D1,27,比亚迪,16.08 - 16.98,,202411,345.2222222
49,赛力斯SF5,260,金康赛力斯,21.68 - 24.68,,202007,343.8148148
79,赛力斯SF5,59,金康赛力斯,21.68 - 24.68,,202008,343.8148148
47,赛力斯SF5,311,金康赛力斯,21.68 - 24.68,,202009,343.8148148
57,赛力斯SF5,300,金康赛力斯,21.68 - 24.68,,202010,343.8148148
95,赛力斯SF5,59,金康赛力斯,21.68 - 24.68,,202011,343.8148148
98,赛力斯SF5,62,金康赛力斯,21.68 - 24.68,,202012,343.8148148
75,赛力斯SF5,83,金康赛力斯,21.68 - 24.68,,202101,343.8148148
91,赛力斯SF5,13,金康赛力斯,21.68 - 24.68,,202102,343.8148148
84,赛力斯SF5,54,金康赛力斯,21.68 - 24.68,,202103,343.8148148
77,赛力斯SF5,129,金康赛力斯,21.68 - 24.68,,202104,343.8148148
70,赛力斯SF5,204,金康赛力斯,21.68 - 24.68,,202105,343.8148148
35,赛力斯SF5,1097,金康赛力斯,21.68 - 24.68,,202106,343.8148148
84,赛力斯SF5,94,金康赛力斯,21.68 - 24.68,,202107,343.8148148
51,赛力斯SF5,715,金康赛力斯,21.68 - 24.68,,202108,343.8148148
45,赛力斯SF5,1040,金康赛力斯,21.68 - 24.68,,202109,343.8148148
35,赛力斯SF5,2205,金康赛力斯,21.68 - 24.68,,202110,343.8148148
50,赛力斯SF5,1446,金康赛力斯,21.68 - 24.68,,202111,343.8148148
65,赛力斯SF5,1089,金康赛力斯,21.68 - 24.68,,202112,343.8148148
160,赛力斯SF5,2,金康赛力斯,21.68 - 24.68,,202201,343.8148148
160,赛力斯SF5,3,金康赛力斯,21.68 - 24.68,,202205,343.8148148
156,赛力斯SF5,35,金康赛力斯,21.68 - 24.68,,202206,343.8148148
164,赛力斯SF5,5,金康赛力斯,21.68 - 24.68,,202208,343.8148148
182,赛力斯SF5,3,金康赛力斯,21.68 - 24.68,,202209,343.8148148
173,赛力斯SF5,2,金康赛力斯,21.68 - 24.68,,202210,343.8148148
181,赛力斯SF5,1,金康赛力斯,21.68 - 24.68,,202211,343.8148148
205,赛力斯SF5,2,金康赛力斯,21.68 - 24.68,,202308,343.8148148
213,赛力斯SF5,10,金康赛力斯,21.68 - 24.68,,202311,343.8148148
32,宝来·纯电,282,一汽-大众,0.00 - 0.00,,201910,334.6296296
22,宝来·纯电,827,一汽-大众,0.00 - 0.00,,201911,334.6296296
82,宝来·纯电,21,一汽-大众,0.00 - 0.00,,201912,334.6296296
63,宝来·纯电,29,一汽-大众,0.00 - 0.00,,202001,334.6296296
42,宝来·纯电,7,一汽-大众,0.00 - 0.00,,202002,334.6296296
42,宝来·纯电,79,一汽-大众,0.00 - 0.00,,202003,334.6296296
5,宝来·纯电,2068,一汽-大众,0.00 - 0.00,,202004,334.6296296
57,宝来·纯电,121,一汽-大众,0.00 - 0.00,,202005,334.6296296
22,宝来·纯电,1187,一汽-大众,0.00 - 0.00,,202006,334.6296296
18,宝来·纯电,1269,一汽-大众,0.00 - 0.00,,202007,334.6296296
68,宝来·纯电,135,一汽-大众,0.00 - 0.00,,202008,334.6296296
41,宝来·纯电,410,一汽-大众,0.00 - 0.00,,202009,334.6296296
61,宝来·纯电,217,一汽-大众,0.00 - 0.00,,202010,334.6296296
57,宝来·纯电,378,一汽-大众,0.00 - 0.00,,202011,334.6296296
82,宝来·纯电,145,一汽-大众,0.00 - 0.00,,202012,334.6296296
28,宝来·纯电,858,一汽-大众,0.00 - 0.00,,202101,334.6296296
103,宝来·纯电,1,一汽-大众,0.00 - 0.00,,202102,334.6296296
113,宝来·纯电,1,一汽-大众,0.00 - 0.00,,202103,334.6296296
74,宝来·纯电,153,一汽-大众,0.00 - 0.00,,202104,334.6296296
77,宝来·纯电,139,一汽-大众,0.00 - 0.00,,202105,334.6296296
91,宝来·纯电,63,一汽-大众,0.00 - 0.00,,202106,334.6296296
94,宝来·纯电,32,一汽-大众,0.00 - 0.00,,202107,334.6296296
75,宝来·纯电,270,一汽-大众,0.00 - 0.00,,202108,334.6296296
109,宝来·纯电,14,一汽-大众,0.00 - 0.00,,202109,334.6296296
98,宝来·纯电,90,一汽-大众,0.00 - 0.00,,202110,334.6296296
97,宝来·纯电,190,一汽-大众,0.00 - 0.00,,202111,334.6296296
124,宝来·纯电,49,一汽-大众,0.00 - 0.00,,202112,334.6296296
28,比亚迪e3,336,比亚迪,15.48 - 15.58,,201910,333.9615385
26,比亚迪e3,625,比亚迪,15.48 - 15.58,,201911,333.9615385
32,比亚迪e3,688,比亚迪,15.48 - 15.58,,201912,333.9615385
34,比亚迪e3,178,比亚迪,15.48 - 15.58,,202001,333.9615385
86,比亚迪e3,0,比亚迪,15.48 - 15.58,,202002,333.9615385
49,比亚迪e3,46,比亚迪,15.48 - 15.58,,202003,333.9615385
47,比亚迪e3,103,比亚迪,15.48 - 15.58,,202004,333.9615385
43,比亚迪e3,202,比亚迪,15.48 - 15.58,,202005,333.9615385
43,比亚迪e3,289,比亚迪,15.48 - 15.58,,202006,333.9615385
42,比亚迪e3,292,比亚迪,15.48 - 15.58,,202007,333.9615385
47,比亚迪e3,297,比亚迪,15.48 - 15.58,,202008,333.9615385
46,比亚迪e3,322,比亚迪,15.48 - 15.58,,202009,333.9615385
48,比亚迪e3,414,比亚迪,15.48 - 15.58,,202010,333.9615385
55,比亚迪e3,420,比亚迪,15.48 - 15.58,,202011,333.9615385
71,比亚迪e3,257,比亚迪,15.48 - 15.58,,202012,333.9615385
58,比亚迪e3,286,比亚迪,15.48 - 15.58,,202101,333.9615385
81,比亚迪e3,27,比亚迪,15.48 - 15.58,,202102,333.9615385
73,比亚迪e3,114,比亚迪,15.48 - 15.58,,202103,333.9615385
96,比亚迪e3,43,比亚迪,15.48 - 15.58,,202104,333.9615385
119,比亚迪e3,0,比亚迪,15.48 - 15.58,,202105,333.9615385
54,比亚迪e3,526,比亚迪,15.48 - 15.58,,202107,333.9615385
129,比亚迪e3,0,比亚迪,15.48 - 15.58,,202108,333.9615385
169,比亚迪e3,0,比亚迪,15.48 - 15.58,,202108,333.9615385
53,比亚迪e3,724,比亚迪,15.48 - 15.58,,202109,333.9615385
50,比亚迪e3,1012,比亚迪,15.48 - 15.58,,202110,333.9615385
78,比亚迪e3,450,比亚迪,15.48 - 15.58,,202111,333.9615385
76,比亚迪e3,660,比亚迪,15.48 - 15.58,,202112,333.9615385
67,比亚迪e3,829,比亚迪,15.48 - 15.58,,202201,333.9615385
50,比亚迪e3,1279,比亚迪,15.48 - 15.58,,202202,333.9615385
58,比亚迪e3,1428,比亚迪,15.48 - 15.58,,202203,333.9615385
112,比亚迪e3,155,比亚迪,15.48 - 15.58,,202204,333.9615385
143,比亚迪e3,49,比亚迪,15.48 - 15.58,,202205,333.9615385
98,比亚迪e3,786,比亚迪,15.48 - 15.58,,202209,333.9615385
94,比亚迪e3,628,比亚迪,15.48 - 15.58,,202210,333.9615385
106,比亚迪e3,572,比亚迪,15.48 - 15.58,,202211,333.9615385
130,比亚迪e3,212,比亚迪,15.48 - 15.58,,202304,333.9615385
141,比亚迪e3,225,比亚迪,15.48 - 15.58,,202306,333.9615385
148,比亚迪e3,204,比亚迪,15.48 - 15.58,,202307,333.9615385
145,比亚迪e3,326,比亚迪,15.48 - 15.58,,202308,333.9615385
164,比亚迪e3,211,比亚迪,15.48 - 15.58,,202309,333.9615385
178,比亚迪e3,132,比亚迪,15.48 - 15.58,,202310,333.9615385
219,比亚迪e3,4,比亚迪,15.48 - 15.58,,202311,333.9615385
210,比亚迪e3,34,比亚迪,15.48 - 15.58,,202312,333.9615385
137,比亚迪e3,459,比亚迪,15.48 - 15.58,,202401,333.9615385
190,比亚迪e3,157,比亚迪,15.48 - 15.58,,202403,333.9615385
166,比亚迪e3,277,比亚迪,15.48 - 15.58,,202404,333.9615385
199,比亚迪e3,179,比亚迪,15.48 - 15.58,,202405,333.9615385
208,比亚迪e3,189,比亚迪,15.48 - 15.58,,202406,333.9615385
221,比亚迪e3,142,比亚迪,15.48 - 15.58,,202407,333.9615385
224,比亚迪e3,155,比亚迪,15.48 - 15.58,,202408,333.9615385
235,比亚迪e3,118,比亚迪,15.48 - 15.58,,202409,333.9615385
228,比亚迪e3,173,比亚迪,15.48 - 15.58,,202410,333.9615385
243,比亚迪e3,132,比亚迪,15.48 - 15.58,,202411,333.9615385
241,e:NP2 极湃2,33,广汽本田,18.98 - 18.98,,202405,330.5714286
166,e:NP2 极湃2,435,广汽本田,18.98 - 18.98,,202406,330.5714286
187,e:NP2 极湃2,295,广汽本田,18.98 - 18.98,,202407,330.5714286
188,e:NP2 极湃2,341,广汽本田,18.98 - 18.98,,202408,330.5714286
187,e:NP2 极湃2,414,广汽本田,18.98 - 18.98,,202409,330.5714286
188,e:NP2 极湃2,451,广汽本田,18.98 - 18.98,,202410,330.5714286
199,e:NP2 极湃2,345,广汽本田,18.98 - 18.98,,202411,330.5714286
35,东风本田X-NV,565,东风本田,16.98 - 17.98,,201912,330.125
29,东风本田X-NV,264,东风本田,16.98 - 17.98,,202001,330.125
73,东风本田X-NV,0,东风本田,16.98 - 17.98,,202002,330.125
83,东风本田X-NV,1,东风本田,16.98 - 17.98,,202003,330.125
93,东风本田X-NV,2,东风本田,16.98 - 17.98,,202004,330.125
23,东风本田X-NV,893,东风本田,16.98 - 17.98,,202005,330.125
20,东风本田X-NV,1268,东风本田,16.98 - 17.98,,202006,330.125
30,东风本田X-NV,760,东风本田,16.98 - 17.98,,202007,330.125
36,东风本田X-NV,591,东风本田,16.98 - 17.98,,202008,330.125
56,东风本田X-NV,211,东风本田,16.98 - 17.98,,202009,330.125
34,东风本田X-NV,891,东风本田,16.98 - 17.98,,202010,330.125
48,东风本田X-NV,531,东风本田,16.98 - 17.98,,202011,330.125
31,东风本田X-NV,1167,东风本田,16.98 - 17.98,,202012,330.125
135,东风本田X-NV,0,东风本田,16.98 - 17.98,,202102,330.125
115,东风本田X-NV,0,东风本田,16.98 - 17.98,,202103,330.125
140,东风本田X-NV,0,东风本田,16.98 - 17.98,,202104,330.125
65,东风本田X-NV,238,东风本田,16.98 - 17.98,,202105,330.125
70,东风本田X-NV,238,东风本田,16.98 - 17.98,,202106,330.125
74,东风本田X-NV,181,东风本田,16.98 - 17.98,,202107,330.125
123,东风本田X-NV,0,东风本田,16.98 - 17.98,,202108,330.125
164,东风本田X-NV,0,东风本田,16.98 - 17.98,,202108,330.125
88,东风本田X-NV,122,东风本田,16.98 - 17.98,,202109,330.125
133,东风本田X-NV,0,东风本田,16.98 - 17.98,,202110,330.125
157,东风本田X-NV,0,东风本田,16.98 - 17.98,,202110,330.125
151,东风本田X-NV,0,东风本田,16.98 - 17.98,,202111,330.125
197,东风本田X-NV,0,东风本田,16.98 - 17.98,,202112,330.125
20,雷凌双擎E+,1204,广汽丰田,20.38 - 21.88,,201904,325
16,雷凌双擎E+,1771,广汽丰田,20.38 - 21.88,,201905,325
25,雷凌双擎E+,1185,广汽丰田,20.38 - 21.88,,201906,325
16,雷凌双擎E+,1040,广汽丰田,20.38 - 21.88,,201907,325
26,雷凌双擎E+,506,广汽丰田,20.38 - 21.88,,201908,325
36,雷凌双擎E+,250,广汽丰田,20.38 - 21.88,,201909,325
24,雷凌双擎E+,478,广汽丰田,20.38 - 21.88,,201910,325
30,雷凌双擎E+,513,广汽丰田,20.38 - 21.88,,201911,325
29,雷凌双擎E+,776,广汽丰田,20.38 - 21.88,,201912,325
22,雷凌双擎E+,486,广汽丰田,20.38 - 21.88,,202001,325
101,雷凌双擎E+,0,广汽丰田,20.38 - 21.88,,202002,325
28,雷凌双擎E+,287,广汽丰田,20.38 - 21.88,,202003,325
26,雷凌双擎E+,437,广汽丰田,20.38 - 21.88,,202004,325
36,雷凌双擎E+,316,广汽丰田,20.38 - 21.88,,202005,325
33,雷凌双擎E+,642,广汽丰田,20.38 - 21.88,,202006,325
34,雷凌双擎E+,649,广汽丰田,20.38 - 21.88,,202007,325
46,雷凌双擎E+,310,广汽丰田,20.38 - 21.88,,202008,325
42,雷凌双擎E+,402,广汽丰田,20.38 - 21.88,,202009,325
50,雷凌双擎E+,406,广汽丰田,20.38 - 21.88,,202010,325
74,雷凌双擎E+,176,广汽丰田,20.38 - 21.88,,202011,325
75,雷凌双擎E+,211,广汽丰田,20.38 - 21.88,,202012,325
52,雷凌双擎E+,376,广汽丰田,20.38 - 21.88,,202101,325
59,雷凌双擎E+,100,广汽丰田,20.38 - 21.88,,202102,325
62,雷凌双擎E+,244,广汽丰田,20.38 - 21.88,,202103,325
49,雷凌双擎E+,449,广汽丰田,20.38 - 21.88,,202104,325
81,雷凌双擎E+,97,广汽丰田,20.38 - 21.88,,202105,325
64,雷凌双擎E+,293,广汽丰田,20.38 - 21.88,,202106,325
73,雷凌双擎E+,205,广汽丰田,20.38 - 21.88,,202107,325
108,雷凌双擎E+,14,广汽丰田,20.38 - 21.88,,202108,325
85,雷凌双擎E+,145,广汽丰田,20.38 - 21.88,,202109,325
84,雷凌双擎E+,198,广汽丰田,20.38 - 21.88,,202110,325
108,雷凌双擎E+,95,广汽丰田,20.38 - 21.88,,202111,325
123,雷凌双擎E+,53,广汽丰田,20.38 - 21.88,,202112,325
118,雷凌双擎E+,96,广汽丰田,20.38 - 21.88,,202201,325
130,雷凌双擎E+,50,广汽丰田,20.38 - 21.88,,202202,325
136,雷凌双擎E+,55,广汽丰田,20.38 - 21.88,,202203,325
158,雷凌双擎E+,1,广汽丰田,20.38 - 21.88,,202204,325
155,雷凌双擎E+,5,广汽丰田,20.38 - 21.88,,202205,325
143,雷凌双擎E+,83,广汽丰田,20.38 - 21.88,,202206,325
173,雷凌双擎E+,5,广汽丰田,20.38 - 21.88,,202301,325
177,雷凌双擎E+,3,广汽丰田,20.38 - 21.88,,202302,325
184,雷凌双擎E+,9,广汽丰田,20.38 - 21.88,,202303,325
191,雷凌双擎E+,2,广汽丰田,20.38 - 21.88,,202305,325
195,雷凌双擎E+,1,广汽丰田,20.38 - 21.88,,202306,325
205,雷凌双擎E+,1,广汽丰田,20.38 - 21.88,,202307,325
17,哪吒N01,984,合众汽车,6.68 - 13.98,,202005,323.8888889
27,哪吒N01,823,合众汽车,6.68 - 13.98,,202006,323.8888889
52,哪吒N01,198,合众汽车,6.68 - 13.98,,202007,323.8888889
38,哪吒N01,477,合众汽车,6.68 - 13.98,,202008,323.8888889
22,哪吒N01,1332,合众汽车,6.68 - 13.98,,202009,323.8888889
22,哪吒N01,1291,合众汽车,6.68 - 13.98,,202010,323.8888889
73,哪吒N01,182,合众汽车,6.68 - 13.98,,202011,323.8888889
52,哪吒N01,543,合众汽车,6.68 - 13.98,,202012,323.8888889
138,哪吒N01,0,合众汽车,6.68 - 13.98,,202102,323.8888889
117,哪吒N01,0,合众汽车,6.68 - 13.98,,202103,323.8888889
143,哪吒N01,0,合众汽车,6.68 - 13.98,,202104,323.8888889
150,哪吒N01,0,合众汽车,6.68 - 13.98,,202106,323.8888889
125,哪吒N01,0,合众汽车,6.68 - 13.98,,202107,323.8888889
166,哪吒N01,0,合众汽车,6.68 - 13.98,,202107,323.8888889
133,哪吒N01,0,合众汽车,6.68 - 13.98,,202108,323.8888889
172,哪吒N01,0,合众汽车,6.68 - 13.98,,202108,323.8888889
170,哪吒N01,0,合众汽车,6.68 - 13.98,,202109,323.8888889
144,哪吒N01,0,合众汽车,6.68 - 13.98,,202110,323.8888889
169,哪吒N01,0,合众汽车,6.68 - 13.98,,202110,323.8888889
157,哪吒N01,0,合众汽车,6.68 - 13.98,,202111,323.8888889
206,哪吒N01,0,合众汽车,6.68 - 13.98,,202112,323.8888889
93,天际ME5,701,天际汽车,13.88 - 16.99,,202206,317
84,天际ME5,1010,天际汽车,13.88 - 16.99,,202207,317
106,天际ME5,516,天际汽车,13.88 - 16.99,,202208,317
121,天际ME5,402,天际汽车,13.88 - 16.99,,202209,317
132,天际ME5,183,天际汽车,13.88 - 16.99,,202210,317
133,天际ME5,170,天际汽车,13.88 - 16.99,,202211,317
143,天际ME5,146,天际汽车,13.88 - 16.99,,202212,317
123,天际ME5,135,天际汽车,13.88 - 16.99,,202301,317
153,天际ME5,51,天际汽车,13.88 - 16.99,,202302,317
157,天际ME5,73,天际汽车,13.88 - 16.99,,202303,317
152,天际ME5,100,天际汽车,13.88 - 16.99,,202304,317
114,畅巡,0,上汽通用雪佛兰,18.29 - 19.79,,202001,315.6315789
90,畅巡,0,上汽通用雪佛兰,18.29 - 19.79,,202003,315.6315789
127,畅巡,0,上汽通用雪佛兰,18.29 - 19.79,,202003,315.6315789
99,畅巡,0,上汽通用雪佛兰,18.29 - 19.79,,202004,315.6315789
135,畅巡,0,上汽通用雪佛兰,18.29 - 19.79,,202004,315.6315789
65,畅巡,95,上汽通用雪佛兰,18.29 - 19.79,,202005,315.6315789
64,畅巡,89,上汽通用雪佛兰,18.29 - 19.79,,202006,315.6315789
58,畅巡,169,上汽通用雪佛兰,18.29 - 19.79,,202007,315.6315789
78,畅巡,60,上汽通用雪佛兰,18.29 - 19.79,,202008,315.6315789
83,畅巡,53,上汽通用雪佛兰,18.29 - 19.79,,202009,315.6315789
68,畅巡,153,上汽通用雪佛兰,18.29 - 19.79,,202010,315.6315789
62,畅巡,277,上汽通用雪佛兰,18.29 - 19.79,,202011,315.6315789
69,畅巡,277,上汽通用雪佛兰,18.29 - 19.79,,202012,315.6315789
59,畅巡,260,上汽通用雪佛兰,18.29 - 19.79,,202101,315.6315789
62,畅巡,87,上汽通用雪佛兰,18.29 - 19.79,,202102,315.6315789
71,畅巡,124,上汽通用雪佛兰,18.29 - 19.79,,202103,315.6315789
66,畅巡,185,上汽通用雪佛兰,18.29 - 19.79,,202104,315.6315789
72,畅巡,181,上汽通用雪佛兰,18.29 - 19.79,,202105,315.6315789
72,畅巡,219,上汽通用雪佛兰,18.29 - 19.79,,202106,315.6315789
67,畅巡,260,上汽通用雪佛兰,18.29 - 19.79,,202107,315.6315789
71,畅巡,328,上汽通用雪佛兰,18.29 - 19.79,,202108,315.6315789
87,畅巡,123,上汽通用雪佛兰,18.29 - 19.79,,202109,315.6315789
130,畅巡,1,上汽通用雪佛兰,18.29 - 19.79,,202110,315.6315789
86,畅巡,285,上汽通用雪佛兰,18.29 - 19.79,,202111,315.6315789
69,畅巡,967,上汽通用雪佛兰,18.29 - 19.79,,202112,315.6315789
76,畅巡,570,上汽通用雪佛兰,18.29 - 19.79,,202201,315.6315789
78,畅巡,401,上汽通用雪佛兰,18.29 - 19.79,,202202,315.6315789
77,畅巡,775,上汽通用雪佛兰,18.29 - 19.79,,202203,315.6315789
127,畅巡,48,上汽通用雪佛兰,18.29 - 19.79,,202204,315.6315789
92,畅巡,503,上汽通用雪佛兰,18.29 - 19.79,,202205,315.6315789
92,畅巡,785,上汽通用雪佛兰,18.29 - 19.79,,202206,315.6315789
93,畅巡,715,上汽通用雪佛兰,18.29 - 19.79,,202207,315.6315789
90,畅巡,705,上汽通用雪佛兰,18.29 - 19.79,,202208,315.6315789
100,畅巡,690,上汽通用雪佛兰,18.29 - 19.79,,202209,315.6315789
114,畅巡,354,上汽通用雪佛兰,18.29 - 19.79,,202210,315.6315789
104,畅巡,596,上汽通用雪佛兰,18.29 - 19.79,,202211,315.6315789
93,畅巡,1061,上汽通用雪佛兰,18.29 - 19.79,,202212,315.6315789
144,畅巡,57,上汽通用雪佛兰,18.29 - 19.79,,202301,315.6315789
96,畅巡,498,上汽通用雪佛兰,18.29 - 19.79,,202302,315.6315789
93,畅巡,594,上汽通用雪佛兰,18.29 - 19.79,,202303,315.6315789
83,畅巡,719,上汽通用雪佛兰,18.29 - 19.79,,202304,315.6315789
103,畅巡,452,上汽通用雪佛兰,18.29 - 19.79,,202305,315.6315789
91,畅巡,1004,上汽通用雪佛兰,18.29 - 19.79,,202306,315.6315789
100,畅巡,734,上汽通用雪佛兰,18.29 - 19.79,,202307,315.6315789
114,畅巡,603,上汽通用雪佛兰,18.29 - 19.79,,202308,315.6315789
120,畅巡,601,上汽通用雪佛兰,18.29 - 19.79,,202309,315.6315789
135,畅巡,403,上汽通用雪佛兰,18.29 - 19.79,,202310,315.6315789
184,畅巡,189,上汽通用雪佛兰,18.29 - 19.79,,202312,315.6315789
193,畅巡,102,上汽通用雪佛兰,18.29 - 19.79,,202401,315.6315789
191,畅巡,67,上汽通用雪佛兰,18.29 - 19.79,,202402,315.6315789
194,畅巡,150,上汽通用雪佛兰,18.29 - 19.79,,202403,315.6315789
215,畅巡,77,上汽通用雪佛兰,18.29 - 19.79,,202404,315.6315789
237,畅巡,34,上汽通用雪佛兰,18.29 - 19.79,,202405,315.6315789
240,畅巡,60,上汽通用雪佛兰,18.29 - 19.79,,202406,315.6315789
246,畅巡,56,上汽通用雪佛兰,18.29 - 19.79,,202407,315.6315789
256,畅巡,48,上汽通用雪佛兰,18.29 - 19.79,,202408,315.6315789
246,畅巡,90,上汽通用雪佛兰,18.29 - 19.79,,202409,315.6315789
278,畅巡,16,上汽通用雪佛兰,18.29 - 19.79,,202410,315.6315789
264,畅巡,41,上汽通用雪佛兰,18.29 - 19.79,,202411,315.6315789
103,e:NP1 极湃1,487,广汽本田,17.50 - 21.80,,202206,315.5333333
121,e:NP1 极湃1,240,广汽本田,17.50 - 21.80,,202207,315.5333333
114,e:NP1 极湃1,402,广汽本田,17.50 - 21.80,,202208,315.5333333
99,e:NP1 极湃1,731,广汽本田,17.50 - 21.80,,202209,315.5333333
100,e:NP1 极湃1,514,广汽本田,17.50 - 21.80,,202210,315.5333333
91,e:NP1 极湃1,1002,广汽本田,17.50 - 21.80,,202211,315.5333333
108,e:NP1 极湃1,550,广汽本田,17.50 - 21.80,,202212,315.5333333
126,e:NP1 极湃1,102,广汽本田,17.50 - 21.80,,202301,315.5333333
156,e:NP1 极湃1,44,广汽本田,17.50 - 21.80,,202302,315.5333333
96,e:NP1 极湃1,554,广汽本田,17.50 - 21.80,,202303,315.5333333
106,e:NP1 极湃1,404,广汽本田,17.50 - 21.80,,202304,315.5333333
80,e:NP1 极湃1,913,广汽本田,17.50 - 21.80,,202305,315.5333333
76,e:NP1 极湃1,1347,广汽本田,17.50 - 21.80,,202306,315.5333333
115,e:NP1 极湃1,504,广汽本田,17.50 - 21.80,,202307,315.5333333
156,e:NP1 极湃1,242,广汽本田,17.50 - 21.80,,202308,315.5333333
177,e:NP1 极湃1,107,广汽本田,17.50 - 21.80,,202309,315.5333333
163,e:NP1 极湃1,198,广汽本田,17.50 - 21.80,,202310,315.5333333
198,e:NP1 极湃1,56,广汽本田,17.50 - 21.80,,202311,315.5333333
211,e:NP1 极湃1,31,广汽本田,17.50 - 21.80,,202312,315.5333333
213,e:NP1 极湃1,23,广汽本田,17.50 - 21.80,,202401,315.5333333
207,e:NP1 极湃1,33,广汽本田,17.50 - 21.80,,202402,315.5333333
209,e:NP1 极湃1,94,广汽本田,17.50 - 21.80,,202403,315.5333333
195,e:NP1 极湃1,117,广汽本田,17.50 - 21.80,,202404,315.5333333
208,e:NP1 极湃1,146,广汽本田,17.50 - 21.80,,202405,315.5333333
212,e:NP1 极湃1,160,广汽本田,17.50 - 21.80,,202406,315.5333333
215,e:NP1 极湃1,163,广汽本田,17.50 - 21.80,,202407,315.5333333
234,e:NP1 极湃1,101,广汽本田,17.50 - 21.80,,202408,315.5333333
221,e:NP1 极湃1,169,广汽本田,17.50 - 21.80,,202409,315.5333333
271,e:NP1 极湃1,21,广汽本田,17.50 - 21.80,,202410,315.5333333
282,e:NP1 极湃1,11,广汽本田,17.50 - 21.80,,202411,315.5333333
56,奔驰EQC,160,北京奔驰,49.19 - 57.98,,201912,314.8372093
33,奔驰EQC,207,北京奔驰,49.19 - 57.98,,202001,314.8372093
55,奔驰EQC,2,北京奔驰,49.19 - 57.98,,202002,314.8372093
47,奔驰EQC,60,北京奔驰,49.19 - 57.98,,202003,314.8372093
66,奔驰EQC,32,北京奔驰,49.19 - 57.98,,202004,314.8372093
72,奔驰EQC,63,北京奔驰,49.19 - 57.98,,202005,314.8372093
56,奔驰EQC,150,北京奔驰,49.19 - 57.98,,202006,314.8372093
41,奔驰EQC,439,北京奔驰,49.19 - 57.98,,202007,314.8372093
34,奔驰EQC,628,北京奔驰,49.19 - 57.98,,202008,314.8372093
36,奔驰EQC,510,北京奔驰,49.19 - 57.98,,202009,314.8372093
40,奔驰EQC,701,北京奔驰,49.19 - 57.98,,202010,314.8372093
42,奔驰EQC,661,北京奔驰,49.19 - 57.98,,202011,314.8372093
59,奔驰EQC,410,北京奔驰,49.19 - 57.98,,202012,314.8372093
39,奔驰EQC,541,北京奔驰,49.19 - 57.98,,202101,314.8372093
25,奔驰EQC,520,北京奔驰,49.19 - 57.98,,202102,314.8372093
45,奔驰EQC,605,北京奔驰,49.19 - 57.98,,202103,314.8372093
41,奔驰EQC,639,北京奔驰,49.19 - 57.98,,202104,314.8372093
55,奔驰EQC,424,北京奔驰,49.19 - 57.98,,202105,314.8372093
62,奔驰EQC,315,北京奔驰,49.19 - 57.98,,202106,314.8372093
71,奔驰EQC,237,北京奔驰,49.19 - 57.98,,202107,314.8372093
62,奔驰EQC,416,北京奔驰,49.19 - 57.98,,202108,314.8372093
92,奔驰EQC,94,北京奔驰,49.19 - 57.98,,202109,314.8372093
49,奔驰EQC,1072,北京奔驰,49.19 - 57.98,,202110,314.8372093
72,奔驰EQC,548,北京奔驰,49.19 - 57.98,,202111,314.8372093
75,奔驰EQC,687,北京奔驰,49.19 - 57.98,,202112,314.8372093
90,奔驰EQC,447,北京奔驰,49.19 - 57.98,,202201,314.8372093
84,奔驰EQC,337,北京奔驰,49.19 - 57.98,,202202,314.8372093
105,奔驰EQC,263,北京奔驰,49.19 - 57.98,,202203,314.8372093
95,奔驰EQC,280,北京奔驰,49.19 - 57.98,,202204,314.8372093
90,奔驰EQC,536,北京奔驰,49.19 - 57.98,,202205,314.8372093
110,奔驰EQC,406,北京奔驰,49.19 - 57.98,,202206,314.8372093
114,奔驰EQC,400,北京奔驰,49.19 - 57.98,,202207,314.8372093
117,奔驰EQC,354,北京奔驰,49.19 - 57.98,,202208,314.8372093
150,奔驰EQC,105,北京奔驰,49.19 - 57.98,,202209,314.8372093
170,奔驰EQC,6,北京奔驰,49.19 - 57.98,,202210,314.8372093
166,奔驰EQC,14,北京奔驰,49.19 - 57.98,,202212,314.8372093
153,奔驰EQC,26,北京奔驰,49.19 - 57.98,,202301,314.8372093
152,奔驰EQC,62,北京奔驰,49.19 - 57.98,,202302,314.8372093
158,奔驰EQC,68,北京奔驰,49.19 - 57.98,,202303,314.8372093
155,奔驰EQC,100,北京奔驰,49.19 - 57.98,,202304,314.8372093
193,奔驰EQC,10,北京奔驰,49.19 - 57.98,,202307,314.8372093
208,奔驰EQC,1,北京奔驰,49.19 - 57.98,,202308,314.8372093
224,奔驰EQC,2,北京奔驰,49.19 - 57.98,,202311,314.8372093
21,广汽丰田iA5,865,广汽丰田新能源,15.98 - 19.28,,201911,312.6521739
23,广汽丰田iA5,1178,广汽丰田新能源,15.98 - 19.28,,201912,312.6521739
13,广汽丰田iA5,1236,广汽丰田新能源,15.98 - 19.28,,202001,312.6521739
97,广汽丰田iA5,0,广汽丰田新能源,15.98 - 19.28,,202002,312.6521739
30,广汽丰田iA5,221,广汽丰田新能源,15.98 - 19.28,,202003,312.6521739
23,广汽丰田iA5,606,广汽丰田新能源,15.98 - 19.28,,202004,312.6521739
26,广汽丰田iA5,599,广汽丰田新能源,15.98 - 19.28,,202005,312.6521739
42,广汽丰田iA5,293,广汽丰田新能源,15.98 - 19.28,,202006,312.6521739
35,广汽丰田iA5,609,广汽丰田新能源,15.98 - 19.28,,202007,312.6521739
33,广汽丰田iA5,686,广汽丰田新能源,15.98 - 19.28,,202008,312.6521739
35,广汽丰田iA5,552,广汽丰田新能源,15.98 - 19.28,,202009,312.6521739
42,广汽丰田iA5,665,广汽丰田新能源,15.98 - 19.28,,202010,312.6521739
43,广汽丰田iA5,654,广汽丰田新能源,15.98 - 19.28,,202011,312.6521739
46,广汽丰田iA5,707,广汽丰田新能源,15.98 - 19.28,,202012,312.6521739
35,广汽丰田iA5,592,广汽丰田新能源,15.98 - 19.28,,202101,312.6521739
32,广汽丰田iA5,370,广汽丰田新能源,15.98 - 19.28,,202102,312.6521739
39,广汽丰田iA5,852,广汽丰田新能源,15.98 - 19.28,,202103,312.6521739
48,广汽丰田iA5,476,广汽丰田新能源,15.98 - 19.28,,202104,312.6521739
48,广汽丰田iA5,493,广汽丰田新能源,15.98 - 19.28,,202105,312.6521739
77,广汽丰田iA5,179,广汽丰田新能源,15.98 - 19.28,,202106,312.6521739
69,广汽丰田iA5,252,广汽丰田新能源,15.98 - 19.28,,202107,312.6521739
77,广汽丰田iA5,266,广汽丰田新能源,15.98 - 19.28,,202108,312.6521739
110,广汽丰田iA5,12,广汽丰田新能源,15.98 - 19.28,,202109,312.6521739
92,广汽丰田iA5,128,广汽丰田新能源,15.98 - 19.28,,202110,312.6521739
135,广汽丰田iA5,11,广汽丰田新能源,15.98 - 19.28,,202111,312.6521739
93,广汽丰田iA5,264,广汽丰田新能源,15.98 - 19.28,,202112,312.6521739
107,广汽丰田iA5,193,广汽丰田新能源,15.98 - 19.28,,202201,312.6521739
80,广汽丰田iA5,390,广汽丰田新能源,15.98 - 19.28,,202202,312.6521739
143,广汽丰田iA5,22,广汽丰田新能源,15.98 - 19.28,,202203,312.6521739
123,广汽丰田iA5,78,广汽丰田新能源,15.98 - 19.28,,202204,312.6521739
136,广汽丰田iA5,70,广汽丰田新能源,15.98 - 19.28,,202205,312.6521739
147,广汽丰田iA5,72,广汽丰田新能源,15.98 - 19.28,,202206,312.6521739
146,广汽丰田iA5,60,广汽丰田新能源,15.98 - 19.28,,202207,312.6521739
138,广汽丰田iA5,144,广汽丰田新能源,15.98 - 19.28,,202208,312.6521739
162,广汽丰田iA5,49,广汽丰田新能源,15.98 - 19.28,,202209,312.6521739
158,广汽丰田iA5,31,广汽丰田新能源,15.98 - 19.28,,202211,312.6521739
142,广汽丰田iA5,159,广汽丰田新能源,15.98 - 19.28,,202212,312.6521739
168,广汽丰田iA5,8,广汽丰田新能源,15.98 - 19.28,,202301,312.6521739
144,广汽丰田iA5,93,广汽丰田新能源,15.98 - 19.28,,202302,312.6521739
141,广汽丰田iA5,128,广汽丰田新能源,15.98 - 19.28,,202303,312.6521739
160,广汽丰田iA5,81,广汽丰田新能源,15.98 - 19.28,,202304,312.6521739
172,广汽丰田iA5,21,广汽丰田新能源,15.98 - 19.28,,202305,312.6521739
183,广汽丰田iA5,9,广汽丰田新能源,15.98 - 19.28,,202306,312.6521739
201,广汽丰田iA5,3,广汽丰田新能源,15.98 - 19.28,,202307,312.6521739
211,广汽丰田iA5,1,广汽丰田新能源,15.98 - 19.28,,202308,312.6521739
210,广汽丰田iA5,4,广汽丰田新能源,15.98 - 19.28,,202309,312.6521739
21,瑞虎3xe,233,奇瑞新能源,9.38 - 10.68,,201803,308.4888889
19,瑞虎3xe,508,奇瑞新能源,9.38 - 10.68,,201804,308.4888889
13,瑞虎3xe,1586,奇瑞新能源,9.38 - 10.68,,201805,308.4888889
9,瑞虎3xe,1837,奇瑞新能源,9.38 - 10.68,,201806,308.4888889
14,瑞虎3xe,1460,奇瑞新能源,9.38 - 10.68,,201807,308.4888889
21,瑞虎3xe,519,奇瑞新能源,9.38 - 10.68,,201808,308.4888889
19,瑞虎3xe,1092,奇瑞新能源,9.38 - 10.68,,201809,308.4888889
19,瑞虎3xe,1387,奇瑞新能源,9.38 - 10.68,,201810,308.4888889
21,瑞虎3xe,1545,奇瑞新能源,9.38 - 10.68,,201811,308.4888889
52,瑞虎3xe,162,奇瑞新能源,9.38 - 10.68,,201812,308.4888889
37,瑞虎3xe,198,奇瑞新能源,9.38 - 10.68,,201901,308.4888889
55,瑞虎3xe,1,奇瑞新能源,9.38 - 10.68,,201902,308.4888889
35,瑞虎3xe,330,奇瑞新能源,9.38 - 10.68,,201903,308.4888889
32,瑞虎3xe,542,奇瑞新能源,9.38 - 10.68,,201904,308.4888889
47,瑞虎3xe,150,奇瑞新能源,9.38 - 10.68,,201905,308.4888889
30,瑞虎3xe,745,奇瑞新能源,9.38 - 10.68,,201906,308.4888889
29,瑞虎3xe,255,奇瑞新能源,9.38 - 10.68,,201907,308.4888889
29,瑞虎3xe,446,奇瑞新能源,9.38 - 10.68,,201908,308.4888889
25,瑞虎3xe,468,奇瑞新能源,9.38 - 10.68,,201909,308.4888889
91,瑞虎3xe,0,奇瑞新能源,9.38 - 10.68,,201910,308.4888889
39,瑞虎3xe,267,奇瑞新能源,9.38 - 10.68,,201911,308.4888889
87,瑞虎3xe,1,奇瑞新能源,9.38 - 10.68,,201912,308.4888889
54,瑞虎3xe,59,奇瑞新能源,9.38 - 10.68,,202001,308.4888889
105,瑞虎3xe,0,奇瑞新能源,9.38 - 10.68,,202002,308.4888889
57,瑞虎3xe,21,奇瑞新能源,9.38 - 10.68,,202003,308.4888889
64,瑞虎3xe,32,奇瑞新能源,9.38 - 10.68,,202004,308.4888889
97,瑞虎3xe,3,奇瑞新能源,9.38 - 10.68,,202005,308.4888889
138,瑞虎3xe,0,奇瑞新能源,9.38 - 10.68,,202006,308.4888889
96,瑞虎3xe,8,奇瑞新能源,9.38 - 10.68,,202007,308.4888889
102,瑞虎3xe,8,奇瑞新能源,9.38 - 10.68,,202008,308.4888889
110,瑞虎3xe,1,奇瑞新能源,9.38 - 10.68,,202009,308.4888889
134,瑞虎3xe,0,奇瑞新能源,9.38 - 10.68,,202010,308.4888889
136,瑞虎3xe,0,奇瑞新能源,9.38 - 10.68,,202011,308.4888889
114,瑞虎3xe,12,奇瑞新能源,9.38 - 10.68,,202012,308.4888889
118,瑞虎3xe,0,奇瑞新能源,9.38 - 10.68,,202101,308.4888889
110,瑞虎3xe,0,奇瑞新能源,9.38 - 10.68,,202102,308.4888889
121,瑞虎3xe,0,奇瑞新能源,9.38 - 10.68,,202103,308.4888889
145,瑞虎3xe,0,奇瑞新能源,9.38 - 10.68,,202104,308.4888889
118,瑞虎3xe,0,奇瑞新能源,9.38 - 10.68,,202105,308.4888889
112,瑞虎3xe,6,奇瑞新能源,9.38 - 10.68,,202106,308.4888889
153,瑞虎3xe,0,奇瑞新能源,9.38 - 10.68,,202107,308.4888889
159,瑞虎3xe,0,奇瑞新能源,9.38 - 10.68,,202108,308.4888889
157,瑞虎3xe,0,奇瑞新能源,9.38 - 10.68,,202109,308.4888889
152,瑞虎3xe,0,奇瑞新能源,9.38 - 10.68,,202110,308.4888889
192,瑞虎3xe,0,奇瑞新能源,9.38 - 10.68,,202112,308.4888889
126,e爱丽舍,61,东风新能源,12.98 - 13.98,,202201,306.4230769
118,e爱丽舍,100,东风新能源,12.98 - 13.98,,202202,306.4230769
117,e爱丽舍,201,东风新能源,12.98 - 13.98,,202203,306.4230769
121,e爱丽舍,81,东风新能源,12.98 - 13.98,,202204,306.4230769
127,e爱丽舍,101,东风新能源,12.98 - 13.98,,202205,306.4230769
119,e爱丽舍,247,东风新能源,12.98 - 13.98,,202206,306.4230769
132,e爱丽舍,139,东风新能源,12.98 - 13.98,,202207,306.4230769
163,e爱丽舍,50,东风新能源,12.98 - 13.98,,202303,306.4230769
169,e爱丽舍,44,东风新能源,12.98 - 13.98,,202304,306.4230769
168,e爱丽舍,29,东风新能源,12.98 - 13.98,,202305,306.4230769
157,e爱丽舍,94,东风新能源,12.98 - 13.98,,202306,306.4230769
165,e爱丽舍,112,东风新能源,12.98 - 13.98,,202307,306.4230769
117,e爱丽舍,559,东风新能源,12.98 - 13.98,,202308,306.4230769
137,e爱丽舍,387,东风新能源,12.98 - 13.98,,202309,306.4230769
128,e爱丽舍,489,东风新能源,12.98 - 13.98,,202310,306.4230769
115,e爱丽舍,742,东风新能源,12.98 - 13.98,,202311,306.4230769
172,e爱丽舍,248,东风新能源,12.98 - 13.98,,202312,306.4230769
197,e爱丽舍,141,东风新能源,12.98 - 13.98,,202403,306.4230769
111,e爱丽舍,800,东风新能源,12.98 - 13.98,,202404,306.4230769
168,e爱丽舍,360,东风新能源,12.98 - 13.98,,202405,306.4230769
128,e爱丽舍,800,东风新能源,12.98 - 13.98,,202406,306.4230769
127,e爱丽舍,878,东风新能源,12.98 - 13.98,,202407,306.4230769
194,e爱丽舍,311,东风新能源,12.98 - 13.98,,202408,306.4230769
181,e爱丽舍,480,东风新能源,12.98 - 13.98,,202409,306.4230769
210,e爱丽舍,255,东风新能源,12.98 - 13.98,,202410,306.4230769
210,e爱丽舍,258,东风新能源,12.98 - 13.98,,202411,306.4230769
85,羿,423,江铃集团新能源,11.88 - 19.98,,202112,305.6944444
137,羿,35,江铃集团新能源,11.88 - 19.98,,202201,305.6944444
129,羿,51,江铃集团新能源,11.88 - 19.98,,202202,305.6944444
90,羿,497,江铃集团新能源,11.88 - 19.98,,202203,305.6944444
86,羿,378,江铃集团新能源,11.88 - 19.98,,202204,305.6944444
111,羿,198,江铃集团新能源,11.88 - 19.98,,202205,305.6944444
118,羿,253,江铃集团新能源,11.88 - 19.98,,202206,305.6944444
128,羿,186,江铃集团新能源,11.88 - 19.98,,202207,305.6944444
125,羿,275,江铃集团新能源,11.88 - 19.98,,202208,305.6944444
125,羿,347,江铃集团新能源,11.88 - 19.98,,202209,305.6944444
97,羿,593,江铃集团新能源,11.88 - 19.98,,202210,305.6944444
143,羿,116,江铃集团新能源,11.88 - 19.98,,202211,305.6944444
98,羿,895,江铃集团新能源,11.88 - 19.98,,202212,305.6944444
64,羿,781,江铃集团新能源,11.88 - 19.98,,202301,305.6944444
131,羿,152,江铃集团新能源,11.88 - 19.98,,202302,305.6944444
168,羿,38,江铃集团新能源,11.88 - 19.98,,202303,305.6944444
165,羿,60,江铃集团新能源,11.88 - 19.98,,202304,305.6944444
149,羿,106,江铃集团新能源,11.88 - 19.98,,202305,305.6944444
160,羿,80,江铃集团新能源,11.88 - 19.98,,202306,305.6944444
152,羿,176,江铃集团新能源,11.88 - 19.98,,202307,305.6944444
161,羿,213,江铃集团新能源,11.88 - 19.98,,202308,305.6944444
151,羿,251,江铃集团新能源,11.88 - 19.98,,202309,305.6944444
123,羿,620,江铃集团新能源,11.88 - 19.98,,202310,305.6944444
121,羿,655,江铃集团新能源,11.88 - 19.98,,202311,305.6944444
157,羿,409,江铃集团新能源,11.88 - 19.98,,202312,305.6944444
130,羿,527,江铃集团新能源,11.88 - 19.98,,202401,305.6944444
205,羿,42,江铃集团新能源,11.88 - 19.98,,202402,305.6944444
217,羿,50,江铃集团新能源,11.88 - 19.98,,202403,305.6944444
190,羿,138,江铃集团新能源,11.88 - 19.98,,202404,305.6944444
207,羿,155,江铃集团新能源,11.88 - 19.98,,202405,305.6944444
216,羿,152,江铃集团新能源,11.88 - 19.98,,202406,305.6944444
231,羿,111,江铃集团新能源,11.88 - 19.98,,202407,305.6944444
231,羿,106,江铃集团新能源,11.88 - 19.98,,202408,305.6944444
179,羿,497,江铃集团新能源,11.88 - 19.98,,202409,305.6944444
131,羿,1247,江铃集团新能源,11.88 - 19.98,,202410,305.6944444
222,羿,192,江铃集团新能源,11.88 - 19.98,,202411,305.6944444
52,易至EV3,140,江铃集团新能源,5.28 - 6.68,,202005,304.5090909
12,易至EV3,1580,江铃集团新能源,5.28 - 6.68,,202006,304.5090909
69,易至EV3,106,江铃集团新能源,5.28 - 6.68,,202007,304.5090909
58,易至EV3,213,江铃集团新能源,5.28 - 6.68,,202008,304.5090909
67,易至EV3,114,江铃集团新能源,5.28 - 6.68,,202009,304.5090909
100,易至EV3,17,江铃集团新能源,5.28 - 6.68,,202010,304.5090909
86,易至EV3,102,江铃集团新能源,5.28 - 6.68,,202011,304.5090909
57,易至EV3,432,江铃集团新能源,5.28 - 6.68,,202012,304.5090909
67,易至EV3,151,江铃集团新能源,5.28 - 6.68,,202101,304.5090909
66,易至EV3,74,江铃集团新能源,5.28 - 6.68,,202102,304.5090909
69,易至EV3,142,江铃集团新能源,5.28 - 6.68,,202103,304.5090909
58,易至EV3,324,江铃集团新能源,5.28 - 6.68,,202104,304.5090909
79,易至EV3,106,江铃集团新能源,5.28 - 6.68,,202105,304.5090909
69,易至EV3,248,江铃集团新能源,5.28 - 6.68,,202106,304.5090909
64,易至EV3,295,江铃集团新能源,5.28 - 6.68,,202107,304.5090909
72,易至EV3,307,江铃集团新能源,5.28 - 6.68,,202108,304.5090909
62,易至EV3,459,江铃集团新能源,5.28 - 6.68,,202109,304.5090909
104,易至EV3,70,江铃集团新能源,5.28 - 6.68,,202110,304.5090909
66,易至EV3,697,江铃集团新能源,5.28 - 6.68,,202111,304.5090909
81,易至EV3,523,江铃集团新能源,5.28 - 6.68,,202112,304.5090909
77,易至EV3,566,江铃集团新能源,5.28 - 6.68,,202201,304.5090909
74,易至EV3,466,江铃集团新能源,5.28 - 6.68,,202202,304.5090909
73,易至EV3,1005,江铃集团新能源,5.28 - 6.68,,202203,304.5090909
85,易至EV3,404,江铃集团新能源,5.28 - 6.68,,202204,304.5090909
76,易至EV3,763,江铃集团新能源,5.28 - 6.68,,202205,304.5090909
114,易至EV3,357,江铃集团新能源,5.28 - 6.68,,202206,304.5090909
131,易至EV3,150,江铃集团新能源,5.28 - 6.68,,202207,304.5090909
135,易至EV3,170,江铃集团新能源,5.28 - 6.68,,202208,304.5090909
148,易至EV3,139,江铃集团新能源,5.28 - 6.68,,202209,304.5090909
165,易至EV3,12,江铃集团新能源,5.28 - 6.68,,202210,304.5090909
142,易至EV3,127,江铃集团新能源,5.28 - 6.68,,202211,304.5090909
104,易至EV3,690,江铃集团新能源,5.28 - 6.68,,202212,304.5090909
122,易至EV3,139,江铃集团新能源,5.28 - 6.68,,202301,304.5090909
168,易至EV3,18,江铃集团新能源,5.28 - 6.68,,202302,304.5090909
185,易至EV3,9,江铃集团新能源,5.28 - 6.68,,202303,304.5090909
177,易至EV3,19,江铃集团新能源,5.28 - 6.68,,202304,304.5090909
175,易至EV3,12,江铃集团新能源,5.28 - 6.68,,202305,304.5090909
180,易至EV3,19,江铃集团新能源,5.28 - 6.68,,202306,304.5090909
190,易至EV3,23,江铃集团新能源,5.28 - 6.68,,202307,304.5090909
197,易至EV3,9,江铃集团新能源,5.28 - 6.68,,202308,304.5090909
173,易至EV3,117,江铃集团新能源,5.28 - 6.68,,202309,304.5090909
176,易至EV3,137,江铃集团新能源,5.28 - 6.68,,202310,304.5090909
160,易至EV3,263,江铃集团新能源,5.28 - 6.68,,202311,304.5090909
161,易至EV3,386,江铃集团新能源,5.28 - 6.68,,202312,304.5090909
172,易至EV3,187,江铃集团新能源,5.28 - 6.68,,202401,304.5090909
179,易至EV3,101,江铃集团新能源,5.28 - 6.68,,202402,304.5090909
195,易至EV3,147,江铃集团新能源,5.28 - 6.68,,202403,304.5090909
200,易至EV3,110,江铃集团新能源,5.28 - 6.68,,202404,304.5090909
158,易至EV3,439,江铃集团新能源,5.28 - 6.68,,202405,304.5090909
170,易至EV3,391,江铃集团新能源,5.28 - 6.68,,202406,304.5090909
173,易至EV3,417,江铃集团新能源,5.28 - 6.68,,202407,304.5090909
167,易至EV3,545,江铃集团新能源,5.28 - 6.68,,202408,304.5090909
170,易至EV3,607,江铃集团新能源,5.28 - 6.68,,202409,304.5090909
156,易至EV3,797,江铃集团新能源,5.28 - 6.68,,202410,304.5090909
150,易至EV3,907,江铃集团新能源,5.28 - 6.68,,202411,304.5090909
38,爱驰U5,881,爱驰汽车,16.69 - 24.99,,202012,304.1851852
33,爱驰U5,643,爱驰汽车,16.69 - 24.99,,202101,304.1851852
26,爱驰U5,518,爱驰汽车,16.69 - 24.99,,202102,304.1851852
42,爱驰U5,717,爱驰汽车,16.69 - 24.99,,202103,304.1851852
56,爱驰U5,337,爱驰汽车,16.69 - 24.99,,202104,304.1851852
89,爱驰U5,65,爱驰汽车,16.69 - 24.99,,202105,304.1851852
76,爱驰U5,181,爱驰汽车,16.69 - 24.99,,202106,304.1851852
93,爱驰U5,94,爱驰汽车,16.69 - 24.99,,202109,304.1851852
109,爱驰U5,37,爱驰汽车,16.69 - 24.99,,202110,304.1851852
126,爱驰U5,28,爱驰汽车,16.69 - 24.99,,202111,304.1851852
113,爱驰U5,78,爱驰汽车,16.69 - 24.99,,202112,304.1851852
114,爱驰U5,134,爱驰汽车,16.69 - 24.99,,202201,304.1851852
142,爱驰U5,15,爱驰汽车,16.69 - 24.99,,202202,304.1851852
94,爱驰U5,415,爱驰汽车,16.69 - 24.99,,202203,304.1851852
105,爱驰U5,190,爱驰汽车,16.69 - 24.99,,202204,304.1851852
103,爱驰U5,367,爱驰汽车,16.69 - 24.99,,202205,304.1851852
117,爱驰U5,305,爱驰汽车,16.69 - 24.99,,202206,304.1851852
90,爱驰U5,808,爱驰汽车,16.69 - 24.99,,202207,304.1851852
133,爱驰U5,180,爱驰汽车,16.69 - 24.99,,202208,304.1851852
97,爱驰U5,794,爱驰汽车,16.69 - 24.99,,202209,304.1851852
107,爱驰U5,458,爱驰汽车,16.69 - 24.99,,202210,304.1851852
105,爱驰U5,594,爱驰汽车,16.69 - 24.99,,202211,304.1851852
129,爱驰U5,280,爱驰汽车,16.69 - 24.99,,202212,304.1851852
154,爱驰U5,22,爱驰汽车,16.69 - 24.99,,202301,304.1851852
163,爱驰U5,24,爱驰汽车,16.69 - 24.99,,202302,304.1851852
170,爱驰U5,32,爱驰汽车,16.69 - 24.99,,202303,304.1851852
183,爱驰U5,16,爱驰汽车,16.69 - 24.99,,202304,304.1851852
52,红旗E-HS3,11,一汽红旗,22.58 - 26.58,,201907,302.3214286
16,红旗E-HS3,1154,一汽红旗,22.58 - 26.58,,201908,302.3214286
18,红旗E-HS3,1065,一汽红旗,22.58 - 26.58,,201909,302.3214286
15,红旗E-HS3,1043,一汽红旗,22.58 - 26.58,,201910,302.3214286
46,红旗E-HS3,184,一汽红旗,22.58 - 26.58,,201911,302.3214286
70,红旗E-HS3,60,一汽红旗,22.58 - 26.58,,201912,302.3214286
70,红旗E-HS3,19,一汽红旗,22.58 - 26.58,,202001,302.3214286
56,红旗E-HS3,2,一汽红旗,22.58 - 26.58,,202002,302.3214286
73,红旗E-HS3,7,一汽红旗,22.58 - 26.58,,202003,302.3214286
88,红旗E-HS3,7,一汽红旗,22.58 - 26.58,,202004,302.3214286
88,红旗E-HS3,16,一汽红旗,22.58 - 26.58,,202005,302.3214286
81,红旗E-HS3,29,一汽红旗,22.58 - 26.58,,202006,302.3214286
82,红旗E-HS3,25,一汽红旗,22.58 - 26.58,,202007,302.3214286
57,红旗E-HS3,219,一汽红旗,22.58 - 26.58,,202008,302.3214286
106,红旗E-HS3,3,一汽红旗,22.58 - 26.58,,202009,302.3214286
29,红旗E-HS3,1021,一汽红旗,22.58 - 26.58,,202010,302.3214286
14,红旗E-HS3,2552,一汽红旗,22.58 - 26.58,,202011,302.3214286
88,红旗E-HS3,119,一汽红旗,22.58 - 26.58,,202012,302.3214286
122,红旗E-HS3,0,一汽红旗,22.58 - 26.58,,202101,302.3214286
118,红旗E-HS3,0,一汽红旗,22.58 - 26.58,,202102,302.3214286
105,红旗E-HS3,8,一汽红旗,22.58 - 26.58,,202103,302.3214286
59,红旗E-HS3,293,一汽红旗,22.58 - 26.58,,202104,302.3214286
131,红旗E-HS3,0,一汽红旗,22.58 - 26.58,,202105,302.3214286
124,红旗E-HS3,0,一汽红旗,22.58 - 26.58,,202106,302.3214286
156,红旗E-HS3,0,一汽红旗,22.58 - 26.58,,202106,302.3214286
118,红旗E-HS3,5,一汽红旗,22.58 - 26.58,,202109,302.3214286
121,红旗E-HS3,15,一汽红旗,22.58 - 26.58,,202110,302.3214286
69,红旗E-HS3,608,一汽红旗,22.58 - 26.58,,202111,302.3214286
163,红旗E-HS3,0,一汽红旗,22.58 - 26.58,,202112,302.3214286
130,风行雷霆,358,东风风行,9.98 - 22.99,,202307,300.1666667
151,风行雷霆,274,东风风行,9.98 - 22.99,,202308,300.1666667
158,风行雷霆,236,东风风行,9.98 - 22.99,,202309,300.1666667
153,风行雷霆,267,东风风行,9.98 - 22.99,,202310,300.1666667
103,风行雷霆,1034,东风风行,9.98 - 22.99,,202311,300.1666667
209,风行雷霆,35,东风风行,9.98 - 22.99,,202312,300.1666667
154,风行雷霆,311,东风风行,9.98 - 22.99,,202401,300.1666667
133,风行雷霆,302,东风风行,9.98 - 22.99,,202402,300.1666667
147,风行雷霆,439,东风风行,9.98 - 22.99,,202403,300.1666667
171,风行雷霆,253,东风风行,9.98 - 22.99,,202404,300.1666667
243,风行雷霆,47,东风风行,9.98 - 22.99,,202406,300.1666667
262,风行雷霆,46,东风风行,9.98 - 22.99,,202410,300.1666667
228,远航H8,36,远航汽车,21.98 - 36.98,,202404,299.7142857
173,远航H8,335,远航汽车,21.98 - 36.98,,202405,299.7142857
152,远航H8,523,远航汽车,21.98 - 36.98,,202406,299.7142857
162,远航H8,518,远航汽车,21.98 - 36.98,,202407,299.7142857
175,远航H8,452,远航汽车,21.98 - 36.98,,202408,299.7142857
215,远航H8,208,远航汽车,21.98 - 36.98,,202409,299.7142857
267,远航H8,26,远航汽车,21.98 - 36.98,,202410,299.7142857
191,蔚来EC7,3,蔚来,45.80 - 54.80,,202303,296.7142857
132,蔚来EC7,197,蔚来,45.80 - 54.80,,202304,296.7142857
93,蔚来EC7,569,蔚来,45.80 - 54.80,,202305,296.7142857
98,蔚来EC7,756,蔚来,45.80 - 54.80,,202306,296.7142857
118,蔚来EC7,493,蔚来,45.80 - 54.80,,202307,296.7142857
126,蔚来EC7,492,蔚来,45.80 - 54.80,,202308,296.7142857
161,蔚来EC7,229,蔚来,45.80 - 54.80,,202309,296.7142857
161,蔚来EC7,204,蔚来,45.80 - 54.80,,202310,296.7142857
150,蔚来EC7,350,蔚来,45.80 - 54.80,,202311,296.7142857
162,蔚来EC7,368,蔚来,45.80 - 54.80,,202312,296.7142857
182,蔚来EC7,143,蔚来,45.80 - 54.80,,202401,296.7142857
172,蔚来EC7,119,蔚来,45.80 - 54.80,,202402,296.7142857
164,蔚来EC7,349,蔚来,45.80 - 54.80,,202403,296.7142857
181,蔚来EC7,203,蔚来,45.80 - 54.80,,202404,296.7142857
180,蔚来EC7,298,蔚来,45.80 - 54.80,,202405,296.7142857
182,蔚来EC7,319,蔚来,45.80 - 54.80,,202406,296.7142857
192,蔚来EC7,262,蔚来,45.80 - 54.80,,202407,296.7142857
208,蔚来EC7,253,蔚来,45.80 - 54.80,,202408,296.7142857
208,蔚来EC7,237,蔚来,45.80 - 54.80,,202409,296.7142857
217,蔚来EC7,200,蔚来,45.80 - 54.80,,202410,296.7142857
225,蔚来EC7,187,蔚来,45.80 - 54.80,,202411,296.7142857
21,比亚迪e1,1157,比亚迪,5.99 - 7.99,,201904,296.375
23,比亚迪e1,1249,比亚迪,5.99 - 7.99,,201905,296.375
19,比亚迪e1,1762,比亚迪,5.99 - 7.99,,201906,296.375
12,比亚迪e1,1120,比亚迪,5.99 - 7.99,,201907,296.375
19,比亚迪e1,1100,比亚迪,5.99 - 7.99,,201908,296.375
33,比亚迪e1,301,比亚迪,5.99 - 7.99,,201909,296.375
44,比亚迪e1,129,比亚迪,5.99 - 7.99,,201910,296.375
37,比亚迪e1,292,比亚迪,5.99 - 7.99,,201911,296.375
44,比亚迪e1,360,比亚迪,5.99 - 7.99,,201912,296.375
38,比亚迪e1,153,比亚迪,5.99 - 7.99,,202001,296.375
109,比亚迪e1,0,比亚迪,5.99 - 7.99,,202002,296.375
29,比亚迪e1,272,比亚迪,5.99 - 7.99,,202003,296.375
53,比亚迪e1,85,比亚迪,5.99 - 7.99,,202004,296.375
56,比亚迪e1,123,比亚迪,5.99 - 7.99,,202005,296.375
57,比亚迪e1,137,比亚迪,5.99 - 7.99,,202006,296.375
59,比亚迪e1,155,比亚迪,5.99 - 7.99,,202007,296.375
64,比亚迪e1,157,比亚迪,5.99 - 7.99,,202008,296.375
65,比亚迪e1,119,比亚迪,5.99 - 7.99,,202009,296.375
63,比亚迪e1,182,比亚迪,5.99 - 7.99,,202010,296.375
76,比亚迪e1,168,比亚迪,5.99 - 7.99,,202011,296.375
72,比亚迪e1,220,比亚迪,5.99 - 7.99,,202012,296.375
71,比亚迪e1,108,比亚迪,5.99 - 7.99,,202101,296.375
64,比亚迪e1,81,比亚迪,5.99 - 7.99,,202102,296.375
89,比亚迪e1,40,比亚迪,5.99 - 7.99,,202103,296.375
109,比亚迪e1,14,比亚迪,5.99 - 7.99,,202104,296.375
127,比亚迪e1,0,比亚迪,5.99 - 7.99,,202105,296.375
152,比亚迪e1,0,比亚迪,5.99 - 7.99,,202106,296.375
152,比亚迪e1,0,比亚迪,5.99 - 7.99,,202107,296.375
151,比亚迪e1,0,比亚迪,5.99 - 7.99,,202108,296.375
149,比亚迪e1,0,比亚迪,5.99 - 7.99,,202109,296.375
198,比亚迪e1,0,比亚迪,5.99 - 7.99,,202111,296.375
206,比亚迪e1,0,比亚迪,5.99 - 7.99,,202111,296.375
181,比亚迪e1,0,比亚迪,5.99 - 7.99,,202112,296.375
8,云度π1,712,云度新能源,7.48 - 7.98,,201801,291.34
16,云度π1,201,云度新能源,7.48 - 7.98,,201802,291.34
19,云度π1,276,云度新能源,7.48 - 7.98,,201803,291.34
26,云度π1,217,云度新能源,7.48 - 7.98,,201804,291.34
37,云度π1,60,云度新能源,7.48 - 7.98,,201805,291.34
35,云度π1,56,云度新能源,7.48 - 7.98,,201806,291.34
38,云度π1,109,云度新能源,7.48 - 7.98,,201807,291.34
20,云度π1,520,云度新能源,7.48 - 7.98,,201808,291.34
23,云度π1,830,云度新能源,7.48 - 7.98,,201809,291.34
29,云度π1,531,云度新能源,7.48 - 7.98,,201810,291.34
38,云度π1,654,云度新能源,7.48 - 7.98,,201811,291.34
29,云度π1,1248,云度新能源,7.48 - 7.98,,201812,291.34
33,云度π1,292,云度新能源,7.48 - 7.98,,201901,291.34
38,云度π1,143,云度新能源,7.48 - 7.98,,201902,291.34
39,云度π1,195,云度新能源,7.48 - 7.98,,201903,291.34
45,云度π1,145,云度新能源,7.48 - 7.98,,201904,291.34
45,云度π1,155,云度新能源,7.48 - 7.98,,201905,291.34
46,云度π1,150,云度新能源,7.48 - 7.98,,201906,291.34
36,云度π1,135,云度新能源,7.48 - 7.98,,201907,291.34
45,云度π1,122,云度新能源,7.48 - 7.98,,201908,291.34
46,云度π1,132,云度新能源,7.48 - 7.98,,201909,291.34
42,云度π1,149,云度新能源,7.48 - 7.98,,201910,291.34
48,云度π1,140,云度新能源,7.48 - 7.98,,201911,291.34
59,云度π1,134,云度新能源,7.48 - 7.98,,201912,291.34
47,云度π1,86,云度新能源,7.48 - 7.98,,202001,291.34
22,云度π1,80,云度新能源,7.48 - 7.98,,202002,291.34
64,云度π1,12,云度新能源,7.48 - 7.98,,202003,291.34
75,云度π1,16,云度新能源,7.48 - 7.98,,202004,291.34
77,云度π1,35,云度新能源,7.48 - 7.98,,202005,291.34
68,云度π1,70,云度新能源,7.48 - 7.98,,202006,291.34
61,云度π1,151,云度新能源,7.48 - 7.98,,202007,291.34
45,云度π1,320,云度新能源,7.48 - 7.98,,202008,291.34
37,云度π1,479,云度新能源,7.48 - 7.98,,202009,291.34
45,云度π1,552,云度新能源,7.48 - 7.98,,202010,291.34
45,云度π1,634,云度新能源,7.48 - 7.98,,202011,291.34
45,云度π1,717,云度新能源,7.48 - 7.98,,202012,291.34
53,云度π1,363,云度新能源,7.48 - 7.98,,202101,291.34
47,云度π1,192,云度新能源,7.48 - 7.98,,202102,291.34
53,云度π1,398,云度新能源,7.48 - 7.98,,202103,291.34
47,云度π1,489,云度新能源,7.48 - 7.98,,202104,291.34
50,云度π1,491,云度新能源,7.48 - 7.98,,202105,291.34
55,云度π1,434,云度新能源,7.48 - 7.98,,202106,291.34
68,云度π1,254,云度新能源,7.48 - 7.98,,202107,291.34
78,云度π1,249,云度新能源,7.48 - 7.98,,202108,291.34
75,云度π1,257,云度新能源,7.48 - 7.98,,202109,291.34
80,云度π1,225,云度新能源,7.48 - 7.98,,202110,291.34
94,云度π1,213,云度新能源,7.48 - 7.98,,202111,291.34
99,云度π1,183,云度新能源,7.48 - 7.98,,202112,291.34
108,云度π1,185,云度新能源,7.48 - 7.98,,202201,291.34
108,云度π1,176,云度新能源,7.48 - 7.98,,202202,291.34
73,沃尔沃S90新能源,309,沃尔沃亚太,49.99 - 61.39,,202109,289.4102564
53,沃尔沃S90新能源,856,沃尔沃亚太,49.99 - 61.39,,202110,289.4102564
58,沃尔沃S90新能源,1080,沃尔沃亚太,49.99 - 61.39,,202111,289.4102564
114,沃尔沃S90新能源,78,沃尔沃亚太,49.99 - 61.39,,202112,289.4102564
98,沃尔沃S90新能源,350,沃尔沃亚太,49.99 - 61.39,,202201,289.4102564
93,沃尔沃S90新能源,263,沃尔沃亚太,49.99 - 61.39,,202202,289.4102564
112,沃尔沃S90新能源,242,沃尔沃亚太,49.99 - 61.39,,202203,289.4102564
138,沃尔沃S90新能源,22,沃尔沃亚太,49.99 - 61.39,,202204,289.4102564
142,沃尔沃S90新能源,56,沃尔沃亚太,49.99 - 61.39,,202205,289.4102564
142,沃尔沃S90新能源,83,沃尔沃亚太,49.99 - 61.39,,202206,289.4102564
141,沃尔沃S90新能源,103,沃尔沃亚太,49.99 - 61.39,,202207,289.4102564
116,沃尔沃S90新能源,395,沃尔沃亚太,49.99 - 61.39,,202208,289.4102564
139,沃尔沃S90新能源,195,沃尔沃亚太,49.99 - 61.39,,202209,289.4102564
104,沃尔沃S90新能源,478,沃尔沃亚太,49.99 - 61.39,,202210,289.4102564
117,沃尔沃S90新能源,411,沃尔沃亚太,49.99 - 61.39,,202211,289.4102564
125,沃尔沃S90新能源,352,沃尔沃亚太,49.99 - 61.39,,202212,289.4102564
101,沃尔沃S90新能源,284,沃尔沃亚太,49.99 - 61.39,,202301,289.4102564
113,沃尔沃S90新能源,317,沃尔沃亚太,49.99 - 61.39,,202302,289.4102564
116,沃尔沃S90新能源,335,沃尔沃亚太,49.99 - 61.39,,202303,289.4102564
128,沃尔沃S90新能源,228,沃尔沃亚太,49.99 - 61.39,,202304,289.4102564
130,沃尔沃S90新能源,256,沃尔沃亚太,49.99 - 61.39,,202305,289.4102564
128,沃尔沃S90新能源,317,沃尔沃亚太,49.99 - 61.39,,202306,289.4102564
144,沃尔沃S90新能源,238,沃尔沃亚太,49.99 - 61.39,,202307,289.4102564
155,沃尔沃S90新能源,243,沃尔沃亚太,49.99 - 61.39,,202308,289.4102564
162,沃尔沃S90新能源,229,沃尔沃亚太,49.99 - 61.39,,202309,289.4102564
156,沃尔沃S90新能源,241,沃尔沃亚太,49.99 - 61.39,,202310,289.4102564
159,沃尔沃S90新能源,264,沃尔沃亚太,49.99 - 61.39,,202311,289.4102564
158,沃尔沃S90新能源,405,沃尔沃亚太,49.99 - 61.39,,202312,289.4102564
161,沃尔沃S90新能源,234,沃尔沃亚太,49.99 - 61.39,,202401,289.4102564
190,沃尔沃S90新能源,71,沃尔沃亚太,49.99 - 61.39,,202402,289.4102564
176,沃尔沃S90新能源,214,沃尔沃亚太,49.99 - 61.39,,202403,289.4102564
187,沃尔沃S90新能源,163,沃尔沃亚太,49.99 - 61.39,,202404,289.4102564
200,沃尔沃S90新能源,179,沃尔沃亚太,49.99 - 61.39,,202405,289.4102564
183,沃尔沃S90新能源,314,沃尔沃亚太,49.99 - 61.39,,202406,289.4102564
193,沃尔沃S90新能源,255,沃尔沃亚太,49.99 - 61.39,,202407,289.4102564
205,沃尔沃S90新能源,266,沃尔沃亚太,49.99 - 61.39,,202408,289.4102564
201,沃尔沃S90新能源,311,沃尔沃亚太,49.99 - 61.39,,202409,289.4102564
203,沃尔沃S90新能源,319,沃尔沃亚太,49.99 - 61.39,,202410,289.4102564
201,沃尔沃S90新能源,331,沃尔沃亚太,49.99 - 61.39,,202411,289.4102564
29,奥迪A6L新能源,466,一汽-大众奥迪,0.00 - 0.00,,201901,287.0689655
43,奥迪A6L新能源,80,一汽-大众奥迪,0.00 - 0.00,,201902,287.0689655
61,奥迪A6L新能源,1,一汽-大众奥迪,0.00 - 0.00,,201903,287.0689655
65,奥迪A6L新能源,1,一汽-大众奥迪,0.00 - 0.00,,201905,287.0689655
76,奥迪A6L新能源,0,一汽-大众奥迪,0.00 - 0.00,,201907,287.0689655
67,奥迪A6L新能源,0,一汽-大众奥迪,0.00 - 0.00,,201908,287.0689655
85,奥迪A6L新能源,0,一汽-大众奥迪,0.00 - 0.00,,201909,287.0689655
94,奥迪A6L新能源,0,一汽-大众奥迪,0.00 - 0.00,,201910,287.0689655
95,奥迪A6L新能源,0,一汽-大众奥迪,0.00 - 0.00,,201911,287.0689655
72,奥迪A6L新能源,58,一汽-大众奥迪,0.00 - 0.00,,201912,287.0689655
24,奥迪A6L新能源,426,一汽-大众奥迪,0.00 - 0.00,,202001,287.0689655
28,奥迪A6L新能源,48,一汽-大众奥迪,0.00 - 0.00,,202002,287.0689655
25,奥迪A6L新能源,417,一汽-大众奥迪,0.00 - 0.00,,202003,287.0689655
30,奥迪A6L新能源,317,一汽-大众奥迪,0.00 - 0.00,,202004,287.0689655
34,奥迪A6L新能源,343,一汽-大众奥迪,0.00 - 0.00,,202005,287.0689655
41,奥迪A6L新能源,295,一汽-大众奥迪,0.00 - 0.00,,202006,287.0689655
26,奥迪A6L新能源,847,一汽-大众奥迪,0.00 - 0.00,,202007,287.0689655
28,奥迪A6L新能源,859,一汽-大众奥迪,0.00 - 0.00,,202008,287.0689655
29,奥迪A6L新能源,846,一汽-大众奥迪,0.00 - 0.00,,202009,287.0689655
38,奥迪A6L新能源,736,一汽-大众奥迪,0.00 - 0.00,,202010,287.0689655
32,奥迪A6L新能源,983,一汽-大众奥迪,0.00 - 0.00,,202011,287.0689655
41,奥迪A6L新能源,823,一汽-大众奥迪,0.00 - 0.00,,202012,287.0689655
46,奥迪A6L新能源,437,一汽-大众奥迪,0.00 - 0.00,,202101,287.0689655
37,奥迪A6L新能源,275,一汽-大众奥迪,0.00 - 0.00,,202102,287.0689655
47,奥迪A6L新能源,541,一汽-大众奥迪,0.00 - 0.00,,202103,287.0689655
46,奥迪A6L新能源,510,一汽-大众奥迪,0.00 - 0.00,,202104,287.0689655
46,奥迪A6L新能源,546,一汽-大众奥迪,0.00 - 0.00,,202105,287.0689655
50,奥迪A6L新能源,496,一汽-大众奥迪,0.00 - 0.00,,202106,287.0689655
57,奥迪A6L新能源,392,一汽-大众奥迪,0.00 - 0.00,,202107,287.0689655
76,奥迪A6L新能源,267,一汽-大众奥迪,0.00 - 0.00,,202108,287.0689655
120,奥迪A6L新能源,5,一汽-大众奥迪,0.00 - 0.00,,202109,287.0689655
99,奥迪A6L新能源,84,一汽-大众奥迪,0.00 - 0.00,,202110,287.0689655
77,奥迪A6L新能源,456,一汽-大众奥迪,0.00 - 0.00,,202111,287.0689655
88,奥迪A6L新能源,325,一汽-大众奥迪,0.00 - 0.00,,202112,287.0689655
95,奥迪A6L新能源,367,一汽-大众奥迪,0.00 - 0.00,,202201,287.0689655
79,奥迪A6L新能源,391,一汽-大众奥迪,0.00 - 0.00,,202202,287.0689655
120,奥迪A6L新能源,181,一汽-大众奥迪,0.00 - 0.00,,202203,287.0689655
133,奥迪A6L新能源,28,一汽-大众奥迪,0.00 - 0.00,,202204,287.0689655
106,奥迪A6L新能源,281,一汽-大众奥迪,0.00 - 0.00,,202205,287.0689655
139,奥迪A6L新能源,93,一汽-大众奥迪,0.00 - 0.00,,202206,287.0689655
106,奥迪A6L新能源,467,一汽-大众奥迪,0.00 - 0.00,,202207,287.0689655
112,奥迪A6L新能源,425,一汽-大众奥迪,0.00 - 0.00,,202208,287.0689655
116,奥迪A6L新能源,452,一汽-大众奥迪,0.00 - 0.00,,202209,287.0689655
138,奥迪A6L新能源,131,一汽-大众奥迪,0.00 - 0.00,,202210,287.0689655
148,奥迪A6L新能源,88,一汽-大众奥迪,0.00 - 0.00,,202211,287.0689655
126,奥迪A6L新能源,334,一汽-大众奥迪,0.00 - 0.00,,202212,287.0689655
87,奥迪A6L新能源,367,一汽-大众奥迪,0.00 - 0.00,,202301,287.0689655
114,奥迪A6L新能源,314,一汽-大众奥迪,0.00 - 0.00,,202302,287.0689655
108,奥迪A6L新能源,411,一汽-大众奥迪,0.00 - 0.00,,202303,287.0689655
129,奥迪A6L新能源,214,一汽-大众奥迪,0.00 - 0.00,,202304,287.0689655
152,奥迪A6L新能源,91,一汽-大众奥迪,0.00 - 0.00,,202305,287.0689655
177,奥迪A6L新能源,24,一汽-大众奥迪,0.00 - 0.00,,202306,287.0689655
191,奥迪A6L新能源,16,一汽-大众奥迪,0.00 - 0.00,,202307,287.0689655
188,奥迪A6L新能源,32,一汽-大众奥迪,0.00 - 0.00,,202308,287.0689655
213,奥迪A6L新能源,3,一汽-大众奥迪,0.00 - 0.00,,202309,287.0689655
220,奥迪A6L新能源,3,一汽-大众奥迪,0.00 - 0.00,,202311,287.0689655
201,奥迪A6L新能源,56,一汽-大众奥迪,0.00 - 0.00,,202312,287.0689655
228,奥迪A6L新能源,1,一汽-大众奥迪,0.00 - 0.00,,202401,287.0689655
185,IQ傲歌,181,上汽通用凯迪拉克,23.97 - 26.97,,202404,284.875
155,IQ傲歌,463,上汽通用凯迪拉克,23.97 - 26.97,,202405,284.875
160,IQ傲歌,493,上汽通用凯迪拉克,23.97 - 26.97,,202406,284.875
183,IQ傲歌,321,上汽通用凯迪拉克,23.97 - 26.97,,202407,284.875
201,IQ傲歌,292,上汽通用凯迪拉克,23.97 - 26.97,,202408,284.875
207,IQ傲歌,251,上汽通用凯迪拉克,23.97 - 26.97,,202409,284.875
230,IQ傲歌,143,上汽通用凯迪拉克,23.97 - 26.97,,202410,284.875
241,IQ傲歌,135,上汽通用凯迪拉克,23.97 - 26.97,,202411,284.875
66,欧拉芭蕾猫,1516,长城新能源,14.98 - 17.98,,202207,276.2068966
79,欧拉芭蕾猫,1056,长城新能源,14.98 - 17.98,,202208,276.2068966
112,欧拉芭蕾猫,506,长城新能源,14.98 - 17.98,,202209,276.2068966
99,欧拉芭蕾猫,515,长城新能源,14.98 - 17.98,,202210,276.2068966
144,欧拉芭蕾猫,115,长城新能源,14.98 - 17.98,,202211,276.2068966
148,欧拉芭蕾猫,108,长城新能源,14.98 - 17.98,,202212,276.2068966
142,欧拉芭蕾猫,62,长城新能源,14.98 - 17.98,,202301,276.2068966
134,欧拉芭蕾猫,128,长城新能源,14.98 - 17.98,,202302,276.2068966
127,欧拉芭蕾猫,253,长城新能源,14.98 - 17.98,,202303,276.2068966
99,欧拉芭蕾猫,472,长城新能源,14.98 - 17.98,,202304,276.2068966
102,欧拉芭蕾猫,459,长城新能源,14.98 - 17.98,,202305,276.2068966
153,欧拉芭蕾猫,113,长城新能源,14.98 - 17.98,,202306,276.2068966
167,欧拉芭蕾猫,101,长城新能源,14.98 - 17.98,,202307,276.2068966
179,欧拉芭蕾猫,73,长城新能源,14.98 - 17.98,,202308,276.2068966
183,欧拉芭蕾猫,81,长城新能源,14.98 - 17.98,,202309,276.2068966
136,欧拉芭蕾猫,401,长城新能源,14.98 - 17.98,,202310,276.2068966
178,欧拉芭蕾猫,144,长城新能源,14.98 - 17.98,,202311,276.2068966
159,欧拉芭蕾猫,397,长城新能源,14.98 - 17.98,,202312,276.2068966
176,欧拉芭蕾猫,181,长城新能源,14.98 - 17.98,,202401,276.2068966
187,欧拉芭蕾猫,74,长城新能源,14.98 - 17.98,,202402,276.2068966
202,欧拉芭蕾猫,123,长城新能源,14.98 - 17.98,,202403,276.2068966
193,欧拉芭蕾猫,132,长城新能源,14.98 - 17.98,,202404,276.2068966
218,欧拉芭蕾猫,110,长城新能源,14.98 - 17.98,,202405,276.2068966
230,欧拉芭蕾猫,99,长城新能源,14.98 - 17.98,,202406,276.2068966
213,欧拉芭蕾猫,175,长城新能源,14.98 - 17.98,,202407,276.2068966
225,欧拉芭蕾猫,150,长城新能源,14.98 - 17.98,,202408,276.2068966
231,欧拉芭蕾猫,150,长城新能源,14.98 - 17.98,,202409,276.2068966
229,欧拉芭蕾猫,166,长城新能源,14.98 - 17.98,,202410,276.2068966
234,欧拉芭蕾猫,150,长城新能源,14.98 - 17.98,,202411,276.2068966
99,奔驰EQA,172,北京奔驰,32.20 - 32.20,,202111,276.0833333
104,奔驰EQA,155,北京奔驰,32.20 - 32.20,,202112,276.0833333
96,奔驰EQA,361,北京奔驰,32.20 - 32.20,,202201,276.0833333
110,奔驰EQA,151,北京奔驰,32.20 - 32.20,,202202,276.0833333
111,奔驰EQA,243,北京奔驰,32.20 - 32.20,,202203,276.0833333
117,奔驰EQA,123,北京奔驰,32.20 - 32.20,,202204,276.0833333
100,奔驰EQA,402,北京奔驰,32.20 - 32.20,,202205,276.0833333
89,奔驰EQA,877,北京奔驰,32.20 - 32.20,,202206,276.0833333
113,奔驰EQA,401,北京奔驰,32.20 - 32.20,,202207,276.0833333
97,奔驰EQA,639,北京奔驰,32.20 - 32.20,,202208,276.0833333
165,奔驰EQA,36,北京奔驰,32.20 - 32.20,,202209,276.0833333
143,奔驰EQA,94,北京奔驰,32.20 - 32.20,,202210,276.0833333
139,奔驰EQA,213,北京奔驰,32.20 - 32.20,,202212,276.0833333
129,奔驰EQA,88,北京奔驰,32.20 - 32.20,,202301,276.0833333
140,奔驰EQA,103,北京奔驰,32.20 - 32.20,,202302,276.0833333
137,奔驰EQA,159,北京奔驰,32.20 - 32.20,,202303,276.0833333
153,奔驰EQA,100,北京奔驰,32.20 - 32.20,,202304,276.0833333
100,奔驰EQA,483,北京奔驰,32.20 - 32.20,,202305,276.0833333
125,奔驰EQA,352,北京奔驰,32.20 - 32.20,,202306,276.0833333
125,奔驰EQA,414,北京奔驰,32.20 - 32.20,,202307,276.0833333
132,奔驰EQA,402,北京奔驰,32.20 - 32.20,,202308,276.0833333
128,奔驰EQA,509,北京奔驰,32.20 - 32.20,,202309,276.0833333
150,奔驰EQA,308,北京奔驰,32.20 - 32.20,,202310,276.0833333
141,奔驰EQA,433,北京奔驰,32.20 - 32.20,,202311,276.0833333
186,奔驰EQA,179,北京奔驰,32.20 - 32.20,,202312,276.0833333
185,奔驰EQA,129,北京奔驰,32.20 - 32.20,,202401,276.0833333
130,奔驰EQA,319,北京奔驰,32.20 - 32.20,,202402,276.0833333
103,奔驰EQA,912,北京奔驰,32.20 - 32.20,,202403,276.0833333
203,奔驰EQA,99,北京奔驰,32.20 - 32.20,,202404,276.0833333
185,奔驰EQA,242,北京奔驰,32.20 - 32.20,,202405,276.0833333
257,奔驰EQA,6,北京奔驰,32.20 - 32.20,,202406,276.0833333
275,奔驰EQA,1,北京奔驰,32.20 - 32.20,,202407,276.0833333
172,奔驰EQA,503,北京奔驰,32.20 - 32.20,,202408,276.0833333
248,奔驰EQA,82,北京奔驰,32.20 - 32.20,,202409,276.0833333
240,奔驰EQA,94,北京奔驰,32.20 - 32.20,,202410,276.0833333
232,奔驰EQA,155,北京奔驰,32.20 - 32.20,,202411,276.0833333
110,江淮QX PHEV,746,江汽集团,8.99 - 19.69,,202309,263.6666667
117,江淮QX PHEV,694,江汽集团,8.99 - 19.69,,202310,263.6666667
165,江淮QX PHEV,216,江汽集团,8.99 - 19.69,,202311,263.6666667
164,江淮QX PHEV,360,江汽集团,8.99 - 19.69,,202312,263.6666667
187,江淮QX PHEV,127,江汽集团,8.99 - 19.69,,202401,263.6666667
182,江淮QX PHEV,88,江汽集团,8.99 - 19.69,,202402,263.6666667
172,江淮QX PHEV,273,江汽集团,8.99 - 19.69,,202403,263.6666667
179,江淮QX PHEV,214,江汽集团,8.99 - 19.69,,202404,263.6666667
219,江淮QX PHEV,103,江汽集团,8.99 - 19.69,,202405,263.6666667
217,江淮QX PHEV,152,江汽集团,8.99 - 19.69,,202406,263.6666667
209,江淮QX PHEV,185,江汽集团,8.99 - 19.69,,202407,263.6666667
213,江淮QX PHEV,197,江汽集团,8.99 - 19.69,,202408,263.6666667
217,江淮QX PHEV,195,江汽集团,8.99 - 19.69,,202409,263.6666667
211,江淮QX PHEV,253,江汽集团,8.99 - 19.69,,202410,263.6666667
233,江淮QX PHEV,152,江汽集团,8.99 - 19.69,,202411,263.6666667
131,Ariya艾睿雅,304,东风日产,19.99 - 28.29,,202209,263.2962963
105,Ariya艾睿雅,474,东风日产,19.99 - 28.29,,202210,263.2962963
116,Ariya艾睿雅,439,东风日产,19.99 - 28.29,,202211,263.2962963
146,Ariya艾睿雅,116,东风日产,19.99 - 28.29,,202212,263.2962963
140,Ariya艾睿雅,67,东风日产,19.99 - 28.29,,202301,263.2962963
150,Ariya艾睿雅,64,东风日产,19.99 - 28.29,,202302,263.2962963
118,Ariya艾睿雅,329,东风日产,19.99 - 28.29,,202303,263.2962963
96,Ariya艾睿雅,495,东风日产,19.99 - 28.29,,202304,263.2962963
125,Ariya艾睿雅,297,东风日产,19.99 - 28.29,,202305,263.2962963
156,Ariya艾睿雅,102,东风日产,19.99 - 28.29,,202306,263.2962963
164,Ariya艾睿雅,115,东风日产,19.99 - 28.29,,202307,263.2962963
171,Ariya艾睿雅,106,东风日产,19.99 - 28.29,,202308,263.2962963
169,Ariya艾睿雅,144,东风日产,19.99 - 28.29,,202309,263.2962963
100,Ariya艾睿雅,988,东风日产,19.99 - 28.29,,202310,263.2962963
132,Ariya艾睿雅,545,东风日产,19.99 - 28.29,,202311,263.2962963
150,Ariya艾睿雅,450,东风日产,19.99 - 28.29,,202312,263.2962963
177,Ariya艾睿雅,176,东风日产,19.99 - 28.29,,202401,263.2962963
170,Ariya艾睿雅,120,东风日产,19.99 - 28.29,,202402,263.2962963
167,Ariya艾睿雅,314,东风日产,19.99 - 28.29,,202403,263.2962963
161,Ariya艾睿雅,346,东风日产,19.99 - 28.29,,202404,263.2962963
153,Ariya艾睿雅,489,东风日产,19.99 - 28.29,,202405,263.2962963
194,Ariya艾睿雅,237,东风日产,19.99 - 28.29,,202406,263.2962963
214,Ariya艾睿雅,174,东风日产,19.99 - 28.29,,202407,263.2962963
229,Ariya艾睿雅,116,东风日产,19.99 - 28.29,,202408,263.2962963
257,Ariya艾睿雅,56,东风日产,19.99 - 28.29,,202409,263.2962963
275,Ariya艾睿雅,19,东风日产,19.99 - 28.29,,202410,263.2962963
272,Ariya艾睿雅,27,东风日产,19.99 - 28.29,,202411,263.2962963
71,炫界Pro EV,561,凯翼汽车,11.99 - 17.66,,202111,262.6111111
56,炫界Pro EV,1460,凯翼汽车,11.99 - 17.66,,202112,262.6111111
150,炫界Pro EV,14,凯翼汽车,11.99 - 17.66,,202201,262.6111111
141,炫界Pro EV,16,凯翼汽车,11.99 - 17.66,,202202,262.6111111
81,炫界Pro EV,453,凯翼汽车,11.99 - 17.66,,202204,262.6111111
104,炫界Pro EV,350,凯翼汽车,11.99 - 17.66,,202205,262.6111111
120,炫界Pro EV,235,凯翼汽车,11.99 - 17.66,,202206,262.6111111
122,炫界Pro EV,240,凯翼汽车,11.99 - 17.66,,202207,262.6111111
122,炫界Pro EV,309,凯翼汽车,11.99 - 17.66,,202208,262.6111111
175,炫界Pro EV,9,凯翼汽车,11.99 - 17.66,,202209,262.6111111
136,炫界Pro EV,151,凯翼汽车,11.99 - 17.66,,202210,262.6111111
162,炫界Pro EV,19,凯翼汽车,11.99 - 17.66,,202211,262.6111111
64,炫界Pro EV,2460,凯翼汽车,11.99 - 17.66,,202212,262.6111111
158,炫界Pro EV,18,凯翼汽车,11.99 - 17.66,,202301,262.6111111
164,炫界Pro EV,23,凯翼汽车,11.99 - 17.66,,202302,262.6111111
179,炫界Pro EV,18,凯翼汽车,11.99 - 17.66,,202303,262.6111111
133,炫界Pro EV,189,凯翼汽车,11.99 - 17.66,,202304,262.6111111
140,炫界Pro EV,184,凯翼汽车,11.99 - 17.66,,202305,262.6111111
172,炫界Pro EV,50,凯翼汽车,11.99 - 17.66,,202306,262.6111111
169,炫界Pro EV,100,凯翼汽车,11.99 - 17.66,,202307,262.6111111
174,炫界Pro EV,89,凯翼汽车,11.99 - 17.66,,202308,262.6111111
181,炫界Pro EV,91,凯翼汽车,11.99 - 17.66,,202309,262.6111111
181,炫界Pro EV,110,凯翼汽车,11.99 - 17.66,,202310,262.6111111
170,炫界Pro EV,196,凯翼汽车,11.99 - 17.66,,202311,262.6111111
166,炫界Pro EV,346,凯翼汽车,11.99 - 17.66,,202312,262.6111111
156,炫界Pro EV,274,凯翼汽车,11.99 - 17.66,,202401,262.6111111
159,炫界Pro EV,166,凯翼汽车,11.99 - 17.66,,202402,262.6111111
208,炫界Pro EV,94,凯翼汽车,11.99 - 17.66,,202403,262.6111111
210,炫界Pro EV,88,凯翼汽车,11.99 - 17.66,,202404,262.6111111
227,炫界Pro EV,76,凯翼汽车,11.99 - 17.66,,202405,262.6111111
222,炫界Pro EV,118,凯翼汽车,11.99 - 17.66,,202406,262.6111111
216,炫界Pro EV,159,凯翼汽车,11.99 - 17.66,,202407,262.6111111
226,炫界Pro EV,148,凯翼汽车,11.99 - 17.66,,202408,262.6111111
218,炫界Pro EV,194,凯翼汽车,11.99 - 17.66,,202409,262.6111111
213,炫界Pro EV,232,凯翼汽车,11.99 - 17.66,,202410,262.6111111
216,炫界Pro EV,214,凯翼汽车,11.99 - 17.66,,202411,262.6111111
27,艾瑞泽5e,34,奇瑞新能源,0.00 - 0.00,,201803,261.25
27,艾瑞泽5e,210,奇瑞新能源,0.00 - 0.00,,201804,261.25
24,艾瑞泽5e,431,奇瑞新能源,0.00 - 0.00,,201805,261.25
32,艾瑞泽5e,81,奇瑞新能源,0.00 - 0.00,,201806,261.25
41,艾瑞泽5e,10,奇瑞新能源,0.00 - 0.00,,201807,261.25
44,艾瑞泽5e,20,奇瑞新能源,0.00 - 0.00,,201808,261.25
28,艾瑞泽5e,632,奇瑞新能源,0.00 - 0.00,,201809,261.25
40,艾瑞泽5e,114,奇瑞新能源,0.00 - 0.00,,201810,261.25
25,艾瑞泽5e,1314,奇瑞新能源,0.00 - 0.00,,201811,261.25
57,艾瑞泽5e,67,奇瑞新能源,0.00 - 0.00,,201812,261.25
39,艾瑞泽5e,156,奇瑞新能源,0.00 - 0.00,,201901,261.25
46,艾瑞泽5e,140,奇瑞新能源,0.00 - 0.00,,201903,261.25
38,艾瑞泽5e,368,奇瑞新能源,0.00 - 0.00,,201904,261.25
40,艾瑞泽5e,197,奇瑞新能源,0.00 - 0.00,,201905,261.25
34,艾瑞泽5e,148,奇瑞新能源,0.00 - 0.00,,201907,261.25
38,艾瑞泽5e,198,奇瑞新能源,0.00 - 0.00,,201908,261.25
34,艾瑞泽5e,294,奇瑞新能源,0.00 - 0.00,,201909,261.25
39,艾瑞泽5e,158,奇瑞新能源,0.00 - 0.00,,201910,261.25
54,艾瑞泽5e,118,奇瑞新能源,0.00 - 0.00,,201911,261.25
42,艾瑞泽5e,469,奇瑞新能源,0.00 - 0.00,,201912,261.25
41,艾瑞泽5e,129,奇瑞新能源,0.00 - 0.00,,202001,261.25
32,艾瑞泽5e,28,奇瑞新能源,0.00 - 0.00,,202002,261.25
56,艾瑞泽5e,21,奇瑞新能源,0.00 - 0.00,,202003,261.25
61,艾瑞泽5e,35,奇瑞新能源,0.00 - 0.00,,202004,261.25
79,艾瑞泽5e,32,奇瑞新能源,0.00 - 0.00,,202005,261.25
66,艾瑞泽5e,76,奇瑞新能源,0.00 - 0.00,,202006,261.25
51,艾瑞泽5e,214,奇瑞新能源,0.00 - 0.00,,202007,261.25
66,艾瑞泽5e,145,奇瑞新能源,0.00 - 0.00,,202008,261.25
71,艾瑞泽5e,100,奇瑞新能源,0.00 - 0.00,,202009,261.25
84,艾瑞泽5e,76,奇瑞新能源,0.00 - 0.00,,202010,261.25
39,艾瑞泽5e,761,奇瑞新能源,0.00 - 0.00,,202011,261.25
42,艾瑞泽5e,784,奇瑞新能源,0.00 - 0.00,,202012,261.25
64,艾瑞泽5e,183,奇瑞新能源,0.00 - 0.00,,202101,261.25
69,艾瑞泽5e,66,奇瑞新能源,0.00 - 0.00,,202102,261.25
111,艾瑞泽5e,1,奇瑞新能源,0.00 - 0.00,,202103,261.25
72,艾瑞泽5e,162,奇瑞新能源,0.00 - 0.00,,202104,261.25
76,艾瑞泽5e,146,奇瑞新能源,0.00 - 0.00,,202105,261.25
43,艾瑞泽5e,719,奇瑞新能源,0.00 - 0.00,,202106,261.25
40,艾瑞泽5e,827,奇瑞新能源,0.00 - 0.00,,202107,261.25
45,艾瑞泽5e,879,奇瑞新能源,0.00 - 0.00,,202108,261.25
70,艾瑞泽5e,329,奇瑞新能源,0.00 - 0.00,,202109,261.25
77,艾瑞泽5e,267,奇瑞新能源,0.00 - 0.00,,202110,261.25
91,艾瑞泽5e,241,奇瑞新能源,0.00 - 0.00,,202111,261.25
109,艾瑞泽5e,115,奇瑞新能源,0.00 - 0.00,,202112,261.25
85,小虎EV,288,小虎汽车,4.19 - 5.59,,202111,257.3225806
66,小虎EV,1080,小虎汽车,4.19 - 5.59,,202112,257.3225806
78,小虎EV,565,小虎汽车,4.19 - 5.59,,202201,257.3225806
85,小虎EV,315,小虎汽车,4.19 - 5.59,,202202,257.3225806
88,小虎EV,500,小虎汽车,4.19 - 5.59,,202203,257.3225806
84,小虎EV,420,小虎汽车,4.19 - 5.59,,202204,257.3225806
117,小虎EV,145,小虎汽车,4.19 - 5.59,,202205,257.3225806
115,小虎EV,354,小虎汽车,4.19 - 5.59,,202206,257.3225806
100,小虎EV,603,小虎汽车,4.19 - 5.59,,202207,257.3225806
99,小虎EV,608,小虎汽车,4.19 - 5.59,,202208,257.3225806
109,小虎EV,561,小虎汽车,4.19 - 5.59,,202209,257.3225806
124,小虎EV,256,小虎汽车,4.19 - 5.59,,202210,257.3225806
118,小虎EV,405,小虎汽车,4.19 - 5.59,,202211,257.3225806
117,小虎EV,425,小虎汽车,4.19 - 5.59,,202212,257.3225806
120,小虎EV,162,小虎汽车,4.19 - 5.59,,202301,257.3225806
135,小虎EV,127,小虎汽车,4.19 - 5.59,,202302,257.3225806
149,小虎EV,104,小虎汽车,4.19 - 5.59,,202304,257.3225806
155,小虎EV,82,小虎汽车,4.19 - 5.59,,202305,257.3225806
167,小虎EV,58,小虎汽车,4.19 - 5.59,,202306,257.3225806
179,小虎EV,47,小虎汽车,4.19 - 5.59,,202307,257.3225806
185,小虎EV,42,小虎汽车,4.19 - 5.59,,202308,257.3225806
186,小虎EV,63,小虎汽车,4.19 - 5.59,,202309,257.3225806
182,小虎EV,110,小虎汽车,4.19 - 5.59,,202310,257.3225806
194,小虎EV,103,小虎汽车,4.19 - 5.59,,202311,257.3225806
198,小虎EV,81,小虎汽车,4.19 - 5.59,,202312,257.3225806
197,小虎EV,84,小虎汽车,4.19 - 5.59,,202401,257.3225806
146,小虎EV,244,小虎汽车,4.19 - 5.59,,202402,257.3225806
218,小虎EV,45,小虎汽车,4.19 - 5.59,,202403,257.3225806
223,小虎EV,49,小虎汽车,4.19 - 5.59,,202404,257.3225806
236,小虎EV,36,小虎汽车,4.19 - 5.59,,202405,257.3225806
258,小虎EV,15,小虎汽车,4.19 - 5.59,,202407,257.3225806
120,星越L增程电动版,379,吉利汽车,23.97 - 25.37,,202211,246.8666667
99,星越L增程电动版,826,吉利汽车,23.97 - 25.37,,202212,246.8666667
134,星越L增程电动版,71,吉利汽车,23.97 - 25.37,,202301,246.8666667
90,星越L增程电动版,567,吉利汽车,23.97 - 25.37,,202302,246.8666667
160,星越L增程电动版,61,吉利汽车,23.97 - 25.37,,202303,246.8666667
141,星越L增程电动版,142,吉利汽车,23.97 - 25.37,,202304,246.8666667
85,星越L增程电动版,754,吉利汽车,23.97 - 25.37,,202305,246.8666667
143,星越L增程电动版,239,吉利汽车,23.97 - 25.37,,202307,246.8666667
110,星越L增程电动版,614,吉利汽车,23.97 - 25.37,,202308,246.8666667
200,星越L增程电动版,21,吉利汽车,23.97 - 25.37,,202309,246.8666667
201,星越L增程电动版,15,吉利汽车,23.97 - 25.37,,202310,246.8666667
225,星越L增程电动版,5,吉利汽车,23.97 - 25.37,,202401,246.8666667
237,星越L增程电动版,7,吉利汽车,23.97 - 25.37,,202403,246.8666667
246,星越L增程电动版,1,吉利汽车,23.97 - 25.37,,202404,246.8666667
264,星越L增程电动版,1,吉利汽车,23.97 - 25.37,,202405,246.8666667
131,优优EV,47,开瑞汽车,12.68 - 13.08,,202201,245.5454545
89,优优EV,302,开瑞汽车,12.68 - 13.08,,202202,245.5454545
79,优优EV,755,开瑞汽车,12.68 - 13.08,,202203,245.5454545
71,优优EV,596,开瑞汽车,12.68 - 13.08,,202204,245.5454545
128,优优EV,98,开瑞汽车,12.68 - 13.08,,202205,245.5454545
141,优优EV,88,开瑞汽车,12.68 - 13.08,,202206,245.5454545
124,优优EV,226,开瑞汽车,12.68 - 13.08,,202207,245.5454545
136,优优EV,154,开瑞汽车,12.68 - 13.08,,202208,245.5454545
155,优优EV,77,开瑞汽车,12.68 - 13.08,,202209,245.5454545
122,优优EV,276,开瑞汽车,12.68 - 13.08,,202210,245.5454545
152,优优EV,82,开瑞汽车,12.68 - 13.08,,202211,245.5454545
164,IQ锐歌,8,上汽通用凯迪拉克,29.77 - 41.97,,202206,245.2666667
151,IQ锐歌,44,上汽通用凯迪拉克,29.77 - 41.97,,202207,245.2666667
167,IQ锐歌,2,上汽通用凯迪拉克,29.77 - 41.97,,202208,245.2666667
174,IQ锐歌,10,上汽通用凯迪拉克,29.77 - 41.97,,202209,245.2666667
81,IQ锐歌,921,上汽通用凯迪拉克,29.77 - 41.97,,202210,245.2666667
93,IQ锐歌,828,上汽通用凯迪拉克,29.77 - 41.97,,202211,245.2666667
102,IQ锐歌,725,上汽通用凯迪拉克,29.77 - 41.97,,202212,245.2666667
82,IQ锐歌,485,上汽通用凯迪拉克,29.77 - 41.97,,202301,245.2666667
117,IQ锐歌,252,上汽通用凯迪拉克,29.77 - 41.97,,202302,245.2666667
134,IQ锐歌,182,上汽通用凯迪拉克,29.77 - 41.97,,202303,245.2666667
162,IQ锐歌,69,上汽通用凯迪拉克,29.77 - 41.97,,202304,245.2666667
161,IQ锐歌,56,上汽通用凯迪拉克,29.77 - 41.97,,202305,245.2666667
175,IQ锐歌,42,上汽通用凯迪拉克,29.77 - 41.97,,202306,245.2666667
116,IQ锐歌,500,上汽通用凯迪拉克,29.77 - 41.97,,202307,245.2666667
107,IQ锐歌,650,上汽通用凯迪拉克,29.77 - 41.97,,202308,245.2666667
115,IQ锐歌,686,上汽通用凯迪拉克,29.77 - 41.97,,202309,245.2666667
149,IQ锐歌,311,上汽通用凯迪拉克,29.77 - 41.97,,202310,245.2666667
188,IQ锐歌,120,上汽通用凯迪拉克,29.77 - 41.97,,202311,245.2666667
155,IQ锐歌,431,上汽通用凯迪拉克,29.77 - 41.97,,202312,245.2666667
174,IQ锐歌,185,上汽通用凯迪拉克,29.77 - 41.97,,202401,245.2666667
196,IQ锐歌,60,上汽通用凯迪拉克,29.77 - 41.97,,202402,245.2666667
212,IQ锐歌,87,上汽通用凯迪拉克,29.77 - 41.97,,202403,245.2666667
209,IQ锐歌,91,上汽通用凯迪拉克,29.77 - 41.97,,202404,245.2666667
206,IQ锐歌,156,上汽通用凯迪拉克,29.77 - 41.97,,202405,245.2666667
231,IQ锐歌,96,上汽通用凯迪拉克,29.77 - 41.97,,202406,245.2666667
229,IQ锐歌,117,上汽通用凯迪拉克,29.77 - 41.97,,202407,245.2666667
240,IQ锐歌,87,上汽通用凯迪拉克,29.77 - 41.97,,202408,245.2666667
241,IQ锐歌,98,上汽通用凯迪拉克,29.77 - 41.97,,202409,245.2666667
288,IQ锐歌,1,上汽通用凯迪拉克,29.77 - 41.97,,202410,245.2666667
258,IQ锐歌,58,上汽通用凯迪拉克,29.77 - 41.97,,202411,245.2666667
136,大家9,111,上汽大通,25.99 - 44.99,,202206,243.8333333
127,大家9,188,上汽大通,25.99 - 44.99,,202207,243.8333333
137,大家9,153,上汽大通,25.99 - 44.99,,202208,243.8333333
128,大家9,326,上汽大通,25.99 - 44.99,,202209,243.8333333
117,大家9,313,上汽大通,25.99 - 44.99,,202210,243.8333333
129,大家9,218,上汽大通,25.99 - 44.99,,202211,243.8333333
118,大家9,420,上汽大通,25.99 - 44.99,,202212,243.8333333
127,大家9,97,上汽大通,25.99 - 44.99,,202301,243.8333333
116,大家9,258,上汽大通,25.99 - 44.99,,202302,243.8333333
140,大家9,131,上汽大通,25.99 - 44.99,,202303,243.8333333
131,大家9,205,上汽大通,25.99 - 44.99,,202304,243.8333333
128,大家9,269,上汽大通,25.99 - 44.99,,202305,243.8333333
132,大家9,289,上汽大通,25.99 - 44.99,,202306,243.8333333
133,大家9,322,上汽大通,25.99 - 44.99,,202307,243.8333333
143,大家9,331,上汽大通,25.99 - 44.99,,202308,243.8333333
147,大家9,303,上汽大通,25.99 - 44.99,,202309,243.8333333
147,大家9,315,上汽大通,25.99 - 44.99,,202310,243.8333333
144,大家9,398,上汽大通,25.99 - 44.99,,202311,243.8333333
156,大家9,430,上汽大通,25.99 - 44.99,,202312,243.8333333
152,大家9,319,上汽大通,25.99 - 44.99,,202401,243.8333333
184,大家9,84,上汽大通,25.99 - 44.99,,202402,243.8333333
198,大家9,138,上汽大通,25.99 - 44.99,,202403,243.8333333
191,大家9,138,上汽大通,25.99 - 44.99,,202404,243.8333333
229,大家9,61,上汽大通,25.99 - 44.99,,202405,243.8333333
204,大家9,199,上汽大通,25.99 - 44.99,,202406,243.8333333
197,大家9,223,上汽大通,25.99 - 44.99,,202407,243.8333333
191,大家9,320,上汽大通,25.99 - 44.99,,202408,243.8333333
209,大家9,235,上汽大通,25.99 - 44.99,,202409,243.8333333
208,大家9,277,上汽大通,25.99 - 44.99,,202410,243.8333333
211,大家9,244,上汽大通,25.99 - 44.99,,202411,243.8333333
240,探界者Plus,33,上汽通用雪佛兰,14.99 - 17.99,,202405,241.7142857
206,探界者Plus,193,上汽通用雪佛兰,14.99 - 17.99,,202406,241.7142857
188,探界者Plus,289,上汽通用雪佛兰,14.99 - 17.99,,202407,241.7142857
189,探界者Plus,340,上汽通用雪佛兰,14.99 - 17.99,,202408,241.7142857
202,探界者Plus,295,上汽通用雪佛兰,14.99 - 17.99,,202409,241.7142857
222,探界者Plus,187,上汽通用雪佛兰,14.99 - 17.99,,202410,241.7142857
194,探界者Plus,355,上汽通用雪佛兰,14.99 - 17.99,,202411,241.7142857
120,别克E4,400,上汽通用别克,15.99 - 22.99,,202306,240.3529412
67,别克E4,1762,上汽通用别克,15.99 - 22.99,,202307,240.3529412
144,别克E4,328,上汽通用别克,15.99 - 22.99,,202308,240.3529412
154,别克E4,244,上汽通用别克,15.99 - 22.99,,202309,240.3529412
185,别克E4,103,上汽通用别克,15.99 - 22.99,,202310,240.3529412
172,别克E4,179,上汽通用别克,15.99 - 22.99,,202311,240.3529412
189,别克E4,169,上汽通用别克,15.99 - 22.99,,202312,240.3529412
204,别克E4,61,上汽通用别克,15.99 - 22.99,,202401,240.3529412
218,别克E4,14,上汽通用别克,15.99 - 22.99,,202402,240.3529412
185,别克E4,170,上汽通用别克,15.99 - 22.99,,202403,240.3529412
219,别克E4,69,上汽通用别克,15.99 - 22.99,,202404,240.3529412
212,别克E4,130,上汽通用别克,15.99 - 22.99,,202405,240.3529412
218,别克E4,138,上汽通用别克,15.99 - 22.99,,202406,240.3529412
234,别克E4,85,上汽通用别克,15.99 - 22.99,,202407,240.3529412
233,别克E4,103,上汽通用别克,15.99 - 22.99,,202408,240.3529412
245,别克E4,91,上汽通用别克,15.99 - 22.99,,202409,240.3529412
265,别克E4,40,上汽通用别克,15.99 - 22.99,,202411,240.3529412
63,长安欧尚A600EV,328,长安汽车,14.98 - 14.98,,202107,234.0769231
70,长安欧尚A600EV,339,长安汽车,14.98 - 14.98,,202108,234.0769231
69,长安欧尚A600EV,351,长安汽车,14.98 - 14.98,,202109,234.0769231
59,长安欧尚A600EV,541,长安汽车,14.98 - 14.98,,202110,234.0769231
98,长安欧尚A600EV,183,长安汽车,14.98 - 14.98,,202111,234.0769231
177,长安欧尚A600EV,0,长安汽车,14.98 - 14.98,,202112,234.0769231
121,长安欧尚A600EV,181,长安汽车,14.98 - 14.98,,202203,234.0769231
113,长安欧尚A600EV,152,长安汽车,14.98 - 14.98,,202204,234.0769231
122,长安欧尚A600EV,127,长安汽车,14.98 - 14.98,,202205,234.0769231
106,长安欧尚A600EV,470,长安汽车,14.98 - 14.98,,202206,234.0769231
146,长安欧尚A600EV,108,长安汽车,14.98 - 14.98,,202208,234.0769231
133,长安欧尚A600EV,262,长安汽车,14.98 - 14.98,,202209,234.0769231
182,长安欧尚A600EV,1,长安汽车,14.98 - 14.98,,202301,234.0769231
89,智己L7,816,智己汽车,29.99 - 57.88,,202207,230.0344828
81,智己L7,1007,智己汽车,29.99 - 57.88,,202208,230.0344828
90,智己L7,1019,智己汽车,29.99 - 57.88,,202209,230.0344828
84,智己L7,860,智己汽车,29.99 - 57.88,,202210,230.0344828
103,智己L7,608,智己汽车,29.99 - 57.88,,202211,230.0344828
133,智己L7,266,智己汽车,29.99 - 57.88,,202212,230.0344828
103,智己L7,278,智己汽车,29.99 - 57.88,,202301,230.0344828
119,智己L7,242,智己汽车,29.99 - 57.88,,202302,230.0344828
173,智己L7,29,智己汽车,29.99 - 57.88,,202303,230.0344828
161,智己L7,79,智己汽车,29.99 - 57.88,,202304,230.0344828
154,智己L7,87,智己汽车,29.99 - 57.88,,202305,230.0344828
164,智己L7,59,智己汽车,29.99 - 57.88,,202306,230.0344828
158,智己L7,150,智己汽车,29.99 - 57.88,,202307,230.0344828
142,智己L7,338,智己汽车,29.99 - 57.88,,202308,230.0344828
197,智己L7,29,智己汽车,29.99 - 57.88,,202309,230.0344828
207,智己L7,6,智己汽车,29.99 - 57.88,,202310,230.0344828
217,智己L7,6,智己汽车,29.99 - 57.88,,202311,230.0344828
231,智己L7,2,智己汽车,29.99 - 57.88,,202312,230.0344828
231,智己L7,1,智己汽车,29.99 - 57.88,,202401,230.0344828
174,智己L7,114,智己汽车,29.99 - 57.88,,202402,230.0344828
180,智己L7,202,智己汽车,29.99 - 57.88,,202403,230.0344828
234,智己L7,16,智己汽车,29.99 - 57.88,,202404,230.0344828
247,智己L7,16,智己汽车,29.99 - 57.88,,202405,230.0344828
237,智己L7,68,智己汽车,29.99 - 57.88,,202406,230.0344828
239,智己L7,80,智己汽车,29.99 - 57.88,,202407,230.0344828
247,智己L7,71,智己汽车,29.99 - 57.88,,202408,230.0344828
239,智己L7,109,智己汽车,29.99 - 57.88,,202409,230.0344828
254,智己L7,64,智己汽车,29.99 - 57.88,,202410,230.0344828
262,智己L7,49,智己汽车,29.99 - 57.88,,202411,230.0344828
29,路盛S1 iEV360,1126,华泰新能源,0.00 - 0.00,,201811,226.36
37,路盛S1 iEV360,612,华泰新能源,0.00 - 0.00,,201812,226.36
21,路盛S1 iEV360,889,华泰新能源,0.00 - 0.00,,201901,226.36
37,路盛S1 iEV360,150,华泰新能源,0.00 - 0.00,,201902,226.36
17,路盛S1 iEV360,1770,华泰新能源,0.00 - 0.00,,201903,226.36
35,路盛S1 iEV360,480,华泰新能源,0.00 - 0.00,,201904,226.36
37,路盛S1 iEV360,312,华泰新能源,0.00 - 0.00,,201905,226.36
38,路盛S1 iEV360,320,华泰新能源,0.00 - 0.00,,201906,226.36
73,路盛S1 iEV360,0,华泰新能源,0.00 - 0.00,,201907,226.36
87,路盛S1 iEV360,0,华泰新能源,0.00 - 0.00,,201908,226.36
83,路盛S1 iEV360,0,华泰新能源,0.00 - 0.00,,201909,226.36
92,路盛S1 iEV360,0,华泰新能源,0.00 - 0.00,,201910,226.36
93,路盛S1 iEV360,0,华泰新能源,0.00 - 0.00,,201911,226.36
103,路盛S1 iEV360,0,华泰新能源,0.00 - 0.00,,201912,226.36
129,路盛S1 iEV360,0,华泰新能源,0.00 - 0.00,,202001,226.36
64,路盛S1 iEV360,0,华泰新能源,0.00 - 0.00,,202002,226.36
126,路盛S1 iEV360,0,华泰新能源,0.00 - 0.00,,202002,226.36
143,路盛S1 iEV360,0,华泰新能源,0.00 - 0.00,,202004,226.36
118,路盛S1 iEV360,0,华泰新能源,0.00 - 0.00,,202005,226.36
115,路盛S1 iEV360,0,华泰新能源,0.00 - 0.00,,202007,226.36
155,路盛S1 iEV360,0,华泰新能源,0.00 - 0.00,,202007,226.36
145,路盛S1 iEV360,0,华泰新能源,0.00 - 0.00,,202008,226.36
113,路盛S1 iEV360,0,华泰新能源,0.00 - 0.00,,202009,226.36
113,路盛S1 iEV360,0,华泰新能源,0.00 - 0.00,,202010,226.36
146,路盛S1 iEV360,0,华泰新能源,0.00 - 0.00,,202011,226.36
125,路盛S1 iEV360,0,华泰新能源,0.00 - 0.00,,202012,226.36
149,路盛S1 iEV360,0,华泰新能源,0.00 - 0.00,,202101,226.36
157,路盛S1 iEV360,0,华泰新能源,0.00 - 0.00,,202101,226.36
42,菱智M5EV,130,东风风行,13.99 - 19.69,,201901,225.9701493
58,菱智M5EV,9,东风风行,13.99 - 19.69,,201903,225.9701493
64,菱智M5EV,1,东风风行,13.99 - 19.69,,201905,225.9701493
60,菱智M5EV,12,东风风行,13.99 - 19.69,,201906,225.9701493
54,菱智M5EV,8,东风风行,13.99 - 19.69,,201907,225.9701493
62,菱智M5EV,5,东风风行,13.99 - 19.69,,201908,225.9701493
91,菱智M5EV,0,东风风行,13.99 - 19.69,,201909,225.9701493
65,菱智M5EV,28,东风风行,13.99 - 19.69,,201910,225.9701493
70,菱智M5EV,33,东风风行,13.99 - 19.69,,201911,225.9701493
40,菱智M5EV,542,东风风行,13.99 - 19.69,,201912,225.9701493
77,菱智M5EV,9,东风风行,13.99 - 19.69,,202001,225.9701493
41,菱智M5EV,8,东风风行,13.99 - 19.69,,202002,225.9701493
45,菱智M5EV,65,东风风行,13.99 - 19.69,,202003,225.9701493
54,菱智M5EV,80,东风风行,13.99 - 19.69,,202004,225.9701493
40,菱智M5EV,228,东风风行,13.99 - 19.69,,202005,225.9701493
46,菱智M5EV,217,东风风行,13.99 - 19.69,,202006,225.9701493
54,菱智M5EV,178,东风风行,13.99 - 19.69,,202007,225.9701493
73,菱智M5EV,93,东风风行,13.99 - 19.69,,202008,225.9701493
63,菱智M5EV,130,东风风行,13.99 - 19.69,,202009,225.9701493
75,菱智M5EV,109,东风风行,13.99 - 19.69,,202010,225.9701493
50,菱智M5EV,513,东风风行,13.99 - 19.69,,202011,225.9701493
37,菱智M5EV,895,东风风行,13.99 - 19.69,,202012,225.9701493
49,菱智M5EV,405,东风风行,13.99 - 19.69,,202101,225.9701493
65,菱智M5EV,76,东风风行,13.99 - 19.69,,202102,225.9701493
66,菱智M5EV,173,东风风行,13.99 - 19.69,,202103,225.9701493
76,菱智M5EV,133,东风风行,13.99 - 19.69,,202104,225.9701493
71,菱智M5EV,181,东风风行,13.99 - 19.69,,202105,225.9701493
73,菱智M5EV,215,东风风行,13.99 - 19.69,,202106,225.9701493
75,菱智M5EV,172,东风风行,13.99 - 19.69,,202107,225.9701493
95,菱智M5EV,49,东风风行,13.99 - 19.69,,202108,225.9701493
72,菱智M5EV,310,东风风行,13.99 - 19.69,,202109,225.9701493
105,菱智M5EV,67,东风风行,13.99 - 19.69,,202110,225.9701493
81,菱智M5EV,398,东风风行,13.99 - 19.69,,202111,225.9701493
101,菱智M5EV,173,东风风行,13.99 - 19.69,,202112,225.9701493
148,菱智M5EV,15,东风风行,13.99 - 19.69,,202201,225.9701493
150,菱智M5EV,7,东风风行,13.99 - 19.69,,202202,225.9701493
155,菱智M5EV,2,东风风行,13.99 - 19.69,,202203,225.9701493
154,菱智M5EV,6,东风风行,13.99 - 19.69,,202205,225.9701493
154,菱智M5EV,44,东风风行,13.99 - 19.69,,202206,225.9701493
144,菱智M5EV,74,东风风行,13.99 - 19.69,,202207,225.9701493
83,菱智M5EV,980,东风风行,13.99 - 19.69,,202208,225.9701493
84,菱智M5EV,1202,东风风行,13.99 - 19.69,,202209,225.9701493
126,菱智M5EV,233,东风风行,13.99 - 19.69,,202210,225.9701493
126,菱智M5EV,263,东风风行,13.99 - 19.69,,202211,225.9701493
140,菱智M5EV,190,东风风行,13.99 - 19.69,,202212,225.9701493
152,菱智M5EV,37,东风风行,13.99 - 19.69,,202301,225.9701493
133,菱智M5EV,140,东风风行,13.99 - 19.69,,202302,225.9701493
98,菱智M5EV,547,东风风行,13.99 - 19.69,,202303,225.9701493
77,菱智M5EV,828,东风风行,13.99 - 19.69,,202304,225.9701493
107,菱智M5EV,432,东风风行,13.99 - 19.69,,202305,225.9701493
144,菱智M5EV,210,东风风行,13.99 - 19.69,,202306,225.9701493
138,菱智M5EV,291,东风风行,13.99 - 19.69,,202307,225.9701493
160,菱智M5EV,222,东风风行,13.99 - 19.69,,202308,225.9701493
139,菱智M5EV,378,东风风行,13.99 - 19.69,,202309,225.9701493
164,菱智M5EV,191,东风风行,13.99 - 19.69,,202310,225.9701493
163,菱智M5EV,249,东风风行,13.99 - 19.69,,202311,225.9701493
178,菱智M5EV,215,东风风行,13.99 - 19.69,,202312,225.9701493
135,菱智M5EV,479,东风风行,13.99 - 19.69,,202401,225.9701493
168,菱智M5EV,123,东风风行,13.99 - 19.69,,202402,225.9701493
181,菱智M5EV,199,东风风行,13.99 - 19.69,,202403,225.9701493
141,菱智M5EV,471,东风风行,13.99 - 19.69,,202404,225.9701493
113,菱智M5EV,931,东风风行,13.99 - 19.69,,202405,225.9701493
241,菱智M5EV,53,东风风行,13.99 - 19.69,,202406,225.9701493
207,菱智M5EV,194,东风风行,13.99 - 19.69,,202407,225.9701493
246,菱智M5EV,71,东风风行,13.99 - 19.69,,202408,225.9701493
256,菱智M5EV,62,东风风行,13.99 - 19.69,,202410,225.9701493
231,菱智M5EV,156,东风风行,13.99 - 19.69,,202411,225.9701493
6,江淮iEV6S,958,江淮汽车,0.00 - 0.00,,201604,225.2777778
4,江淮iEV6S,554,江淮汽车,0.00 - 0.00,,201605,225.2777778
6,江淮iEV6S,331,江淮汽车,0.00 - 0.00,,201606,225.2777778
8,江淮iEV6S,280,江淮汽车,0.00 - 0.00,,201607,225.2777778
10,江淮iEV6S,297,江淮汽车,0.00 - 0.00,,201608,225.2777778
10,江淮iEV6S,176,江淮汽车,0.00 - 0.00,,201609,225.2777778
17,江淮iEV6S,3,江淮汽车,0.00 - 0.00,,201612,225.2777778
12,江淮iEV6S,1,江淮汽车,0.00 - 0.00,,201703,225.2777778
23,江淮iEV6S,8,江淮汽车,0.00 - 0.00,,201707,225.2777778
23,江淮iEV6S,276,江淮汽车,0.00 - 0.00,,201709,225.2777778
29,江淮iEV6S,112,江淮汽车,0.00 - 0.00,,201710,225.2777778
25,江淮iEV6S,193,江淮汽车,0.00 - 0.00,,201711,225.2777778
26,江淮iEV6S,47,江淮汽车,0.00 - 0.00,,201712,225.2777778
16,江淮iEV6S,236,江淮汽车,0.00 - 0.00,,201801,225.2777778
13,江淮iEV6S,219,江淮汽车,0.00 - 0.00,,201802,225.2777778
18,江淮iEV6S,276,江淮汽车,0.00 - 0.00,,201803,225.2777778
33,江淮iEV6S,88,江淮汽车,0.00 - 0.00,,201805,225.2777778
61,江淮iEV6S,0,江淮汽车,0.00 - 0.00,,201811,225.2777778
195,爱跑,87,江汽集团,15.29 - 18.99,,202401,224.4545455
166,爱跑,135,江汽集团,15.29 - 18.99,,202402,224.4545455
173,爱跑,271,江汽集团,15.29 - 18.99,,202403,224.4545455
150,爱跑,404,江汽集团,15.29 - 18.99,,202404,224.4545455
150,爱跑,524,江汽集团,15.29 - 18.99,,202405,224.4545455
211,爱跑,169,江汽集团,15.29 - 18.99,,202406,224.4545455
206,爱跑,203,江汽集团,15.29 - 18.99,,202407,224.4545455
192,爱跑,320,江汽集团,15.29 - 18.99,,202408,224.4545455
236,爱跑,117,江汽集团,15.29 - 18.99,,202409,224.4545455
241,爱跑,92,江汽集团,15.29 - 18.99,,202410,224.4545455
237,爱跑,147,江汽集团,15.29 - 18.99,,202411,224.4545455
146,荣威iMAX8新能源,38,上汽集团,19.99 - 35.98,,202205,221.6451613
166,荣威iMAX8新能源,6,上汽集团,19.99 - 35.98,,202206,221.6451613
158,荣威iMAX8新能源,20,上汽集团,19.99 - 35.98,,202207,221.6451613
119,荣威iMAX8新能源,350,上汽集团,19.99 - 35.98,,202208,221.6451613
107,荣威iMAX8新能源,579,上汽集团,19.99 - 35.98,,202209,221.6451613
93,荣威iMAX8新能源,654,上汽集团,19.99 - 35.98,,202210,221.6451613
127,荣威iMAX8新能源,246,上汽集团,19.99 - 35.98,,202211,221.6451613
155,荣威iMAX8新能源,51,上汽集团,19.99 - 35.98,,202212,221.6451613
119,荣威iMAX8新能源,177,上汽集团,19.99 - 35.98,,202301,221.6451613
132,荣威iMAX8新能源,149,上汽集团,19.99 - 35.98,,202302,221.6451613
110,荣威iMAX8新能源,370,上汽集团,19.99 - 35.98,,202303,221.6451613
138,荣威iMAX8新能源,168,上汽集团,19.99 - 35.98,,202304,221.6451613
111,荣威iMAX8新能源,385,上汽集团,19.99 - 35.98,,202305,221.6451613
133,荣威iMAX8新能源,288,上汽集团,19.99 - 35.98,,202306,221.6451613
135,荣威iMAX8新能源,317,上汽集团,19.99 - 35.98,,202307,221.6451613
135,荣威iMAX8新能源,384,上汽集团,19.99 - 35.98,,202308,221.6451613
143,荣威iMAX8新能源,339,上汽集团,19.99 - 35.98,,202309,221.6451613
154,荣威iMAX8新能源,246,上汽集团,19.99 - 35.98,,202310,221.6451613
173,荣威iMAX8新能源,177,上汽集团,19.99 - 35.98,,202311,221.6451613
170,荣威iMAX8新能源,280,上汽集团,19.99 - 35.98,,202312,221.6451613
202,荣威iMAX8新能源,64,上汽集团,19.99 - 35.98,,202401,221.6451613
208,荣威iMAX8新能源,28,上汽集团,19.99 - 35.98,,202402,221.6451613
112,荣威iMAX8新能源,752,上汽集团,19.99 - 35.98,,202403,221.6451613
170,荣威iMAX8新能源,265,上汽集团,19.99 - 35.98,,202404,221.6451613
217,荣威iMAX8新能源,112,上汽集团,19.99 - 35.98,,202405,221.6451613
236,荣威iMAX8新能源,74,上汽集团,19.99 - 35.98,,202406,221.6451613
243,荣威iMAX8新能源,64,上汽集团,19.99 - 35.98,,202407,221.6451613
260,荣威iMAX8新能源,30,上汽集团,19.99 - 35.98,,202408,221.6451613
272,荣威iMAX8新能源,23,上汽集团,19.99 - 35.98,,202409,221.6451613
259,荣威iMAX8新能源,49,上汽集团,19.99 - 35.98,,202410,221.6451613
227,荣威iMAX8新能源,186,上汽集团,19.99 - 35.98,,202411,221.6451613
109,福特电马,11,长安福特,23.98 - 36.99,,202105,221.5
115,福特电马,4,长安福特,23.98 - 36.99,,202106,221.5
99,福特电马,24,长安福特,23.98 - 36.99,,202107,221.5
107,福特电马,16,长安福特,23.98 - 36.99,,202108,221.5
98,福特电马,62,长安福特,23.98 - 36.99,,202109,221.5
111,福特电马,36,长安福特,23.98 - 36.99,,202110,221.5
107,福特电马,115,长安福特,23.98 - 36.99,,202111,221.5
92,福特电马,267,长安福特,23.98 - 36.99,,202112,221.5
96,福特电马,455,长安福特,23.98 - 36.99,,202205,221.5
91,福特电马,792,长安福特,23.98 - 36.99,,202206,221.5
103,福特电马,520,长安福特,23.98 - 36.99,,202207,221.5
121,福特电马,331,长安福特,23.98 - 36.99,,202208,221.5
132,福特电马,272,长安福特,23.98 - 36.99,,202209,221.5
121,福特电马,278,长安福特,23.98 - 36.99,,202210,221.5
96,福特电马,677,长安福特,23.98 - 36.99,,202211,221.5
80,福特电马,1535,长安福特,23.98 - 36.99,,202212,221.5
176,福特电马,3,长安福特,23.98 - 36.99,,202301,221.5
145,福特电马,84,长安福特,23.98 - 36.99,,202302,221.5
123,福特电马,283,长安福特,23.98 - 36.99,,202303,221.5
117,福特电马,332,长安福特,23.98 - 36.99,,202304,221.5
131,福特电马,249,长安福特,23.98 - 36.99,,202305,221.5
140,福特电马,231,长安福特,23.98 - 36.99,,202306,221.5
153,福特电马,270,长安福特,23.98 - 36.99,,202308,221.5
180,福特电马,93,长安福特,23.98 - 36.99,,202309,221.5
187,福特电马,79,长安福特,23.98 - 36.99,,202310,221.5
180,福特电马,136,长安福特,23.98 - 36.99,,202311,221.5
168,福特电马,302,长安福特,23.98 - 36.99,,202312,221.5
207,福特电马,56,长安福特,23.98 - 36.99,,202401,221.5
203,福特电马,45,长安福特,23.98 - 36.99,,202402,221.5
227,福特电马,23,长安福特,23.98 - 36.99,,202403,221.5
222,福特电马,65,长安福特,23.98 - 36.99,,202404,221.5
197,福特电马,201,长安福特,23.98 - 36.99,,202405,221.5
210,福特电马,181,长安福特,23.98 - 36.99,,202406,221.5
226,福特电马,129,长安福特,23.98 - 36.99,,202407,221.5
237,福特电马,95,长安福特,23.98 - 36.99,,202408,221.5
256,福特电马,57,长安福特,23.98 - 36.99,,202409,221.5
260,福特电马,48,长安福特,23.98 - 36.99,,202410,221.5
257,福特电马,60,长安福特,23.98 - 36.99,,202411,221.5
27,奥迪Q2L e-tron,1049,一汽-大众奥迪,24.38 - 24.38,,201912,218.5
94,奥迪Q2L e-tron,0,一汽-大众奥迪,24.38 - 24.38,,202001,218.5
40,奥迪Q2L e-tron,10,一汽-大众奥迪,24.38 - 24.38,,202002,218.5
36,奥迪Q2L e-tron,165,一汽-大众奥迪,24.38 - 24.38,,202003,218.5
37,奥迪Q2L e-tron,179,一汽-大众奥迪,24.38 - 24.38,,202004,218.5
38,奥迪Q2L e-tron,247,一汽-大众奥迪,24.38 - 24.38,,202005,218.5
35,奥迪Q2L e-tron,540,一汽-大众奥迪,24.38 - 24.38,,202006,218.5
43,奥迪Q2L e-tron,288,一汽-大众奥迪,24.38 - 24.38,,202007,218.5
42,奥迪Q2L e-tron,342,一汽-大众奥迪,24.38 - 24.38,,202008,218.5
40,奥迪Q2L e-tron,426,一汽-大众奥迪,24.38 - 24.38,,202009,218.5
58,奥迪Q2L e-tron,248,一汽-大众奥迪,24.38 - 24.38,,202010,218.5
46,奥迪Q2L e-tron,630,一汽-大众奥迪,24.38 - 24.38,,202011,218.5
61,奥迪Q2L e-tron,373,一汽-大众奥迪,24.38 - 24.38,,202012,218.5
51,奥迪Q2L e-tron,386,一汽-大众奥迪,24.38 - 24.38,,202101,218.5
43,奥迪Q2L e-tron,219,一汽-大众奥迪,24.38 - 24.38,,202102,218.5
52,奥迪Q2L e-tron,449,一汽-大众奥迪,24.38 - 24.38,,202103,218.5
36,奥迪Q2L e-tron,864,一汽-大众奥迪,24.38 - 24.38,,202104,218.5
49,奥迪Q2L e-tron,493,一汽-大众奥迪,24.38 - 24.38,,202105,218.5
74,奥迪Q2L e-tron,206,一汽-大众奥迪,24.38 - 24.38,,202106,218.5
83,奥迪Q2L e-tron,105,一汽-大众奥迪,24.38 - 24.38,,202107,218.5
68,奥迪Q2L e-tron,359,一汽-大众奥迪,24.38 - 24.38,,202108,218.5
59,奥迪Q2L e-tron,571,一汽-大众奥迪,24.38 - 24.38,,202109,218.5
97,奥迪Q2L e-tron,94,一汽-大众奥迪,24.38 - 24.38,,202110,218.5
141,奥迪Q2L e-tron,3,一汽-大众奥迪,24.38 - 24.38,,202111,218.5
115,奥迪Q2L e-tron,66,一汽-大众奥迪,24.38 - 24.38,,202112,218.5
100,奥迪Q2L e-tron,319,一汽-大众奥迪,24.38 - 24.38,,202201,218.5
113,奥迪Q2L e-tron,121,一汽-大众奥迪,24.38 - 24.38,,202202,218.5
115,奥迪Q2L e-tron,212,一汽-大众奥迪,24.38 - 24.38,,202203,218.5
114,奥迪Q2L e-tron,149,一汽-大众奥迪,24.38 - 24.38,,202204,218.5
105,奥迪Q2L e-tron,282,一汽-大众奥迪,24.38 - 24.38,,202205,218.5
116,奥迪Q2L e-tron,315,一汽-大众奥迪,24.38 - 24.38,,202206,218.5
118,奥迪Q2L e-tron,340,一汽-大众奥迪,24.38 - 24.38,,202207,218.5
148,奥迪Q2L e-tron,98,一汽-大众奥迪,24.38 - 24.38,,202208,218.5
159,奥迪Q2L e-tron,60,一汽-大众奥迪,24.38 - 24.38,,202209,218.5
168,奥迪Q2L e-tron,10,一汽-大众奥迪,24.38 - 24.38,,202210,218.5
164,奥迪Q2L e-tron,13,一汽-大众奥迪,24.38 - 24.38,,202211,218.5
165,奥迪Q2L e-tron,10,一汽-大众奥迪,24.38 - 24.38,,202301,218.5
174,奥迪Q2L e-tron,12,一汽-大众奥迪,24.38 - 24.38,,202302,218.5
175,奥迪Q2L e-tron,22,一汽-大众奥迪,24.38 - 24.38,,202303,218.5
184,奥迪Q2L e-tron,14,一汽-大众奥迪,24.38 - 24.38,,202304,218.5
176,奥迪Q2L e-tron,12,一汽-大众奥迪,24.38 - 24.38,,202305,218.5
176,奥迪Q2L e-tron,28,一汽-大众奥迪,24.38 - 24.38,,202306,218.5
189,奥迪Q2L e-tron,24,一汽-大众奥迪,24.38 - 24.38,,202307,218.5
193,奥迪Q2L e-tron,18,一汽-大众奥迪,24.38 - 24.38,,202308,218.5
176,奥迪Q2L e-tron,108,一汽-大众奥迪,24.38 - 24.38,,202309,218.5
226,奥迪Q2L e-tron,2,一汽-大众奥迪,24.38 - 24.38,,202311,218.5
223,奥迪Q2L e-tron,5,一汽-大众奥迪,24.38 - 24.38,,202401,218.5
264,奥迪Q2L e-tron,2,一汽-大众奥迪,24.38 - 24.38,,202406,218.5
6,腾势,163,腾势汽车,29.88 - 32.88,,201503,217.1230769
6,腾势,131,腾势汽车,29.88 - 32.88,,201504,217.1230769
6,腾势,117,腾势汽车,29.88 - 32.88,,201505,217.1230769
8,腾势,104,腾势汽车,29.88 - 32.88,,201506,217.1230769
7,腾势,120,腾势汽车,29.88 - 32.88,,201507,217.1230769
6,腾势,391,腾势汽车,29.88 - 32.88,,201508,217.1230769
7,腾势,252,腾势汽车,29.88 - 32.88,,201509,217.1230769
7,腾势,185,腾势汽车,29.88 - 32.88,,201510,217.1230769
5,腾势,715,腾势汽车,29.88 - 32.88,,201511,217.1230769
8,腾势,872,腾势汽车,29.88 - 32.88,,201512,217.1230769
7,腾势,204,腾势汽车,29.88 - 32.88,,201601,217.1230769
5,腾势,78,腾势汽车,29.88 - 32.88,,201602,217.1230769
7,腾势,203,腾势汽车,29.88 - 32.88,,201603,217.1230769
8,腾势,182,腾势汽车,29.88 - 32.88,,201604,217.1230769
9,腾势,132,腾势汽车,29.88 - 32.88,,201605,217.1230769
10,腾势,94,腾势汽车,29.88 - 32.88,,201606,217.1230769
10,腾势,91,腾势汽车,29.88 - 32.88,,201607,217.1230769
15,腾势,146,腾势汽车,29.88 - 32.88,,201608,217.1230769
11,腾势,147,腾势汽车,29.88 - 32.88,,201609,217.1230769
11,腾势,143,腾势汽车,29.88 - 32.88,,201610,217.1230769
12,腾势,221,腾势汽车,29.88 - 32.88,,201611,217.1230769
12,腾势,646,腾势汽车,29.88 - 32.88,,201612,217.1230769
11,腾势,73,腾势汽车,29.88 - 32.88,,201702,217.1230769
9,腾势,250,腾势汽车,29.88 - 32.88,,201703,217.1230769
13,腾势,166,腾势汽车,29.88 - 32.88,,201704,217.1230769
18,腾势,83,腾势汽车,29.88 - 32.88,,201705,217.1230769
14,腾势,384,腾势汽车,29.88 - 32.88,,201706,217.1230769
19,腾势,58,腾势汽车,29.88 - 32.88,,201707,217.1230769
18,腾势,560,腾势汽车,29.88 - 32.88,,201708,217.1230769
20,腾势,402,腾势汽车,29.88 - 32.88,,201709,217.1230769
19,腾势,664,腾势汽车,29.88 - 32.88,,201710,217.1230769
19,腾势,894,腾势汽车,29.88 - 32.88,,201711,217.1230769
19,腾势,1179,腾势汽车,29.88 - 32.88,,201712,217.1230769
22,腾势,287,腾势汽车,29.88 - 32.88,,201804,217.1230769
31,腾势,155,腾势汽车,29.88 - 32.88,,201805,217.1230769
27,腾势,175,腾势汽车,29.88 - 32.88,,201806,217.1230769
36,腾势,149,腾势汽车,29.88 - 32.88,,201807,217.1230769
43,腾势,42,腾势汽车,29.88 - 32.88,,201808,217.1230769
44,腾势,89,腾势汽车,29.88 - 32.88,,201809,217.1230769
49,腾势,3,腾势汽车,29.88 - 32.88,,201810,217.1230769
48,腾势,190,腾势汽车,29.88 - 32.88,,201811,217.1230769
34,腾势,884,腾势汽车,29.88 - 32.88,,201812,217.1230769
45,腾势,93,腾势汽车,29.88 - 32.88,,201901,217.1230769
52,腾势,3,腾势汽车,29.88 - 32.88,,201902,217.1230769
55,腾势,27,腾势汽车,29.88 - 32.88,,201903,217.1230769
59,腾势,6,腾势汽车,29.88 - 32.88,,201904,217.1230769
15,腾势,1859,腾势汽车,29.88 - 32.88,,201905,217.1230769
51,腾势,101,腾势汽车,29.88 - 32.88,,201906,217.1230769
60,腾势,0,腾势汽车,29.88 - 32.88,,201907,217.1230769
76,腾势,0,腾势汽车,29.88 - 32.88,,201908,217.1230769
70,腾势,0,腾势汽车,29.88 - 32.88,,201909,217.1230769
77,腾势,0,腾势汽车,29.88 - 32.88,,201910,217.1230769
106,腾势,0,腾势汽车,29.88 - 32.88,,201912,217.1230769
102,腾势,0,腾势汽车,29.88 - 32.88,,202001,217.1230769
91,腾势,0,腾势汽车,29.88 - 32.88,,202002,217.1230769
114,腾势,0,腾势汽车,29.88 - 32.88,,202003,217.1230769
114,腾势,0,腾势汽车,29.88 - 32.88,,202004,217.1230769
132,腾势,0,腾势汽车,29.88 - 32.88,,202005,217.1230769
117,腾势,0,腾势汽车,29.88 - 32.88,,202006,217.1230769
130,腾势,0,腾势汽车,29.88 - 32.88,,202007,217.1230769
122,腾势,0,腾势汽车,29.88 - 32.88,,202009,217.1230769
124,腾势,0,腾势汽车,29.88 - 32.88,,202010,217.1230769
123,腾势,0,腾势汽车,29.88 - 32.88,,202011,217.1230769
138,腾势,0,腾势汽车,29.88 - 32.88,,202012,217.1230769
123,腾势,0,腾势汽车,29.88 - 32.88,,202101,217.1230769
68,奇瑞无界Pro,1745,奇瑞新能源,7.99 - 11.59,,202211,213.9285714
127,奇瑞无界Pro,309,奇瑞新能源,7.99 - 11.59,,202212,213.9285714
138,奇瑞无界Pro,67,奇瑞新能源,7.99 - 11.59,,202301,213.9285714
147,奇瑞无界Pro,72,奇瑞新能源,7.99 - 11.59,,202302,213.9285714
152,奇瑞无界Pro,94,奇瑞新能源,7.99 - 11.59,,202303,213.9285714
143,奇瑞无界Pro,136,奇瑞新能源,7.99 - 11.59,,202304,213.9285714
137,奇瑞无界Pro,205,奇瑞新能源,7.99 - 11.59,,202305,213.9285714
152,奇瑞无界Pro,116,奇瑞新能源,7.99 - 11.59,,202306,213.9285714
170,奇瑞无界Pro,91,奇瑞新能源,7.99 - 11.59,,202307,213.9285714
189,奇瑞无界Pro,29,奇瑞新能源,7.99 - 11.59,,202308,213.9285714
204,奇瑞无界Pro,12,奇瑞新能源,7.99 - 11.59,,202309,213.9285714
191,奇瑞无界Pro,62,奇瑞新能源,7.99 - 11.59,,202310,213.9285714
200,奇瑞无界Pro,44,奇瑞新能源,7.99 - 11.59,,202311,213.9285714
215,奇瑞无界Pro,13,奇瑞新能源,7.99 - 11.59,,202312,213.9285714
49,荣威e950,46,上汽集团,0.00 - 0.00,,201901,213.6969697
47,荣威e950,21,上汽集团,0.00 - 0.00,,201902,213.6969697
54,荣威e950,43,上汽集团,0.00 - 0.00,,201903,213.6969697
23,荣威e950,1088,上汽集团,0.00 - 0.00,,201904,213.6969697
56,荣威e950,44,上汽集团,0.00 - 0.00,,201906,213.6969697
56,荣威e950,3,上汽集团,0.00 - 0.00,,201907,213.6969697
64,荣威e950,3,上汽集团,0.00 - 0.00,,201908,213.6969697
74,荣威e950,0,上汽集团,0.00 - 0.00,,201909,213.6969697
81,荣威e950,0,上汽集团,0.00 - 0.00,,201910,213.6969697
68,荣威e950,37,上汽集团,0.00 - 0.00,,201911,213.6969697
88,荣威e950,0,上汽集团,0.00 - 0.00,,201912,213.6969697
84,荣威e950,1,上汽集团,0.00 - 0.00,,202001,213.6969697
111,荣威e950,0,上汽集团,0.00 - 0.00,,202002,213.6969697
78,荣威e950,5,上汽集团,0.00 - 0.00,,202003,213.6969697
137,荣威e950,0,上汽集团,0.00 - 0.00,,202004,213.6969697
105,荣威e950,0,上汽集团,0.00 - 0.00,,202005,213.6969697
141,荣威e950,0,上汽集团,0.00 - 0.00,,202006,213.6969697
107,荣威e950,3,上汽集团,0.00 - 0.00,,202007,213.6969697
129,荣威e950,0,上汽集团,0.00 - 0.00,,202008,213.6969697
152,荣威e950,0,上汽集团,0.00 - 0.00,,202008,213.6969697
135,荣威e950,0,上汽集团,0.00 - 0.00,,202009,213.6969697
76,荣威e950,104,上汽集团,0.00 - 0.00,,202010,213.6969697
137,荣威e950,0,上汽集团,0.00 - 0.00,,202011,213.6969697
147,荣威e950,0,上汽集团,0.00 - 0.00,,202012,213.6969697
6,荣威e950,5654,上汽集团,0.00 - 0.00,,202101,213.6969697
124,荣威e950,0,上汽集团,0.00 - 0.00,,202102,213.6969697
132,荣威e950,0,上汽集团,0.00 - 0.00,,202103,213.6969697
125,荣威e950,0,上汽集团,0.00 - 0.00,,202104,213.6969697
137,荣威e950,0,上汽集团,0.00 - 0.00,,202105,213.6969697
147,荣威e950,0,上汽集团,0.00 - 0.00,,202107,213.6969697
140,荣威e950,0,上汽集团,0.00 - 0.00,,202109,213.6969697
151,荣威e950,0,上汽集团,0.00 - 0.00,,202110,213.6969697
146,荣威e950,0,上汽集团,0.00 - 0.00,,202111,213.6969697
165,荣威e950,0,上汽集团,0.00 - 0.00,,202111,213.6969697
154,荣威e950,0,上汽集团,0.00 - 0.00,,202112,213.6969697
29,嘉际新能源,529,吉利新能源,14.58 - 16.88,,201903,208.22
29,嘉际新能源,660,吉利新能源,14.58 - 16.88,,201904,208.22
29,嘉际新能源,820,吉利新能源,14.58 - 16.88,,201905,208.22
33,嘉际新能源,533,吉利新能源,14.58 - 16.88,,201906,208.22
37,嘉际新能源,133,吉利新能源,14.58 - 16.88,,201907,208.22
40,嘉际新能源,194,吉利新能源,14.58 - 16.88,,201908,208.22
41,嘉际新能源,195,吉利新能源,14.58 - 16.88,,201909,208.22
34,嘉际新能源,204,吉利新能源,14.58 - 16.88,,201910,208.22
51,嘉际新能源,128,吉利新能源,14.58 - 16.88,,201911,208.22
47,嘉际新能源,274,吉利新能源,14.58 - 16.88,,201912,208.22
51,嘉际新能源,75,吉利新能源,14.58 - 16.88,,202001,208.22
103,嘉际新能源,0,吉利新能源,14.58 - 16.88,,202002,208.22
41,嘉际新能源,89,吉利新能源,14.58 - 16.88,,202003,208.22
57,嘉际新能源,53,吉利新能源,14.58 - 16.88,,202004,208.22
71,嘉际新能源,70,吉利新能源,14.58 - 16.88,,202005,208.22
51,嘉际新能源,165,吉利新能源,14.58 - 16.88,,202006,208.22
57,嘉际新能源,172,吉利新能源,14.58 - 16.88,,202007,208.22
55,嘉际新能源,230,吉利新能源,14.58 - 16.88,,202008,208.22
52,嘉际新能源,230,吉利新能源,14.58 - 16.88,,202009,208.22
72,嘉际新能源,148,吉利新能源,14.58 - 16.88,,202010,208.22
58,嘉际新能源,362,吉利新能源,14.58 - 16.88,,202011,208.22
77,嘉际新能源,186,吉利新能源,14.58 - 16.88,,202012,208.22
60,嘉际新能源,243,吉利新能源,14.58 - 16.88,,202101,208.22
42,嘉际新能源,221,吉利新能源,14.58 - 16.88,,202102,208.22
55,嘉际新能源,375,吉利新能源,14.58 - 16.88,,202103,208.22
50,嘉际新能源,433,吉利新能源,14.58 - 16.88,,202104,208.22
62,嘉际新能源,315,吉利新能源,14.58 - 16.88,,202105,208.22
58,嘉际新能源,386,吉利新能源,14.58 - 16.88,,202106,208.22
72,嘉际新能源,215,吉利新能源,14.58 - 16.88,,202107,208.22
74,嘉际新能源,279,吉利新能源,14.58 - 16.88,,202108,208.22
57,嘉际新能源,632,吉利新能源,14.58 - 16.88,,202109,208.22
100,嘉际新能源,172,吉利新能源,14.58 - 16.88,,202111,208.22
103,嘉际新能源,160,吉利新能源,14.58 - 16.88,,202112,208.22
112,嘉际新能源,151,吉利新能源,14.58 - 16.88,,202201,208.22
122,嘉际新能源,78,吉利新能源,14.58 - 16.88,,202202,208.22
132,嘉际新能源,74,吉利新能源,14.58 - 16.88,,202203,208.22
111,嘉际新能源,160,吉利新能源,14.58 - 16.88,,202204,208.22
137,嘉际新能源,64,吉利新能源,14.58 - 16.88,,202205,208.22
126,嘉际新能源,158,吉利新能源,14.58 - 16.88,,202206,208.22
129,嘉际新能源,161,吉利新能源,14.58 - 16.88,,202207,208.22
118,嘉际新能源,350,吉利新能源,14.58 - 16.88,,202208,208.22
138,嘉际新能源,196,吉利新能源,14.58 - 16.88,,202209,208.22
172,嘉际新能源,3,吉利新能源,14.58 - 16.88,,202210,208.22
159,嘉际新能源,31,吉利新能源,14.58 - 16.88,,202211,208.22
165,嘉际新能源,18,吉利新能源,14.58 - 16.88,,202212,208.22
167,嘉际新能源,9,吉利新能源,14.58 - 16.88,,202301,208.22
178,嘉际新能源,3,吉利新能源,14.58 - 16.88,,202302,208.22
178,嘉际新能源,18,吉利新能源,14.58 - 16.88,,202303,208.22
181,嘉际新能源,17,吉利新能源,14.58 - 16.88,,202304,208.22
167,嘉际新能源,39,吉利新能源,14.58 - 16.88,,202305,208.22
92,上汽大通MAXUS EUNIQ 6,435,上汽大通,15.98 - 20.28,,202201,205
98,上汽大通MAXUS EUNIQ 6,250,上汽大通,15.98 - 20.28,,202202,205
147,上汽大通MAXUS EUNIQ 6,13,上汽大通,15.98 - 20.28,,202203,205
147,上汽大通MAXUS EUNIQ 6,9,上汽大通,15.98 - 20.28,,202204,205
139,上汽大通MAXUS EUNIQ 6,59,上汽大通,15.98 - 20.28,,202205,205
133,上汽大通MAXUS EUNIQ 6,119,上汽大通,15.98 - 20.28,,202206,205
142,上汽大通MAXUS EUNIQ 6,98,上汽大通,15.98 - 20.28,,202207,205
80,上汽大通MAXUS EUNIQ 6,1049,上汽大通,15.98 - 20.28,,202208,205
143,上汽大通MAXUS EUNIQ 6,175,上汽大通,15.98 - 20.28,,202209,205
134,上汽大通MAXUS EUNIQ 6,162,上汽大通,15.98 - 20.28,,202210,205
154,上汽大通MAXUS EUNIQ 6,52,上汽大通,15.98 - 20.28,,202211,205
137,上汽大通MAXUS EUNIQ 6,243,上汽大通,15.98 - 20.28,,202212,205
183,上汽大通MAXUS EUNIQ 6,1,上汽大通,15.98 - 20.28,,202301,205
205,沃尔沃EX30,199,沃尔沃亚太,20.08 - 25.58,,202406,193
227,沃尔沃EX30,130,沃尔沃亚太,20.08 - 25.58,,202408,193
225,沃尔沃EX30,156,沃尔沃亚太,20.08 - 25.58,,202409,193
227,沃尔沃EX30,174,沃尔沃亚太,20.08 - 25.58,,202410,193
203,沃尔沃EX30,306,沃尔沃亚太,20.08 - 25.58,,202411,193
189,瑞风RF8 PHEV,235,江汽集团,20.99 - 28.57,,202405,190.2857143
207,瑞风RF8 PHEV,189,江汽集团,20.99 - 28.57,,202406,190.2857143
196,瑞风RF8 PHEV,227,江汽集团,20.99 - 28.57,,202407,190.2857143
218,瑞风RF8 PHEV,168,江汽集团,20.99 - 28.57,,202408,190.2857143
220,瑞风RF8 PHEV,187,江汽集团,20.99 - 28.57,,202409,190.2857143
223,瑞风RF8 PHEV,187,江汽集团,20.99 - 28.57,,202410,190.2857143
240,瑞风RF8 PHEV,139,江汽集团,20.99 - 28.57,,202411,190.2857143
233,大家7,49,上汽大通,19.49 - 30.48,,202405,186.8571429
214,大家7,154,上汽大通,19.49 - 30.48,,202406,186.8571429
210,大家7,183,上汽大通,19.49 - 30.48,,202407,186.8571429
214,大家7,194,上汽大通,19.49 - 30.48,,202408,186.8571429
228,大家7,152,上汽大通,19.49 - 30.48,,202409,186.8571429
234,大家7,120,上汽大通,19.49 - 30.48,,202410,186.8571429
185,大家7,456,上汽大通,19.49 - 30.48,,202411,186.8571429
40,荣威MARVEL X,193,上汽集团,0.00 - 0.00,,201809,186.4871795
22,荣威MARVEL X,1022,上汽集团,0.00 - 0.00,,201810,186.4871795
27,荣威MARVEL X,1185,上汽集团,0.00 - 0.00,,201811,186.4871795
33,荣威MARVEL X,1005,上汽集团,0.00 - 0.00,,201812,186.4871795
32,荣威MARVEL X,334,上汽集团,0.00 - 0.00,,201901,186.4871795
39,荣威MARVEL X,140,上汽集团,0.00 - 0.00,,201902,186.4871795
42,荣威MARVEL X,171,上汽集团,0.00 - 0.00,,201903,186.4871795
44,荣威MARVEL X,174,上汽集团,0.00 - 0.00,,201904,186.4871795
49,荣威MARVEL X,128,上汽集团,0.00 - 0.00,,201905,186.4871795
48,荣威MARVEL X,129,上汽集团,0.00 - 0.00,,201906,186.4871795
41,荣威MARVEL X,80,上汽集团,0.00 - 0.00,,201907,186.4871795
21,荣威MARVEL X,1021,上汽集团,0.00 - 0.00,,201908,186.4871795
88,荣威MARVEL X,0,上汽集团,0.00 - 0.00,,201909,186.4871795
69,荣威MARVEL X,7,上汽集团,0.00 - 0.00,,201910,186.4871795
96,荣威MARVEL X,0,上汽集团,0.00 - 0.00,,201911,186.4871795
86,荣威MARVEL X,2,上汽集团,0.00 - 0.00,,201912,186.4871795
78,荣威MARVEL X,8,上汽集团,0.00 - 0.00,,202001,186.4871795
37,荣威MARVEL X,15,上汽集团,0.00 - 0.00,,202002,186.4871795
69,荣威MARVEL X,9,上汽集团,0.00 - 0.00,,202003,186.4871795
138,荣威MARVEL X,0,上汽集团,0.00 - 0.00,,202004,186.4871795
109,荣威MARVEL X,0,上汽集团,0.00 - 0.00,,202005,186.4871795
86,荣威MARVEL X,11,上汽集团,0.00 - 0.00,,202006,186.4871795
97,荣威MARVEL X,8,上汽集团,0.00 - 0.00,,202007,186.4871795
106,荣威MARVEL X,4,上汽集团,0.00 - 0.00,,202008,186.4871795
107,荣威MARVEL X,2,上汽集团,0.00 - 0.00,,202009,186.4871795
91,荣威MARVEL X,37,上汽集团,0.00 - 0.00,,202010,186.4871795
56,荣威MARVEL X,405,上汽集团,0.00 - 0.00,,202011,186.4871795
95,荣威MARVEL X,71,上汽集团,0.00 - 0.00,,202012,186.4871795
24,荣威MARVEL X,1096,上汽集团,0.00 - 0.00,,202101,186.4871795
116,荣威MARVEL X,0,上汽集团,0.00 - 0.00,,202102,186.4871795
124,荣威MARVEL X,0,上汽集团,0.00 - 0.00,,202103,186.4871795
115,荣威MARVEL X,2,上汽集团,0.00 - 0.00,,202104,186.4871795
126,荣威MARVEL X,0,上汽集团,0.00 - 0.00,,202105,186.4871795
111,荣威MARVEL X,7,上汽集团,0.00 - 0.00,,202106,186.4871795
148,荣威MARVEL X,0,上汽集团,0.00 - 0.00,,202107,186.4871795
121,荣威MARVEL X,4,上汽集团,0.00 - 0.00,,202109,186.4871795
194,荣威MARVEL X,0,上汽集团,0.00 - 0.00,,202110,186.4871795
140,荣威MARVEL X,3,上汽集团,0.00 - 0.00,,202111,186.4871795
160,荣威MARVEL X,0,上汽集团,0.00 - 0.00,,202112,186.4871795
50,上汽大通MAXUS EUNIQ 5,18,上汽大通,16.58 - 21.28,,201907,185.3255814
53,上汽大通MAXUS EUNIQ 5,38,上汽大通,16.58 - 21.28,,201908,185.3255814
58,上汽大通MAXUS EUNIQ 5,38,上汽大通,16.58 - 21.28,,201909,185.3255814
60,上汽大通MAXUS EUNIQ 5,39,上汽大通,16.58 - 21.28,,201910,185.3255814
66,上汽大通MAXUS EUNIQ 5,40,上汽大通,16.58 - 21.28,,201911,185.3255814
76,上汽大通MAXUS EUNIQ 5,40,上汽大通,16.58 - 21.28,,201912,185.3255814
48,上汽大通MAXUS EUNIQ 5,86,上汽大通,16.58 - 21.28,,202001,185.3255814
34,上汽大通MAXUS EUNIQ 5,21,上汽大通,16.58 - 21.28,,202002,185.3255814
60,上汽大通MAXUS EUNIQ 5,18,上汽大通,16.58 - 21.28,,202003,185.3255814
77,上汽大通MAXUS EUNIQ 5,15,上汽大通,16.58 - 21.28,,202004,185.3255814
83,上汽大通MAXUS EUNIQ 5,24,上汽大通,16.58 - 21.28,,202005,185.3255814
69,上汽大通MAXUS EUNIQ 5,67,上汽大通,16.58 - 21.28,,202006,185.3255814
86,上汽大通MAXUS EUNIQ 5,19,上汽大通,16.58 - 21.28,,202007,185.3255814
37,上汽大通MAXUS EUNIQ 5,566,上汽大通,16.58 - 21.28,,202008,185.3255814
55,上汽大通MAXUS EUNIQ 5,211,上汽大通,16.58 - 21.28,,202009,185.3255814
49,上汽大通MAXUS EUNIQ 5,413,上汽大通,16.58 - 21.28,,202010,185.3255814
72,上汽大通MAXUS EUNIQ 5,184,上汽大通,16.58 - 21.28,,202011,185.3255814
84,上汽大通MAXUS EUNIQ 5,132,上汽大通,16.58 - 21.28,,202012,185.3255814
84,上汽大通MAXUS EUNIQ 5,40,上汽大通,16.58 - 21.28,,202101,185.3255814
107,上汽大通MAXUS EUNIQ 5,1,上汽大通,16.58 - 21.28,,202102,185.3255814
74,上汽大通MAXUS EUNIQ 5,94,上汽大通,16.58 - 21.28,,202103,185.3255814
88,上汽大通MAXUS EUNIQ 5,61,上汽大通,16.58 - 21.28,,202104,185.3255814
80,上汽大通MAXUS EUNIQ 5,100,上汽大通,16.58 - 21.28,,202105,185.3255814
81,上汽大通MAXUS EUNIQ 5,126,上汽大通,16.58 - 21.28,,202106,185.3255814
76,上汽大通MAXUS EUNIQ 5,171,上汽大通,16.58 - 21.28,,202107,185.3255814
90,上汽大通MAXUS EUNIQ 5,65,上汽大通,16.58 - 21.28,,202108,185.3255814
78,上汽大通MAXUS EUNIQ 5,208,上汽大通,16.58 - 21.28,,202109,185.3255814
101,上汽大通MAXUS EUNIQ 5,79,上汽大通,16.58 - 21.28,,202110,185.3255814
90,上汽大通MAXUS EUNIQ 5,248,上汽大通,16.58 - 21.28,,202111,185.3255814
98,上汽大通MAXUS EUNIQ 5,187,上汽大通,16.58 - 21.28,,202112,185.3255814
105,上汽大通MAXUS EUNIQ 5,210,上汽大通,16.58 - 21.28,,202201,185.3255814
99,上汽大通MAXUS EUNIQ 5,243,上汽大通,16.58 - 21.28,,202202,185.3255814
101,上汽大通MAXUS EUNIQ 5,308,上汽大通,16.58 - 21.28,,202203,185.3255814
119,上汽大通MAXUS EUNIQ 5,107,上汽大通,16.58 - 21.28,,202204,185.3255814
101,上汽大通MAXUS EUNIQ 5,394,上汽大通,16.58 - 21.28,,202205,185.3255814
94,上汽大通MAXUS EUNIQ 5,622,上汽大通,16.58 - 21.28,,202206,185.3255814
111,上汽大通MAXUS EUNIQ 5,420,上汽大通,16.58 - 21.28,,202207,185.3255814
104,上汽大通MAXUS EUNIQ 5,528,上汽大通,16.58 - 21.28,,202208,185.3255814
124,上汽大通MAXUS EUNIQ 5,351,上汽大通,16.58 - 21.28,,202209,185.3255814
118,上汽大通MAXUS EUNIQ 5,299,上汽大通,16.58 - 21.28,,202210,185.3255814
110,上汽大通MAXUS EUNIQ 5,511,上汽大通,16.58 - 21.28,,202211,185.3255814
106,上汽大通MAXUS EUNIQ 5,590,上汽大通,16.58 - 21.28,,202212,185.3255814
151,上汽大通MAXUS EUNIQ 5,37,上汽大通,16.58 - 21.28,,202301,185.3255814
56,缤越新能源,58,吉利新能源,11.98 - 13.58,,201905,183.9714286
36,缤越新能源,388,吉利新能源,11.98 - 13.58,,201906,183.9714286
28,缤越新能源,261,吉利新能源,11.98 - 13.58,,201907,183.9714286
41,缤越新能源,185,吉利新能源,11.98 - 13.58,,201908,183.9714286
47,缤越新能源,113,吉利新能源,11.98 - 13.58,,201909,183.9714286
54,缤越新能源,79,吉利新能源,11.98 - 13.58,,201910,183.9714286
64,缤越新能源,45,吉利新能源,11.98 - 13.58,,201911,183.9714286
67,缤越新能源,74,吉利新能源,11.98 - 13.58,,201912,183.9714286
61,缤越新能源,30,吉利新能源,11.98 - 13.58,,202001,183.9714286
58,缤越新能源,1,吉利新能源,11.98 - 13.58,,202002,183.9714286
65,缤越新能源,10,吉利新能源,11.98 - 13.58,,202003,183.9714286
55,缤越新能源,71,吉利新能源,11.98 - 13.58,,202004,183.9714286
47,缤越新能源,165,吉利新能源,11.98 - 13.58,,202005,183.9714286
48,缤越新能源,197,吉利新能源,11.98 - 13.58,,202006,183.9714286
65,缤越新能源,124,吉利新能源,11.98 - 13.58,,202007,183.9714286
60,缤越新能源,202,吉利新能源,11.98 - 13.58,,202008,183.9714286
53,缤越新能源,226,吉利新能源,11.98 - 13.58,,202009,183.9714286
69,缤越新能源,152,吉利新能源,11.98 - 13.58,,202010,183.9714286
61,缤越新能源,294,吉利新能源,11.98 - 13.58,,202011,183.9714286
73,缤越新能源,217,吉利新能源,11.98 - 13.58,,202012,183.9714286
77,缤越新能源,74,吉利新能源,11.98 - 13.58,,202101,183.9714286
51,缤越新能源,167,吉利新能源,11.98 - 13.58,,202102,183.9714286
61,缤越新能源,274,吉利新能源,11.98 - 13.58,,202103,183.9714286
64,缤越新能源,252,吉利新能源,11.98 - 13.58,,202104,183.9714286
58,缤越新能源,380,吉利新能源,11.98 - 13.58,,202105,183.9714286
104,缤越新能源,37,吉利新能源,11.98 - 13.58,,202106,183.9714286
48,缤越新能源,633,吉利新能源,11.98 - 13.58,,202107,183.9714286
57,缤越新能源,565,吉利新能源,11.98 - 13.58,,202108,183.9714286
79,缤越新能源,200,吉利新能源,11.98 - 13.58,,202109,183.9714286
100,缤越新能源,83,吉利新能源,11.98 - 13.58,,202110,183.9714286
95,缤越新能源,196,吉利新能源,11.98 - 13.58,,202111,183.9714286
91,缤越新能源,275,吉利新能源,11.98 - 13.58,,202112,183.9714286
134,缤越新能源,42,吉利新能源,11.98 - 13.58,,202201,183.9714286
102,缤越新能源,225,吉利新能源,11.98 - 13.58,,202202,183.9714286
123,缤越新能源,144,吉利新能源,11.98 - 13.58,,202203,183.9714286
16,VELITE 5,67,上汽通用别克,0.00 - 0.00,,201704,183.6190476
17,VELITE 5,119,上汽通用别克,0.00 - 0.00,,201705,183.6190476
18,VELITE 5,170,上汽通用别克,0.00 - 0.00,,201706,183.6190476
14,VELITE 5,382,上汽通用别克,0.00 - 0.00,,201707,183.6190476
25,VELITE 5,64,上汽通用别克,0.00 - 0.00,,201708,183.6190476
22,VELITE 5,364,上汽通用别克,0.00 - 0.00,,201709,183.6190476
27,VELITE 5,132,上汽通用别克,0.00 - 0.00,,201710,183.6190476
26,VELITE 5,167,上汽通用别克,0.00 - 0.00,,201711,183.6190476
27,VELITE 5,34,上汽通用别克,0.00 - 0.00,,201712,183.6190476
26,VELITE 5,10,上汽通用别克,0.00 - 0.00,,201801,183.6190476
25,VELITE 5,1,上汽通用别克,0.00 - 0.00,,201802,183.6190476
28,VELITE 5,21,上汽通用别克,0.00 - 0.00,,201803,183.6190476
23,VELITE 5,281,上汽通用别克,0.00 - 0.00,,201804,183.6190476
30,VELITE 5,225,上汽通用别克,0.00 - 0.00,,201805,183.6190476
31,VELITE 5,99,上汽通用别克,0.00 - 0.00,,201806,183.6190476
23,VELITE 5,474,上汽通用别克,0.00 - 0.00,,201807,183.6190476
33,VELITE 5,308,上汽通用别克,0.00 - 0.00,,201808,183.6190476
33,VELITE 5,335,上汽通用别克,0.00 - 0.00,,201809,183.6190476
27,VELITE 5,646,上汽通用别克,0.00 - 0.00,,201810,183.6190476
44,VELITE 5,271,上汽通用别克,0.00 - 0.00,,201811,183.6190476
64,VELITE 5,17,上汽通用别克,0.00 - 0.00,,201812,183.6190476
60,VELITE 5,1,上汽通用别克,0.00 - 0.00,,201901,183.6190476
63,VELITE 5,1,上汽通用别克,0.00 - 0.00,,201904,183.6190476
61,VELITE 5,8,上汽通用别克,0.00 - 0.00,,201905,183.6190476
64,VELITE 5,0,上汽通用别克,0.00 - 0.00,,201907,183.6190476
80,VELITE 5,0,上汽通用别克,0.00 - 0.00,,201908,183.6190476
76,VELITE 5,0,上汽通用别克,0.00 - 0.00,,201909,183.6190476
71,VELITE 5,2,上汽通用别克,0.00 - 0.00,,201910,183.6190476
85,VELITE 5,0,上汽通用别克,0.00 - 0.00,,201911,183.6190476
96,VELITE 5,0,上汽通用别克,0.00 - 0.00,,201912,183.6190476
125,VELITE 5,0,上汽通用别克,0.00 - 0.00,,202001,183.6190476
123,VELITE 5,0,上汽通用别克,0.00 - 0.00,,202002,183.6190476
44,VELITE 5,116,上汽通用别克,0.00 - 0.00,,202004,183.6190476
116,VELITE 5,0,上汽通用别克,0.00 - 0.00,,202005,183.6190476
150,VELITE 5,0,上汽通用别克,0.00 - 0.00,,202006,183.6190476
38,VELITE 5,541,上汽通用别克,0.00 - 0.00,,202007,183.6190476
52,VELITE 5,263,上汽通用别克,0.00 - 0.00,,202008,183.6190476
38,VELITE 5,476,上汽通用别克,0.00 - 0.00,,202009,183.6190476
54,VELITE 5,338,上汽通用别克,0.00 - 0.00,,202010,183.6190476
38,VELITE 5,789,上汽通用别克,0.00 - 0.00,,202011,183.6190476
35,VELITE 5,990,上汽通用别克,0.00 - 0.00,,202012,183.6190476
131,VELITE 5,0,上汽通用别克,0.00 - 0.00,,202101,183.6190476
177,哪吒GT,209,合众汽车,18.88 - 23.58,,202403,175.25
184,哪吒GT,251,合众汽车,18.88 - 23.58,,202405,175.25
232,哪吒GT,83,合众汽车,18.88 - 23.58,,202406,175.25
217,哪吒GT,158,合众汽车,18.88 - 23.58,,202407,175.25
29,名爵6新能源,7,上汽集团,14.58 - 19.98,,201803,168.7118644
17,名爵6新能源,558,上汽集团,14.58 - 19.98,,201804,168.7118644
19,名爵6新能源,864,上汽集团,14.58 - 19.98,,201805,168.7118644
13,名爵6新能源,885,上汽集团,14.58 - 19.98,,201806,168.7118644
19,名爵6新能源,685,上汽集团,14.58 - 19.98,,201807,168.7118644
23,名爵6新能源,509,上汽集团,14.58 - 19.98,,201808,168.7118644
31,名爵6新能源,473,上汽集团,14.58 - 19.98,,201809,168.7118644
43,名爵6新能源,72,上汽集团,14.58 - 19.98,,201810,168.7118644
51,名爵6新能源,91,上汽集团,14.58 - 19.98,,201811,168.7118644
59,名爵6新能源,58,上汽集团,14.58 - 19.98,,201812,168.7118644
38,名爵6新能源,157,上汽集团,14.58 - 19.98,,201901,168.7118644
35,名爵6新能源,164,上汽集团,14.58 - 19.98,,201902,168.7118644
34,名爵6新能源,401,上汽集团,14.58 - 19.98,,201903,168.7118644
52,名爵6新能源,80,上汽集团,14.58 - 19.98,,201904,168.7118644
33,名爵6新能源,555,上汽集团,14.58 - 19.98,,201905,168.7118644
50,名爵6新能源,108,上汽集团,14.58 - 19.98,,201906,168.7118644
30,名爵6新能源,219,上汽集团,14.58 - 19.98,,201907,168.7118644
59,名爵6新能源,24,上汽集团,14.58 - 19.98,,201908,168.7118644
40,名爵6新能源,208,上汽集团,14.58 - 19.98,,201909,168.7118644
37,名爵6新能源,185,上汽集团,14.58 - 19.98,,201910,168.7118644
57,名爵6新能源,69,上汽集团,14.58 - 19.98,,201911,168.7118644
52,名爵6新能源,241,上汽集团,14.58 - 19.98,,201912,168.7118644
52,名爵6新能源,65,上汽集团,14.58 - 19.98,,202001,168.7118644
108,名爵6新能源,0,上汽集团,14.58 - 19.98,,202002,168.7118644
82,名爵6新能源,2,上汽集团,14.58 - 19.98,,202003,168.7118644
79,名爵6新能源,13,上汽集团,14.58 - 19.98,,202004,168.7118644
75,名爵6新能源,42,上汽集团,14.58 - 19.98,,202005,168.7118644
140,名爵6新能源,0,上汽集团,14.58 - 19.98,,202006,168.7118644
93,名爵6新能源,13,上汽集团,14.58 - 19.98,,202007,168.7118644
67,名爵6新能源,140,上汽集团,14.58 - 19.98,,202008,168.7118644
58,名爵6新能源,198,上汽集团,14.58 - 19.98,,202009,168.7118644
67,名爵6新能源,161,上汽集团,14.58 - 19.98,,202010,168.7118644
85,名爵6新能源,102,上汽集团,14.58 - 19.98,,202011,168.7118644
70,名爵6新能源,261,上汽集团,14.58 - 19.98,,202012,168.7118644
145,名爵6新能源,0,上汽集团,14.58 - 19.98,,202101,168.7118644
154,名爵6新能源,0,上汽集团,14.58 - 19.98,,202101,168.7118644
121,名爵6新能源,0,上汽集团,14.58 - 19.98,,202105,168.7118644
138,名爵6新能源,0,上汽集团,14.58 - 19.98,,202107,168.7118644
181,名爵6新能源,0,上汽集团,14.58 - 19.98,,202107,168.7118644
147,名爵6新能源,0,上汽集团,14.58 - 19.98,,202108,168.7118644
128,名爵6新能源,0,上汽集团,14.58 - 19.98,,202109,168.7118644
193,名爵6新能源,0,上汽集团,14.58 - 19.98,,202110,168.7118644
178,名爵6新能源,0,上汽集团,14.58 - 19.98,,202111,168.7118644
155,名爵6新能源,0,上汽集团,14.58 - 19.98,,202112,168.7118644
147,名爵6新能源,17,上汽集团,14.58 - 19.98,,202201,168.7118644
132,名爵6新能源,47,上汽集团,14.58 - 19.98,,202202,168.7118644
129,名爵6新能源,98,上汽集团,14.58 - 19.98,,202203,168.7118644
154,名爵6新能源,3,上汽集团,14.58 - 19.98,,202204,168.7118644
110,名爵6新能源,218,上汽集团,14.58 - 19.98,,202205,168.7118644
145,名爵6新能源,75,上汽集团,14.58 - 19.98,,202206,168.7118644
60,名爵6新能源,1765,上汽集团,14.58 - 19.98,,202207,168.7118644
184,名爵6新能源,2,上汽集团,14.58 - 19.98,,202209,168.7118644
171,名爵6新能源,5,上汽集团,14.58 - 19.98,,202210,168.7118644
162,名爵6新能源,27,上汽集团,14.58 - 19.98,,202212,168.7118644
156,名爵6新能源,20,上汽集团,14.58 - 19.98,,202301,168.7118644
157,名爵6新能源,42,上汽集团,14.58 - 19.98,,202302,168.7118644
187,名爵6新能源,7,上汽集团,14.58 - 19.98,,202303,168.7118644
186,名爵6新能源,7,上汽集团,14.58 - 19.98,,202304,168.7118644
179,名爵6新能源,9,上汽集团,14.58 - 19.98,,202305,168.7118644
217,名爵6新能源,1,上汽集团,14.58 - 19.98,,202309,168.7118644
216,名爵6新能源,1,上汽集团,14.58 - 19.98,,202310,168.7118644
173,Polestar 4,186,Polestar,29.99 - 39.99,,202401,167.8888889
186,Polestar 4,74,Polestar,29.99 - 39.99,,202402,167.8888889
158,Polestar 4,369,Polestar,29.99 - 39.99,,202403,167.8888889
196,Polestar 4,117,Polestar,29.99 - 39.99,,202404,167.8888889
244,Polestar 4,42,Polestar,29.99 - 39.99,,202406,167.8888889
209,Polestar 4,252,Polestar,29.99 - 39.99,,202408,167.8888889
206,Polestar 4,252,Polestar,29.99 - 39.99,,202409,167.8888889
236,Polestar 4,109,Polestar,29.99 - 39.99,,202410,167.8888889
246,Polestar 4,110,Polestar,29.99 - 39.99,,202411,167.8888889
135,瑞驰新能源EC35,0,瑞驰新能源,6.99 - 14.38,,202101,166.5555556
24,瑞驰新能源EC35,1494,瑞驰新能源,6.99 - 14.38,,202104,166.5555556
111,瑞驰新能源EC35,5,瑞驰新能源,6.99 - 14.38,,202105,166.5555556
122,瑞驰新能源EC35,0,瑞驰新能源,6.99 - 14.38,,202107,166.5555556
165,瑞驰新能源EC35,0,瑞驰新能源,6.99 - 14.38,,202107,166.5555556
136,瑞驰新能源EC35,0,瑞驰新能源,6.99 - 14.38,,202108,166.5555556
176,瑞驰新能源EC35,0,瑞驰新能源,6.99 - 14.38,,202108,166.5555556
173,瑞驰新能源EC35,0,瑞驰新能源,6.99 - 14.38,,202109,166.5555556
147,瑞驰新能源EC35,0,瑞驰新能源,6.99 - 14.38,,202110,166.5555556
171,瑞驰新能源EC35,0,瑞驰新能源,6.99 - 14.38,,202110,166.5555556
158,瑞驰新能源EC35,0,瑞驰新能源,6.99 - 14.38,,202111,166.5555556
207,瑞驰新能源EC35,0,瑞驰新能源,6.99 - 14.38,,202112,166.5555556
7,思皓E20X,2236,江淮大众,12.80 - 13.80,,201909,165.96
12,思皓E20X,1200,江淮大众,12.80 - 13.80,,201910,165.96
32,思皓E20X,439,江淮大众,12.80 - 13.80,,201911,165.96
91,思皓E20X,0,江淮大众,12.80 - 13.80,,201912,165.96
109,思皓E20X,0,江淮大众,12.80 - 13.80,,202001,165.96
81,思皓E20X,0,江淮大众,12.80 - 13.80,,202002,165.96
97,思皓E20X,0,江淮大众,12.80 - 13.80,,202004,165.96
133,思皓E20X,0,江淮大众,12.80 - 13.80,,202004,165.96
113,思皓E20X,0,江淮大众,12.80 - 13.80,,202005,165.96
146,思皓E20X,0,江淮大众,12.80 - 13.80,,202006,165.96
117,思皓E20X,0,江淮大众,12.80 - 13.80,,202007,165.96
157,思皓E20X,0,江淮大众,12.80 - 13.80,,202007,165.96
150,思皓E20X,0,江淮大众,12.80 - 13.80,,202008,165.96
111,思皓E20X,1,江淮大众,12.80 - 13.80,,202009,165.96
137,思皓E20X,0,江淮大众,12.80 - 13.80,,202010,165.96
100,思皓E20X,30,江淮大众,12.80 - 13.80,,202011,165.96
100,思皓E20X,60,江淮大众,12.80 - 13.80,,202012,165.96
65,思皓E20X,156,江淮大众,12.80 - 13.80,,202101,165.96
82,思皓E20X,27,江淮大众,12.80 - 13.80,,202102,165.96
127,思皓E20X,0,江淮大众,12.80 - 13.80,,202103,165.96
118,思皓E20X,0,江淮大众,12.80 - 13.80,,202104,165.96
132,思皓E20X,0,江淮大众,12.80 - 13.80,,202105,165.96
137,思皓E20X,0,江淮大众,12.80 - 13.80,,202106,165.96
133,思皓E20X,0,江淮大众,12.80 - 13.80,,202109,165.96
196,思皓E20X,0,江淮大众,12.80 - 13.80,,202110,165.96
181,思皓E20X,0,江淮大众,12.80 - 13.80,,202111,165.96
162,思皓E20X,0,江淮大众,12.80 - 13.80,,202112,165.96
31,Aion LX,480,广汽埃安,28.66 - 46.96,,201911,163.1333333
41,Aion LX,510,广汽埃安,28.66 - 46.96,,201912,163.1333333
27,Aion LX,301,广汽埃安,28.66 - 46.96,,202001,163.1333333
18,Aion LX,150,广汽埃安,28.66 - 46.96,,202002,163.1333333
21,Aion LX,501,广汽埃安,28.66 - 46.96,,202003,163.1333333
28,Aion LX,364,广汽埃安,28.66 - 46.96,,202004,163.1333333
44,Aion LX,192,广汽埃安,28.66 - 46.96,,202005,163.1333333
52,Aion LX,165,广汽埃安,28.66 - 46.96,,202006,163.1333333
50,Aion LX,239,广汽埃安,28.66 - 46.96,,202007,163.1333333
76,Aion LX,82,广汽埃安,28.66 - 46.96,,202008,163.1333333
59,Aion LX,145,广汽埃安,28.66 - 46.96,,202009,163.1333333
52,Aion LX,377,广汽埃安,28.66 - 46.96,,202010,163.1333333
84,Aion LX,105,广汽埃安,28.66 - 46.96,,202011,163.1333333
85,Aion LX,124,广汽埃安,28.66 - 46.96,,202012,163.1333333
79,Aion LX,63,广汽埃安,28.66 - 46.96,,202101,163.1333333
92,Aion LX,12,广汽埃安,28.66 - 46.96,,202102,163.1333333
80,Aion LX,70,广汽埃安,28.66 - 46.96,,202103,163.1333333
83,Aion LX,75,广汽埃安,28.66 - 46.96,,202104,163.1333333
93,Aion LX,52,广汽埃安,28.66 - 46.96,,202105,163.1333333
103,Aion LX,38,广汽埃安,28.66 - 46.96,,202106,163.1333333
78,Aion LX,142,广汽埃安,28.66 - 46.96,,202107,163.1333333
84,Aion LX,97,广汽埃安,28.66 - 46.96,,202108,163.1333333
90,Aion LX,103,广汽埃安,28.66 - 46.96,,202109,163.1333333
87,Aion LX,179,广汽埃安,28.66 - 46.96,,202110,163.1333333
106,Aion LX,116,广汽埃安,28.66 - 46.96,,202111,163.1333333
119,Aion LX,57,广汽埃安,28.66 - 46.96,,202112,163.1333333
99,Aion LX,339,广汽埃安,28.66 - 46.96,,202201,163.1333333
140,Aion LX,20,广汽埃安,28.66 - 46.96,,202202,163.1333333
92,Aion LX,439,广汽埃安,28.66 - 46.96,,202203,163.1333333
90,Aion LX,323,广汽埃安,28.66 - 46.96,,202204,163.1333333
98,Aion LX,409,广汽埃安,28.66 - 46.96,,202205,163.1333333
111,Aion LX,403,广汽埃安,28.66 - 46.96,,202206,163.1333333
98,Aion LX,611,广汽埃安,28.66 - 46.96,,202207,163.1333333
110,Aion LX,447,广汽埃安,28.66 - 46.96,,202208,163.1333333
115,Aion LX,454,广汽埃安,28.66 - 46.96,,202209,163.1333333
123,Aion LX,270,广汽埃安,28.66 - 46.96,,202210,163.1333333
137,Aion LX,138,广汽埃安,28.66 - 46.96,,202211,163.1333333
145,Aion LX,137,广汽埃安,28.66 - 46.96,,202212,163.1333333
172,Aion LX,6,广汽埃安,28.66 - 46.96,,202301,163.1333333
172,Aion LX,13,广汽埃安,28.66 - 46.96,,202302,163.1333333
182,Aion LX,11,广汽埃安,28.66 - 46.96,,202303,163.1333333
185,Aion LX,8,广汽埃安,28.66 - 46.96,,202304,163.1333333
163,Aion LX,47,广汽埃安,28.66 - 46.96,,202305,163.1333333
169,Aion LX,57,广汽埃安,28.66 - 46.96,,202306,163.1333333
180,Aion LX,45,广汽埃安,28.66 - 46.96,,202307,163.1333333
172,Aion LX,93,广汽埃安,28.66 - 46.96,,202308,163.1333333
182,Aion LX,90,广汽埃安,28.66 - 46.96,,202309,163.1333333
179,Aion LX,126,广汽埃安,28.66 - 46.96,,202310,163.1333333
187,Aion LX,122,广汽埃安,28.66 - 46.96,,202311,163.1333333
206,Aion LX,57,广汽埃安,28.66 - 46.96,,202401,163.1333333
211,Aion LX,24,广汽埃安,28.66 - 46.96,,202402,163.1333333
221,Aion LX,39,广汽埃安,28.66 - 46.96,,202403,163.1333333
229,Aion LX,35,广汽埃安,28.66 - 46.96,,202404,163.1333333
239,Aion LX,33,广汽埃安,28.66 - 46.96,,202405,163.1333333
248,Aion LX,31,广汽埃安,28.66 - 46.96,,202406,163.1333333
253,Aion LX,24,广汽埃安,28.66 - 46.96,,202407,163.1333333
259,Aion LX,33,广汽埃安,28.66 - 46.96,,202408,163.1333333
269,Aion LX,33,广汽埃安,28.66 - 46.96,,202409,163.1333333
269,Aion LX,25,广汽埃安,28.66 - 46.96,,202410,163.1333333
247,Aion LX,107,广汽埃安,28.66 - 46.96,,202411,163.1333333
118,丰田C-HR EV,0,广汽丰田,22.58 - 24.98,,202003,162.6129032
63,丰田C-HR EV,33,广汽丰田,22.58 - 24.98,,202004,162.6129032
30,丰田C-HR EV,475,广汽丰田,22.58 - 24.98,,202005,162.6129032
61,丰田C-HR EV,101,广汽丰田,22.58 - 24.98,,202006,162.6129032
84,丰田C-HR EV,20,广汽丰田,22.58 - 24.98,,202007,162.6129032
103,丰田C-HR EV,8,广汽丰田,22.58 - 24.98,,202008,162.6129032
87,丰田C-HR EV,35,广汽丰田,22.58 - 24.98,,202009,162.6129032
82,丰田C-HR EV,79,广汽丰田,22.58 - 24.98,,202010,162.6129032
78,丰田C-HR EV,158,广汽丰田,22.58 - 24.98,,202011,162.6129032
79,丰田C-HR EV,153,广汽丰田,22.58 - 24.98,,202012,162.6129032
63,丰田C-HR EV,185,广汽丰田,22.58 - 24.98,,202101,162.6129032
74,丰田C-HR EV,47,广汽丰田,22.58 - 24.98,,202102,162.6129032
85,丰田C-HR EV,53,广汽丰田,22.58 - 24.98,,202103,162.6129032
105,丰田C-HR EV,22,广汽丰田,22.58 - 24.98,,202104,162.6129032
106,丰田C-HR EV,20,广汽丰田,22.58 - 24.98,,202105,162.6129032
37,丰田C-HR EV,946,广汽丰田,22.58 - 24.98,,202106,162.6129032
42,丰田C-HR EV,709,广汽丰田,22.58 - 24.98,,202107,162.6129032
94,丰田C-HR EV,50,广汽丰田,22.58 - 24.98,,202108,162.6129032
82,丰田C-HR EV,191,广汽丰田,22.58 - 24.98,,202109,162.6129032
88,丰田C-HR EV,158,广汽丰田,22.58 - 24.98,,202110,162.6129032
68,丰田C-HR EV,635,广汽丰田,22.58 - 24.98,,202111,162.6129032
77,丰田C-HR EV,659,广汽丰田,22.58 - 24.98,,202112,162.6129032
132,丰田C-HR EV,46,广汽丰田,22.58 - 24.98,,202201,162.6129032
139,丰田C-HR EV,24,广汽丰田,22.58 - 24.98,,202202,162.6129032
155,丰田C-HR EV,21,广汽丰田,22.58 - 24.98,,202301,162.6129032
161,丰田C-HR EV,28,广汽丰田,22.58 - 24.98,,202302,162.6129032
166,丰田C-HR EV,44,广汽丰田,22.58 - 24.98,,202303,162.6129032
171,丰田C-HR EV,29,广汽丰田,22.58 - 24.98,,202304,162.6129032
169,丰田C-HR EV,26,广汽丰田,22.58 - 24.98,,202305,162.6129032
171,丰田C-HR EV,50,广汽丰田,22.58 - 24.98,,202306,162.6129032
183,丰田C-HR EV,36,广汽丰田,22.58 - 24.98,,202307,162.6129032
287,smart精灵#5,2,smart,23.99 - 36.80,,202409,160.3333333
225,smart精灵#5,179,smart,23.99 - 36.80,,202410,160.3333333
204,smart精灵#5,300,smart,23.99 - 36.80,,202411,160.3333333
11,起亚K5新能源,3527,悦达起亚,22.28 - 23.98,,201812,160.3243243
47,起亚K5新能源,73,悦达起亚,22.28 - 23.98,,201901,160.3243243
26,起亚K5新能源,292,悦达起亚,22.28 - 23.98,,201902,160.3243243
36,起亚K5新能源,324,悦达起亚,22.28 - 23.98,,201903,160.3243243
42,起亚K5新能源,237,悦达起亚,22.28 - 23.98,,201904,160.3243243
41,起亚K5新能源,174,悦达起亚,22.28 - 23.98,,201905,160.3243243
44,起亚K5新能源,173,悦达起亚,22.28 - 23.98,,201906,160.3243243
33,起亚K5新能源,173,悦达起亚,22.28 - 23.98,,201907,160.3243243
48,起亚K5新能源,75,悦达起亚,22.28 - 23.98,,201908,160.3243243
50,起亚K5新能源,102,悦达起亚,22.28 - 23.98,,201909,160.3243243
59,起亚K5新能源,44,悦达起亚,22.28 - 23.98,,201910,160.3243243
44,起亚K5新能源,199,悦达起亚,22.28 - 23.98,,201911,160.3243243
62,起亚K5新能源,110,悦达起亚,22.28 - 23.98,,201912,160.3243243
40,起亚K5新能源,138,悦达起亚,22.28 - 23.98,,202001,160.3243243
76,起亚K5新能源,0,悦达起亚,22.28 - 23.98,,202002,160.3243243
54,起亚K5新能源,27,悦达起亚,22.28 - 23.98,,202003,160.3243243
84,起亚K5新能源,10,悦达起亚,22.28 - 23.98,,202004,160.3243243
76,起亚K5新能源,41,悦达起亚,22.28 - 23.98,,202005,160.3243243
82,起亚K5新能源,25,悦达起亚,22.28 - 23.98,,202006,160.3243243
90,起亚K5新能源,16,悦达起亚,22.28 - 23.98,,202007,160.3243243
71,起亚K5新能源,116,悦达起亚,22.28 - 23.98,,202008,160.3243243
99,起亚K5新能源,15,悦达起亚,22.28 - 23.98,,202009,160.3243243
103,起亚K5新能源,11,悦达起亚,22.28 - 23.98,,202010,160.3243243
107,起亚K5新能源,13,悦达起亚,22.28 - 23.98,,202011,160.3243243
112,起亚K5新能源,15,悦达起亚,22.28 - 23.98,,202012,160.3243243
144,起亚K5新能源,0,悦达起亚,22.28 - 23.98,,202101,160.3243243
152,起亚K5新能源,0,悦达起亚,22.28 - 23.98,,202101,160.3243243
131,起亚K5新能源,0,悦达起亚,22.28 - 23.98,,202102,160.3243243
141,起亚K5新能源,0,悦达起亚,22.28 - 23.98,,202103,160.3243243
133,起亚K5新能源,0,悦达起亚,22.28 - 23.98,,202104,160.3243243
148,起亚K5新能源,0,悦达起亚,22.28 - 23.98,,202105,160.3243243
152,起亚K5新能源,0,悦达起亚,22.28 - 23.98,,202105,160.3243243
145,起亚K5新能源,0,悦达起亚,22.28 - 23.98,,202106,160.3243243
145,起亚K5新能源,0,悦达起亚,22.28 - 23.98,,202107,160.3243243
119,起亚K5新能源,2,悦达起亚,22.28 - 23.98,,202108,160.3243243
132,起亚K5新能源,0,悦达起亚,22.28 - 23.98,,202109,160.3243243
198,起亚K5新能源,0,悦达起亚,22.28 - 23.98,,202110,160.3243243
184,起亚K5新能源,0,悦达起亚,22.28 - 23.98,,202111,160.3243243
165,起亚K5新能源,0,悦达起亚,22.28 - 23.98,,202112,160.3243243
153,睿蓝9,36,睿蓝汽车,10.99 - 19.79,,202210,159.0454545
114,睿蓝9,459,睿蓝汽车,10.99 - 19.79,,202211,159.0454545
128,睿蓝9,306,睿蓝汽车,10.99 - 19.79,,202212,159.0454545
95,睿蓝9,320,睿蓝汽车,10.99 - 19.79,,202301,159.0454545
146,睿蓝9,74,睿蓝汽车,10.99 - 19.79,,202302,159.0454545
156,睿蓝9,74,睿蓝汽车,10.99 - 19.79,,202303,159.0454545
150,睿蓝9,95,睿蓝汽车,10.99 - 19.79,,202305,159.0454545
162,睿蓝9,72,睿蓝汽车,10.99 - 19.79,,202306,159.0454545
182,睿蓝9,39,睿蓝汽车,10.99 - 19.79,,202307,159.0454545
180,睿蓝9,67,睿蓝汽车,10.99 - 19.79,,202308,159.0454545
185,睿蓝9,70,睿蓝汽车,10.99 - 19.79,,202309,159.0454545
186,睿蓝9,93,睿蓝汽车,10.99 - 19.79,,202310,159.0454545
184,睿蓝9,130,睿蓝汽车,10.99 - 19.79,,202311,159.0454545
188,睿蓝9,123,睿蓝汽车,10.99 - 19.79,,202401,159.0454545
215,睿蓝9,19,睿蓝汽车,10.99 - 19.79,,202402,159.0454545
192,睿蓝9,155,睿蓝汽车,10.99 - 19.79,,202403,159.0454545
180,睿蓝9,205,睿蓝汽车,10.99 - 19.79,,202404,159.0454545
210,睿蓝9,136,睿蓝汽车,10.99 - 19.79,,202405,159.0454545
188,睿蓝9,281,睿蓝汽车,10.99 - 19.79,,202406,159.0454545
201,睿蓝9,219,睿蓝汽车,10.99 - 19.79,,202407,159.0454545
177,睿蓝9,433,睿蓝汽车,10.99 - 19.79,,202408,159.0454545
244,睿蓝9,93,睿蓝汽车,10.99 - 19.79,,202409,159.0454545
123,捷途X70S EV,70,奇瑞汽车,16.98 - 17.98,,202201,158.6315789
163,捷途X70S EV,11,奇瑞汽车,16.98 - 17.98,,202206,158.6315789
163,捷途X70S EV,7,奇瑞汽车,16.98 - 17.98,,202208,158.6315789
157,捷途X70S EV,65,奇瑞汽车,16.98 - 17.98,,202209,158.6315789
163,捷途X70S EV,16,奇瑞汽车,16.98 - 17.98,,202210,158.6315789
168,捷途X70S EV,9,奇瑞汽车,16.98 - 17.98,,202211,158.6315789
157,捷途X70S EV,19,奇瑞汽车,16.98 - 17.98,,202301,158.6315789
175,捷途X70S EV,7,奇瑞汽车,16.98 - 17.98,,202302,158.6315789
186,捷途X70S EV,8,奇瑞汽车,16.98 - 17.98,,202303,158.6315789
186,捷途X70S EV,7,奇瑞汽车,16.98 - 17.98,,202306,158.6315789
211,捷途X70S EV,3,奇瑞汽车,16.98 - 17.98,,202309,158.6315789
204,捷途X70S EV,7,奇瑞汽车,16.98 - 17.98,,202310,158.6315789
207,捷途X70S EV,40,奇瑞汽车,16.98 - 17.98,,202312,158.6315789
87,捷途X70S EV,727,奇瑞汽车,16.98 - 17.98,,202402,158.6315789
107,捷途X70S EV,835,奇瑞汽车,16.98 - 17.98,,202403,158.6315789
182,捷途X70S EV,192,奇瑞汽车,16.98 - 17.98,,202404,158.6315789
171,捷途X70S EV,335,奇瑞汽车,16.98 - 17.98,,202405,158.6315789
251,捷途X70S EV,18,奇瑞汽车,16.98 - 17.98,,202406,158.6315789
154,捷途X70S EV,638,奇瑞汽车,16.98 - 17.98,,202408,158.6315789
34,电咖·EV10,305,电咖汽车,0.00 - 0.00,,201810,157.7272727
28,电咖·EV10,1126,电咖汽车,0.00 - 0.00,,201811,157.7272727
47,电咖·EV10,304,电咖汽车,0.00 - 0.00,,201812,157.7272727
126,电咖·EV10,0,电咖汽车,0.00 - 0.00,,201912,157.7272727
110,电咖·EV10,0,电咖汽车,0.00 - 0.00,,202001,157.7272727
62,电咖·EV10,0,电咖汽车,0.00 - 0.00,,202002,157.7272727
128,电咖·EV10,0,电咖汽车,0.00 - 0.00,,202002,157.7272727
111,电咖·EV10,0,电咖汽车,0.00 - 0.00,,202004,157.7272727
145,电咖·EV10,0,电咖汽车,0.00 - 0.00,,202005,157.7272727
118,电咖·EV10,0,电咖汽车,0.00 - 0.00,,202006,157.7272727
150,电咖·EV10,0,电咖汽车,0.00 - 0.00,,202007,157.7272727
131,电咖·EV10,0,电咖汽车,0.00 - 0.00,,202008,157.7272727
155,电咖·EV10,0,电咖汽车,0.00 - 0.00,,202008,157.7272727
45,蒙迪欧新能源,142,长安福特,0.00 - 0.00,,201903,155.1818182
57,蒙迪欧新能源,43,长安福特,0.00 - 0.00,,201904,155.1818182
52,蒙迪欧新能源,96,长安福特,0.00 - 0.00,,201905,155.1818182
52,蒙迪欧新能源,90,长安福特,0.00 - 0.00,,201906,155.1818182
44,蒙迪欧新能源,26,长安福特,0.00 - 0.00,,201907,155.1818182
51,蒙迪欧新能源,46,长安福特,0.00 - 0.00,,201908,155.1818182
45,蒙迪欧新能源,141,长安福特,0.00 - 0.00,,201909,155.1818182
66,蒙迪欧新能源,19,长安福特,0.00 - 0.00,,201910,155.1818182
62,蒙迪欧新能源,54,长安福特,0.00 - 0.00,,201911,155.1818182
50,蒙迪欧新能源,247,长安福特,0.00 - 0.00,,201912,155.1818182
68,蒙迪欧新能源,21,长安福特,0.00 - 0.00,,202001,155.1818182
6,蒙迪欧新能源,440,长安福特,0.00 - 0.00,,202002,155.1818182
5,蒙迪欧新能源,2045,长安福特,0.00 - 0.00,,202003,155.1818182
141,蒙迪欧新能源,0,长安福特,0.00 - 0.00,,202004,155.1818182
102,蒙迪欧新能源,1,长安福特,0.00 - 0.00,,202005,155.1818182
96,蒙迪欧新能源,1,长安福特,0.00 - 0.00,,202006,155.1818182
112,蒙迪欧新能源,1,长安福特,0.00 - 0.00,,202007,155.1818182
136,蒙迪欧新能源,0,长安福特,0.00 - 0.00,,202008,155.1818182
160,蒙迪欧新能源,0,长安福特,0.00 - 0.00,,202008,155.1818182
112,蒙迪欧新能源,1,长安福特,0.00 - 0.00,,202009,155.1818182
140,蒙迪欧新能源,0,长安福特,0.00 - 0.00,,202010,155.1818182
142,蒙迪欧新能源,0,长安福特,0.00 - 0.00,,202011,155.1818182
143,蒙迪欧新能源,0,长安福特,0.00 - 0.00,,202101,155.1818182
151,蒙迪欧新能源,0,长安福特,0.00 - 0.00,,202101,155.1818182
133,家宝,220,北京汽车制造厂,3.98 - 5.69,,202305,149.25
145,家宝,198,北京汽车制造厂,3.98 - 5.69,,202306,149.25
156,家宝,159,北京汽车制造厂,3.98 - 5.69,,202307,149.25
214,家宝,20,北京汽车制造厂,3.98 - 5.69,,202402,149.25
110,风光E3,0,东风小康,12.98 - 15.98,,202003,148.6428571
90,风光E3,6,东风小康,12.98 - 15.98,,202004,148.6428571
119,风光E3,0,东风小康,12.98 - 15.98,,202005,148.6428571
97,风光E3,1,东风小康,12.98 - 15.98,,202006,148.6428571
119,风光E3,0,东风小康,12.98 - 15.98,,202007,148.6428571
158,风光E3,0,东风小康,12.98 - 15.98,,202007,148.6428571
97,风光E3,13,东风小康,12.98 - 15.98,,202008,148.6428571
80,风光E3,55,东风小康,12.98 - 15.98,,202009,148.6428571
96,风光E3,22,东风小康,12.98 - 15.98,,202010,148.6428571
90,风光E3,89,东风小康,12.98 - 15.98,,202011,148.6428571
83,风光E3,136,东风小康,12.98 - 15.98,,202012,148.6428571
99,风光E3,13,东风小康,12.98 - 15.98,,202101,148.6428571
79,风光E3,32,东风小康,12.98 - 15.98,,202102,148.6428571
76,风光E3,87,东风小康,12.98 - 15.98,,202103,148.6428571
69,风光E3,176,东风小康,12.98 - 15.98,,202104,148.6428571
96,风光E3,47,东风小康,12.98 - 15.98,,202105,148.6428571
138,风光E3,0,东风小康,12.98 - 15.98,,202106,148.6428571
157,风光E3,0,东风小康,12.98 - 15.98,,202108,148.6428571
119,风光E3,5,东风小康,12.98 - 15.98,,202109,148.6428571
114,风光E3,29,东风小康,12.98 - 15.98,,202110,148.6428571
111,风光E3,99,东风小康,12.98 - 15.98,,202112,148.6428571
157,风光E3,5,东风小康,12.98 - 15.98,,202201,148.6428571
111,风光E3,136,东风小康,12.98 - 15.98,,202202,148.6428571
157,风光E3,1,东风小康,12.98 - 15.98,,202203,148.6428571
99,风光E3,259,东风小康,12.98 - 15.98,,202204,148.6428571
83,风光E3,615,东风小康,12.98 - 15.98,,202205,148.6428571
113,风光E3,390,东风小康,12.98 - 15.98,,202206,148.6428571
96,风光E3,680,东风小康,12.98 - 15.98,,202207,148.6428571
80,风光E3,1266,东风小康,12.98 - 15.98,,202209,148.6428571
36,江淮iEVA50,65,江淮汽车,12.98 - 14.55,,201805,146.6976744
26,江淮iEVA50,221,江淮汽车,12.98 - 14.55,,201806,146.6976744
42,江淮iEVA50,1,江淮汽车,12.98 - 14.55,,201807,146.6976744
40,江淮iEVA50,54,江淮汽车,12.98 - 14.55,,201808,146.6976744
46,江淮iEVA50,47,江淮汽车,12.98 - 14.55,,201809,146.6976744
48,江淮iEVA50,14,江淮汽车,12.98 - 14.55,,201810,146.6976744
59,江淮iEVA50,2,江淮汽车,12.98 - 14.55,,201811,146.6976744
25,江淮iEVA50,1532,江淮汽车,12.98 - 14.55,,201812,146.6976744
18,江淮iEVA50,1300,江淮汽车,12.98 - 14.55,,201901,146.6976744
32,江淮iEVA50,229,江淮汽车,12.98 - 14.55,,201902,146.6976744
28,江淮iEVA50,662,江淮汽车,12.98 - 14.55,,201903,146.6976744
55,江淮iEVA50,54,江淮汽车,12.98 - 14.55,,201904,146.6976744
38,江淮iEVA50,279,江淮汽车,12.98 - 14.55,,201905,146.6976744
37,江淮iEVA50,380,江淮汽车,12.98 - 14.55,,201906,146.6976744
72,江淮iEVA50,0,江淮汽车,12.98 - 14.55,,201907,146.6976744
63,江淮iEVA50,4,江淮汽车,12.98 - 14.55,,201908,146.6976744
63,江淮iEVA50,15,江淮汽车,12.98 - 14.55,,201909,146.6976744
67,江淮iEVA50,16,江淮汽车,12.98 - 14.55,,201910,146.6976744
50,江淮iEVA50,139,江淮汽车,12.98 - 14.55,,201911,146.6976744
81,江淮iEVA50,24,江淮汽车,12.98 - 14.55,,201912,146.6976744
73,江淮iEVA50,16,江淮汽车,12.98 - 14.55,,202001,146.6976744
48,江淮iEVA50,4,江淮汽车,12.98 - 14.55,,202002,146.6976744
68,江淮iEVA50,9,江淮汽车,12.98 - 14.55,,202003,146.6976744
40,江淮iEVA50,132,江淮汽车,12.98 - 14.55,,202004,146.6976744
60,江淮iEVA50,107,江淮汽车,12.98 - 14.55,,202005,146.6976744
63,江淮iEVA50,92,江淮汽车,12.98 - 14.55,,202006,146.6976744
72,江淮iEVA50,86,江淮汽车,12.98 - 14.55,,202007,146.6976744
70,江淮iEVA50,119,江淮汽车,12.98 - 14.55,,202008,146.6976744
73,江淮iEVA50,85,江淮汽车,12.98 - 14.55,,202009,146.6976744
71,江淮iEVA50,149,江淮汽车,12.98 - 14.55,,202010,146.6976744
65,江淮iEVA50,247,江淮汽车,12.98 - 14.55,,202011,146.6976744
80,江淮iEVA50,149,江淮汽车,12.98 - 14.55,,202012,146.6976744
107,江淮iEVA50,4,江淮汽车,12.98 - 14.55,,202101,146.6976744
111,江淮iEVA50,0,江淮汽车,12.98 - 14.55,,202102,146.6976744
78,江淮iEVA50,71,江淮汽车,12.98 - 14.55,,202103,146.6976744
147,江淮iEVA50,0,江淮汽车,12.98 - 14.55,,202104,146.6976744
124,江淮iEVA50,0,江淮汽车,12.98 - 14.55,,202105,146.6976744
144,江淮iEVA50,0,江淮汽车,12.98 - 14.55,,202107,146.6976744
150,江淮iEVA50,0,江淮汽车,12.98 - 14.55,,202108,146.6976744
130,江淮iEVA50,0,江淮汽车,12.98 - 14.55,,202109,146.6976744
192,江淮iEVA50,0,江淮汽车,12.98 - 14.55,,202110,146.6976744
176,江淮iEVA50,0,江淮汽车,12.98 - 14.55,,202111,146.6976744
157,江淮iEVA50,0,江淮汽车,12.98 - 14.55,,202112,146.6976744
34,菲斯塔纯电动,252,北京现代,17.38 - 19.88,,202004,142.1818182
55,菲斯塔纯电动,126,北京现代,17.38 - 19.88,,202005,142.1818182
122,菲斯塔纯电动,0,北京现代,17.38 - 19.88,,202007,142.1818182
162,菲斯塔纯电动,0,北京现代,17.38 - 19.88,,202007,142.1818182
84,菲斯塔纯电动,84,北京现代,17.38 - 19.88,,202105,142.1818182
59,菲斯塔纯电动,346,北京现代,17.38 - 19.88,,202106,142.1818182
108,菲斯塔纯电动,10,北京现代,17.38 - 19.88,,202107,142.1818182
81,菲斯塔纯电动,162,北京现代,17.38 - 19.88,,202108,142.1818182
76,菲斯塔纯电动,227,北京现代,17.38 - 19.88,,202109,142.1818182
78,菲斯塔纯电动,260,北京现代,17.38 - 19.88,,202110,142.1818182
120,菲斯塔纯电动,43,北京现代,17.38 - 19.88,,202111,142.1818182
122,菲斯塔纯电动,54,北京现代,17.38 - 19.88,,202112,142.1818182
55,广汽本田VE-1,100,广汽本田,15.98 - 18.68,,201812,141.4464286
18,广汽本田VE-1,764,广汽本田,15.98 - 18.68,,201910,141.4464286
29,广汽本田VE-1,521,广汽本田,15.98 - 18.68,,201911,141.4464286
78,广汽本田VE-1,31,广汽本田,15.98 - 18.68,,201912,141.4464286
76,广汽本田VE-1,9,广汽本田,15.98 - 18.68,,202001,141.4464286
75,广汽本田VE-1,6,广汽本田,15.98 - 18.68,,202003,141.4464286
95,广汽本田VE-1,0,广汽本田,15.98 - 18.68,,202004,141.4464286
131,广汽本田VE-1,0,广汽本田,15.98 - 18.68,,202004,141.4464286
25,广汽本田VE-1,616,广汽本田,15.98 - 18.68,,202005,141.4464286
136,广汽本田VE-1,0,广汽本田,15.98 - 18.68,,202006,141.4464286
85,广汽本田VE-1,19,广汽本田,15.98 - 18.68,,202007,141.4464286
124,广汽本田VE-1,0,广汽本田,15.98 - 18.68,,202008,141.4464286
98,广汽本田VE-1,16,广汽本田,15.98 - 18.68,,202009,141.4464286
44,广汽本田VE-1,554,广汽本田,15.98 - 18.68,,202010,141.4464286
47,广汽本田VE-1,557,广汽本田,15.98 - 18.68,,202011,141.4464286
49,广汽本田VE-1,603,广汽本田,15.98 - 18.68,,202012,141.4464286
55,广汽本田VE-1,323,广汽本田,15.98 - 18.68,,202101,141.4464286
63,广汽本田VE-1,86,广汽本田,15.98 - 18.68,,202102,141.4464286
58,广汽本田VE-1,358,广汽本田,15.98 - 18.68,,202103,141.4464286
62,广汽本田VE-1,264,广汽本田,15.98 - 18.68,,202104,141.4464286
61,广汽本田VE-1,326,广汽本田,15.98 - 18.68,,202105,141.4464286
109,广汽本田VE-1,18,广汽本田,15.98 - 18.68,,202106,141.4464286
127,广汽本田VE-1,0,广汽本田,15.98 - 18.68,,202107,141.4464286
169,广汽本田VE-1,0,广汽本田,15.98 - 18.68,,202107,141.4464286
116,广汽本田VE-1,4,广汽本田,15.98 - 18.68,,202108,141.4464286
66,广汽本田VE-1,405,广汽本田,15.98 - 18.68,,202109,141.4464286
75,广汽本田VE-1,300,广汽本田,15.98 - 18.68,,202110,141.4464286
104,广汽本田VE-1,129,广汽本田,15.98 - 18.68,,202111,141.4464286
89,广汽本田VE-1,300,广汽本田,15.98 - 18.68,,202112,141.4464286
86,广汽本田VE-1,490,广汽本田,15.98 - 18.68,,202201,141.4464286
115,广汽本田VE-1,116,广汽本田,15.98 - 18.68,,202202,141.4464286
102,广汽本田VE-1,307,广汽本田,15.98 - 18.68,,202203,141.4464286
136,广汽本田VE-1,25,广汽本田,15.98 - 18.68,,202204,141.4464286
131,广汽本田VE-1,92,广汽本田,15.98 - 18.68,,202205,141.4464286
123,广汽本田VE-1,210,广汽本田,15.98 - 18.68,,202206,141.4464286
138,广汽本田VE-1,108,广汽本田,15.98 - 18.68,,202207,141.4464286
155,广汽本田VE-1,51,广汽本田,15.98 - 18.68,,202208,141.4464286
161,广汽本田VE-1,51,广汽本田,15.98 - 18.68,,202209,141.4464286
155,广汽本田VE-1,33,广汽本田,15.98 - 18.68,,202210,141.4464286
169,广汽本田VE-1,9,广汽本田,15.98 - 18.68,,202211,141.4464286
169,广汽本田VE-1,11,广汽本田,15.98 - 18.68,,202212,141.4464286
162,广汽本田VE-1,10,广汽本田,15.98 - 18.68,,202301,141.4464286
169,广汽本田VE-1,17,广汽本田,15.98 - 18.68,,202302,141.4464286
174,广汽本田VE-1,28,广汽本田,15.98 - 18.68,,202303,141.4464286
178,广汽本田VE-1,18,广汽本田,15.98 - 18.68,,202304,141.4464286
181,广汽本田VE-1,8,广汽本田,15.98 - 18.68,,202305,141.4464286
184,广汽本田VE-1,9,广汽本田,15.98 - 18.68,,202306,141.4464286
200,广汽本田VE-1,3,广汽本田,15.98 - 18.68,,202307,141.4464286
203,广汽本田VE-1,3,广汽本田,15.98 - 18.68,,202308,141.4464286
212,广汽本田VE-1,3,广汽本田,15.98 - 18.68,,202310,141.4464286
222,广汽本田VE-1,3,广汽本田,15.98 - 18.68,,202311,141.4464286
233,广汽本田VE-1,1,广汽本田,15.98 - 18.68,,202312,141.4464286
230,广汽本田VE-1,1,广汽本田,15.98 - 18.68,,202401,141.4464286
243,广汽本田VE-1,1,广汽本田,15.98 - 18.68,,202403,141.4464286
263,广汽本田VE-1,1,广汽本田,15.98 - 18.68,,202405,141.4464286
270,广汽本田VE-1,1,广汽本田,15.98 - 18.68,,202406,141.4464286
271,广汽本田VE-1,1,广汽本田,15.98 - 18.68,,202407,141.4464286
287,广汽本田VE-1,1,广汽本田,15.98 - 18.68,,202410,141.4464286
190,合创V09,67,合创汽车,31.88 - 43.88,,202310,140.3333333
151,合创V09,349,合创汽车,31.88 - 43.88,,202311,140.3333333
140,合创V09,555,合创汽车,31.88 - 43.88,,202312,140.3333333
171,合创V09,192,合创汽车,31.88 - 43.88,,202401,140.3333333
189,合创V09,71,合创汽车,31.88 - 43.88,,202402,140.3333333
201,合创V09,128,合创汽车,31.88 - 43.88,,202403,140.3333333
218,合创V09,69,合创汽车,31.88 - 43.88,,202404,140.3333333
230,合创V09,59,合创汽车,31.88 - 43.88,,202405,140.3333333
245,合创V09,39,合创汽车,31.88 - 43.88,,202406,140.3333333
247,合创V09,50,合创汽车,31.88 - 43.88,,202407,140.3333333
250,合创V09,60,合创汽车,31.88 - 43.88,,202408,140.3333333
262,合创V09,45,合创汽车,31.88 - 43.88,,202409,140.3333333
37,长安CS15EV,702,长安汽车,8.98 - 9.88,,201811,136.28125
43,长安CS15EV,442,长安汽车,8.98 - 9.88,,201812,136.28125
33,长安CS15EV,203,长安汽车,8.98 - 9.88,,201902,136.28125
41,长安CS15EV,177,长安汽车,8.98 - 9.88,,201903,136.28125
41,长安CS15EV,261,长安汽车,8.98 - 9.88,,201904,136.28125
31,长安CS15EV,674,长安汽车,8.98 - 9.88,,201905,136.28125
57,长安CS15EV,39,长安汽车,8.98 - 9.88,,201906,136.28125
53,长安CS15EV,10,长安汽车,8.98 - 9.88,,201907,136.28125
58,长安CS15EV,25,长安汽车,8.98 - 9.88,,201908,136.28125
65,长安CS15EV,7,长安汽车,8.98 - 9.88,,201909,136.28125
36,长安CS15EV,194,长安汽车,8.98 - 9.88,,201910,136.28125
42,长安CS15EV,217,长安汽车,8.98 - 9.88,,201911,136.28125
28,长安CS15EV,870,长安汽车,8.98 - 9.88,,201912,136.28125
71,长安CS15EV,17,长安汽车,8.98 - 9.88,,202001,136.28125
50,长安CS15EV,3,长安汽车,8.98 - 9.88,,202002,136.28125
40,长安CS15EV,99,长安汽车,8.98 - 9.88,,202003,136.28125
83,长安CS15EV,11,长安汽车,8.98 - 9.88,,202004,136.28125
87,长安CS15EV,20,长安汽车,8.98 - 9.88,,202005,136.28125
125,长安CS15EV,0,长安汽车,8.98 - 9.88,,202006,136.28125
88,长安CS15EV,17,长安汽车,8.98 - 9.88,,202007,136.28125
87,长安CS15EV,26,长安汽车,8.98 - 9.88,,202008,136.28125
102,长安CS15EV,10,长安汽车,8.98 - 9.88,,202009,136.28125
93,长安CS15EV,35,长安汽车,8.98 - 9.88,,202010,136.28125
89,长安CS15EV,92,长安汽车,8.98 - 9.88,,202011,136.28125
106,长安CS15EV,34,长安汽车,8.98 - 9.88,,202012,136.28125
73,长安CS15EV,87,长安汽车,8.98 - 9.88,,202101,136.28125
140,长安CS15EV,0,长安汽车,8.98 - 9.88,,202102,136.28125
75,长安CS15EV,89,长安汽车,8.98 - 9.88,,202103,136.28125
142,长安CS15EV,0,长安汽车,8.98 - 9.88,,202104,136.28125
130,长安CS15EV,0,长安汽车,8.98 - 9.88,,202106,136.28125
162,长安CS15EV,0,长安汽车,8.98 - 9.88,,202106,136.28125
150,长安CS15EV,0,长安汽车,8.98 - 9.88,,202109,136.28125
183,长安CS15EV,0,长安汽车,8.98 - 9.88,,202112,136.28125
146,英仕派新能源,208,东风本田,22.98 - 25.88,,202307,131.3529412
150,英仕派新能源,275,东风本田,22.98 - 25.88,,202308,131.3529412
171,英仕派新能源,136,东风本田,22.98 - 25.88,,202309,131.3529412
166,英仕派新能源,183,东风本田,22.98 - 25.88,,202310,131.3529412
171,英仕派新能源,195,东风本田,22.98 - 25.88,,202311,131.3529412
185,英仕派新能源,187,东风本田,22.98 - 25.88,,202312,131.3529412
175,英仕派新能源,181,东风本田,22.98 - 25.88,,202401,131.3529412
200,英仕派新能源,52,东风本田,22.98 - 25.88,,202402,131.3529412
210,英仕派新能源,91,东风本田,22.98 - 25.88,,202403,131.3529412
201,英仕派新能源,104,东风本田,22.98 - 25.88,,202404,131.3529412
225,英仕派新能源,79,东风本田,22.98 - 25.88,,202405,131.3529412
224,英仕派新能源,116,东风本田,22.98 - 25.88,,202406,131.3529412
240,英仕派新能源,73,东风本田,22.98 - 25.88,,202407,131.3529412
243,英仕派新能源,81,东风本田,22.98 - 25.88,,202408,131.3529412
243,英仕派新能源,95,东风本田,22.98 - 25.88,,202409,131.3529412
237,英仕派新能源,103,东风本田,22.98 - 25.88,,202410,131.3529412
256,英仕派新能源,74,东风本田,22.98 - 25.88,,202411,131.3529412
141,合创A06,65,合创汽车,13.98 - 26.98,,202301,126.7619048
129,合创A06,158,合创汽车,13.98 - 26.98,,202302,126.7619048
177,合创A06,19,合创汽车,13.98 - 26.98,,202303,126.7619048
140,合创A06,144,合创汽车,13.98 - 26.98,,202304,126.7619048
132,合创A06,246,合创汽车,13.98 - 26.98,,202305,126.7619048
161,合创A06,77,合创汽车,13.98 - 26.98,,202306,126.7619048
155,合创A06,159,合创汽车,13.98 - 26.98,,202307,126.7619048
190,合创A06,22,合创汽车,13.98 - 26.98,,202308,126.7619048
201,合创A06,21,合创汽车,13.98 - 26.98,,202309,126.7619048
195,合创A06,38,合创汽车,13.98 - 26.98,,202310,126.7619048
204,合创A06,40,合创汽车,13.98 - 26.98,,202311,126.7619048
187,合创A06,173,合创汽车,13.98 - 26.98,,202312,126.7619048
149,合创A06,363,合创汽车,13.98 - 26.98,,202401,126.7619048
185,合创A06,82,合创汽车,13.98 - 26.98,,202402,126.7619048
196,合创A06,146,合创汽车,13.98 - 26.98,,202403,126.7619048
186,合创A06,168,合创汽车,13.98 - 26.98,,202404,126.7619048
231,合创A06,59,合创汽车,13.98 - 26.98,,202405,126.7619048
174,合创A06,352,合创汽车,13.98 - 26.98,,202406,126.7619048
227,合创A06,120,合创汽车,13.98 - 26.98,,202407,126.7619048
222,合创A06,160,合创汽车,13.98 - 26.98,,202408,126.7619048
260,合创A06,50,合创汽车,13.98 - 26.98,,202409,126.7619048
3,晨风,85,东风日产,24.28 - 26.18,,201409,126.6071429
3,晨风,90,东风日产,24.28 - 26.18,,201410,126.6071429
5,晨风,102,东风日产,24.28 - 26.18,,201411,126.6071429
6,晨风,221,东风日产,24.28 - 26.18,,201412,126.6071429
6,晨风,26,东风日产,24.28 - 26.18,,201501,126.6071429
6,晨风,7,东风日产,24.28 - 26.18,,201502,126.6071429
7,晨风,39,东风日产,24.28 - 26.18,,201503,126.6071429
8,晨风,35,东风日产,24.28 - 26.18,,201504,126.6071429
7,晨风,92,东风日产,24.28 - 26.18,,201505,126.6071429
7,晨风,108,东风日产,24.28 - 26.18,,201506,126.6071429
8,晨风,85,东风日产,24.28 - 26.18,,201507,126.6071429
8,晨风,117,东风日产,24.28 - 26.18,,201508,126.6071429
8,晨风,119,东风日产,24.28 - 26.18,,201509,126.6071429
8,晨风,83,东风日产,24.28 - 26.18,,201510,126.6071429
8,晨风,121,东风日产,24.28 - 26.18,,201511,126.6071429
10,晨风,295,东风日产,24.28 - 26.18,,201512,126.6071429
9,晨风,110,东风日产,24.28 - 26.18,,201601,126.6071429
6,晨风,60,东风日产,24.28 - 26.18,,201602,126.6071429
6,晨风,304,东风日产,24.28 - 26.18,,201603,126.6071429
7,晨风,304,东风日产,24.28 - 26.18,,201604,126.6071429
7,晨风,274,东风日产,24.28 - 26.18,,201605,126.6071429
7,晨风,295,东风日产,24.28 - 26.18,,201606,126.6071429
9,晨风,97,东风日产,24.28 - 26.18,,201607,126.6071429
16,晨风,23,东风日产,24.28 - 26.18,,201608,126.6071429
13,晨风,167,东风日产,24.28 - 26.18,,201611,126.6071429
16,晨风,282,东风日产,24.28 - 26.18,,201612,126.6071429
20,晨风,4,东风日产,24.28 - 26.18,,201706,126.6071429
66,晨风,0,东风日产,24.28 - 26.18,,201812,126.6071429
88,玛奇朵DHT-PHEV,304,长城汽车,17.88 - 18.98,,202202,126.2727273
103,玛奇朵DHT-PHEV,274,长城汽车,17.88 - 18.98,,202203,126.2727273
107,玛奇朵DHT-PHEV,171,长城汽车,17.88 - 18.98,,202204,126.2727273
119,玛奇朵DHT-PHEV,137,长城汽车,17.88 - 18.98,,202205,126.2727273
125,玛奇朵DHT-PHEV,161,长城汽车,17.88 - 18.98,,202206,126.2727273
140,玛奇朵DHT-PHEV,105,长城汽车,17.88 - 18.98,,202207,126.2727273
147,玛奇朵DHT-PHEV,105,长城汽车,17.88 - 18.98,,202208,126.2727273
168,玛奇朵DHT-PHEV,27,长城汽车,17.88 - 18.98,,202209,126.2727273
146,玛奇朵DHT-PHEV,55,长城汽车,17.88 - 18.98,,202210,126.2727273
160,玛奇朵DHT-PHEV,29,长城汽车,17.88 - 18.98,,202211,126.2727273
163,玛奇朵DHT-PHEV,21,长城汽车,17.88 - 18.98,,202212,126.2727273
60,沃尔沃XC40新能源,334,沃尔沃亚太,27.99 - 32.20,,202011,126.1875
81,沃尔沃XC40新能源,145,沃尔沃亚太,27.99 - 32.20,,202012,126.1875
69,沃尔沃XC40新能源,129,沃尔沃亚太,27.99 - 32.20,,202101,126.1875
67,沃尔沃XC40新能源,72,沃尔沃亚太,27.99 - 32.20,,202102,126.1875
99,沃尔沃XC40新能源,22,沃尔沃亚太,27.99 - 32.20,,202103,126.1875
104,沃尔沃XC40新能源,23,沃尔沃亚太,27.99 - 32.20,,202104,126.1875
83,沃尔沃XC40新能源,85,沃尔沃亚太,27.99 - 32.20,,202105,126.1875
118,沃尔沃XC40新能源,3,沃尔沃亚太,27.99 - 32.20,,202106,126.1875
85,沃尔沃XC40新能源,93,沃尔沃亚太,27.99 - 32.20,,202107,126.1875
93,沃尔沃XC40新能源,58,沃尔沃亚太,27.99 - 32.20,,202108,126.1875
126,沃尔沃XC40新能源,0,沃尔沃亚太,27.99 - 32.20,,202109,126.1875
72,沃尔沃XC40新能源,310,沃尔沃亚太,27.99 - 32.20,,202110,126.1875
112,沃尔沃XC40新能源,63,沃尔沃亚太,27.99 - 32.20,,202111,126.1875
102,沃尔沃XC40新能源,168,沃尔沃亚太,27.99 - 32.20,,202112,126.1875
120,沃尔沃XC40新能源,88,沃尔沃亚太,27.99 - 32.20,,202201,126.1875
131,沃尔沃XC40新能源,47,沃尔沃亚太,27.99 - 32.20,,202202,126.1875
113,沃尔沃XC40新能源,238,沃尔沃亚太,27.99 - 32.20,,202203,126.1875
115,沃尔沃XC40新能源,149,沃尔沃亚太,27.99 - 32.20,,202204,126.1875
121,沃尔沃XC40新能源,129,沃尔沃亚太,27.99 - 32.20,,202205,126.1875
137,沃尔沃XC40新能源,110,沃尔沃亚太,27.99 - 32.20,,202206,126.1875
120,沃尔沃XC40新能源,254,沃尔沃亚太,27.99 - 32.20,,202207,126.1875
130,沃尔沃XC40新能源,206,沃尔沃亚太,27.99 - 32.20,,202208,126.1875
163,沃尔沃XC40新能源,44,沃尔沃亚太,27.99 - 32.20,,202209,126.1875
157,沃尔沃XC40新能源,31,沃尔沃亚太,27.99 - 32.20,,202210,126.1875
147,沃尔沃XC40新能源,88,沃尔沃亚太,27.99 - 32.20,,202211,126.1875
112,沃尔沃XC40新能源,479,沃尔沃亚太,27.99 - 32.20,,202212,126.1875
60,沃尔沃XC40新能源,921,沃尔沃亚太,27.99 - 32.20,,202301,126.1875
143,沃尔沃XC40新能源,94,沃尔沃亚太,27.99 - 32.20,,202302,126.1875
132,沃尔沃XC40新能源,214,沃尔沃亚太,27.99 - 32.20,,202303,126.1875
134,沃尔沃XC40新能源,188,沃尔沃亚太,27.99 - 32.20,,202304,126.1875
146,沃尔沃XC40新能源,129,沃尔沃亚太,27.99 - 32.20,,202305,126.1875
151,沃尔沃XC40新能源,128,沃尔沃亚太,27.99 - 32.20,,202306,126.1875
161,沃尔沃XC40新能源,142,沃尔沃亚太,27.99 - 32.20,,202307,126.1875
176,沃尔沃XC40新能源,85,沃尔沃亚太,27.99 - 32.20,,202308,126.1875
165,沃尔沃XC40新能源,166,沃尔沃亚太,27.99 - 32.20,,202309,126.1875
180,沃尔沃XC40新能源,116,沃尔沃亚太,27.99 - 32.20,,202310,126.1875
190,沃尔沃XC40新能源,114,沃尔沃亚太,27.99 - 32.20,,202311,126.1875
191,沃尔沃XC40新能源,127,沃尔沃亚太,27.99 - 32.20,,202312,126.1875
203,沃尔沃XC40新能源,63,沃尔沃亚太,27.99 - 32.20,,202401,126.1875
209,沃尔沃XC40新能源,27,沃尔沃亚太,27.99 - 32.20,,202402,126.1875
223,沃尔沃XC40新能源,37,沃尔沃亚太,27.99 - 32.20,,202403,126.1875
227,沃尔沃XC40新能源,38,沃尔沃亚太,27.99 - 32.20,,202404,126.1875
235,沃尔沃XC40新能源,43,沃尔沃亚太,27.99 - 32.20,,202405,126.1875
247,沃尔沃XC40新能源,38,沃尔沃亚太,27.99 - 32.20,,202406,126.1875
263,沃尔沃XC40新能源,9,沃尔沃亚太,27.99 - 32.20,,202407,126.1875
269,沃尔沃XC40新能源,2,沃尔沃亚太,27.99 - 32.20,,202408,126.1875
282,沃尔沃XC40新能源,7,沃尔沃亚太,27.99 - 32.20,,202409,126.1875
291,沃尔沃XC40新能源,1,沃尔沃亚太,27.99 - 32.20,,202411,126.1875
222,灵悉L,168,东风本田,12.98 - 12.98,,202409,126
226,灵悉L,178,东风本田,12.98 - 12.98,,202410,126
266,灵悉L,32,东风本田,12.98 - 12.98,,202411,126
22,开瑞K60EV,477,开瑞汽车,19.88 - 20.88,,201807,124.5
26,开瑞K60EV,427,开瑞汽车,19.88 - 20.88,,201808,124.5
29,开瑞K60EV,502,开瑞汽车,19.88 - 20.88,,201809,124.5
37,开瑞K60EV,252,开瑞汽车,19.88 - 20.88,,201810,124.5
33,开瑞K60EV,899,开瑞汽车,19.88 - 20.88,,201811,124.5
30,开瑞K60EV,1225,开瑞汽车,19.88 - 20.88,,201812,124.5
53,开瑞K60EV,12,开瑞汽车,19.88 - 20.88,,201901,124.5
51,开瑞K60EV,4,开瑞汽车,19.88 - 20.88,,201902,124.5
62,开瑞K60EV,9,开瑞汽车,19.88 - 20.88,,201906,124.5
57,开瑞K60EV,2,开瑞汽车,19.88 - 20.88,,201907,124.5
69,开瑞K60EV,0,开瑞汽车,19.88 - 20.88,,201908,124.5
87,开瑞K60EV,0,开瑞汽车,19.88 - 20.88,,201909,124.5
95,开瑞K60EV,0,开瑞汽车,19.88 - 20.88,,201910,124.5
78,开瑞K60EV,1,开瑞汽车,19.88 - 20.88,,201911,124.5
77,开瑞K60EV,40,开瑞汽车,19.88 - 20.88,,201912,124.5
64,开瑞K60EV,28,开瑞汽车,19.88 - 20.88,,202001,124.5
72,开瑞K60EV,0,开瑞汽车,19.88 - 20.88,,202002,124.5
80,开瑞K60EV,13,开瑞汽车,19.88 - 20.88,,202004,124.5
81,开瑞K60EV,27,开瑞汽车,19.88 - 20.88,,202005,124.5
103,开瑞K60EV,0,开瑞汽车,19.88 - 20.88,,202006,124.5
87,开瑞K60EV,18,开瑞汽车,19.88 - 20.88,,202007,124.5
77,开瑞K60EV,62,开瑞汽车,19.88 - 20.88,,202009,124.5
66,开瑞K60EV,169,开瑞汽车,19.88 - 20.88,,202010,124.5
149,开瑞K60EV,0,开瑞汽车,19.88 - 20.88,,202011,124.5
111,开瑞K60EV,17,开瑞汽车,19.88 - 20.88,,202012,124.5
74,开瑞K60EV,84,开瑞汽车,19.88 - 20.88,,202101,124.5
73,开瑞K60EV,48,开瑞汽车,19.88 - 20.88,,202102,124.5
136,开瑞K60EV,0,开瑞汽车,19.88 - 20.88,,202103,124.5
78,开瑞K60EV,120,开瑞汽车,19.88 - 20.88,,202104,124.5
108,开瑞K60EV,18,开瑞汽车,19.88 - 20.88,,202105,124.5
113,开瑞K60EV,5,开瑞汽车,19.88 - 20.88,,202106,124.5
119,开瑞K60EV,1,开瑞汽车,19.88 - 20.88,,202107,124.5
120,开瑞K60EV,2,开瑞汽车,19.88 - 20.88,,202108,124.5
145,开瑞K60EV,0,开瑞汽车,19.88 - 20.88,,202109,124.5
132,开瑞K60EV,20,开瑞汽车,19.88 - 20.88,,202111,124.5
174,开瑞K60EV,0,开瑞汽车,19.88 - 20.88,,202112,124.5
138,华晨新日i03A,33,华晨新日,8.58 - 12.50,,202201,124.4545455
117,华晨新日i03A,101,华晨新日,8.58 - 12.50,,202202,124.4545455
126,华晨新日i03A,116,华晨新日,8.58 - 12.50,,202203,124.4545455
118,华晨新日i03A,120,华晨新日,8.58 - 12.50,,202204,124.4545455
116,华晨新日i03A,160,华晨新日,8.58 - 12.50,,202205,124.4545455
135,华晨新日i03A,112,华晨新日,8.58 - 12.50,,202206,124.4545455
136,华晨新日i03A,120,华晨新日,8.58 - 12.50,,202207,124.4545455
143,华晨新日i03A,127,华晨新日,8.58 - 12.50,,202208,124.4545455
147,华晨新日i03A,144,华晨新日,8.58 - 12.50,,202209,124.4545455
135,华晨新日i03A,152,华晨新日,8.58 - 12.50,,202210,124.4545455
131,华晨新日i03A,184,华晨新日,8.58 - 12.50,,202211,124.4545455
25,索纳塔插电混动,449,北京现代,22.28 - 25.68,,201808,124.3666667
42,索纳塔插电混动,145,北京现代,22.28 - 25.68,,201809,124.3666667
42,索纳塔插电混动,91,北京现代,22.28 - 25.68,,201810,124.3666667
52,索纳塔插电混动,67,北京现代,22.28 - 25.68,,201811,124.3666667
50,索纳塔插电混动,179,北京现代,22.28 - 25.68,,201812,124.3666667
50,索纳塔插电混动,34,北京现代,22.28 - 25.68,,201901,124.3666667
46,索纳塔插电混动,35,北京现代,22.28 - 25.68,,201902,124.3666667
50,索纳塔插电混动,87,北京现代,22.28 - 25.68,,201903,124.3666667
48,索纳塔插电混动,132,北京现代,22.28 - 25.68,,201904,124.3666667
50,索纳塔插电混动,118,北京现代,22.28 - 25.68,,201905,124.3666667
47,索纳塔插电混动,140,北京现代,22.28 - 25.68,,201906,124.3666667
51,索纳塔插电混动,12,北京现代,22.28 - 25.68,,201907,124.3666667
55,索纳塔插电混动,33,北京现代,22.28 - 25.68,,201908,124.3666667
60,索纳塔插电混动,27,北京现代,22.28 - 25.68,,201909,124.3666667
52,索纳塔插电混动,88,北京现代,22.28 - 25.68,,201910,124.3666667
55,索纳塔插电混动,115,北京现代,22.28 - 25.68,,201911,124.3666667
51,索纳塔插电混动,244,北京现代,22.28 - 25.68,,201912,124.3666667
30,索纳塔插电混动,244,北京现代,22.28 - 25.68,,202001,124.3666667
114,索纳塔插电混动,0,北京现代,22.28 - 25.68,,202002,124.3666667
59,索纳塔插电混动,19,北京现代,22.28 - 25.68,,202003,124.3666667
48,索纳塔插电混动,99,北京现代,22.28 - 25.68,,202004,124.3666667
100,索纳塔插电混动,2,北京现代,22.28 - 25.68,,202005,124.3666667
90,索纳塔插电混动,6,北京现代,22.28 - 25.68,,202006,124.3666667
64,索纳塔插电混动,126,北京现代,22.28 - 25.68,,202007,124.3666667
51,索纳塔插电混动,271,北京现代,22.28 - 25.68,,202008,124.3666667
66,索纳塔插电混动,116,北京现代,22.28 - 25.68,,202009,124.3666667
56,索纳塔插电混动,315,北京现代,22.28 - 25.68,,202010,124.3666667
54,索纳塔插电混动,436,北京现代,22.28 - 25.68,,202011,124.3666667
89,索纳塔插电混动,101,北京现代,22.28 - 25.68,,202012,124.3666667
130,索纳塔插电混动,0,北京现代,22.28 - 25.68,,202101,124.3666667
97,北京X7 PHEV,42,北京汽车,18.49 - 21.69,,202011,122.8666667
108,北京X7 PHEV,25,北京汽车,18.49 - 21.69,,202012,122.8666667
97,北京X7 PHEV,14,北京汽车,18.49 - 21.69,,202101,122.8666667
98,北京X7 PHEV,4,北京汽车,18.49 - 21.69,,202102,122.8666667
107,北京X7 PHEV,4,北京汽车,18.49 - 21.69,,202103,122.8666667
114,北京X7 PHEV,2,北京汽车,18.49 - 21.69,,202104,122.8666667
116,北京X7 PHEV,1,北京汽车,18.49 - 21.69,,202105,122.8666667
136,北京X7 PHEV,0,北京汽车,18.49 - 21.69,,202106,122.8666667
115,北京X7 PHEV,2,北京汽车,18.49 - 21.69,,202107,122.8666667
111,北京X7 PHEV,8,北京汽车,18.49 - 21.69,,202108,122.8666667
123,北京X7 PHEV,1,北京汽车,18.49 - 21.69,,202109,122.8666667
66,北京X7 PHEV,395,北京汽车,18.49 - 21.69,,202110,122.8666667
64,北京X7 PHEV,768,北京汽车,18.49 - 21.69,,202111,122.8666667
146,北京X7 PHEV,1,北京汽车,18.49 - 21.69,,202112,122.8666667
131,北京X7 PHEV,576,北京汽车,18.49 - 21.69,,202404,122.8666667
23,魏牌 P8,503,长城汽车,0.00 - 0.00,,201805,122.1515152
17,魏牌 P8,570,长城汽车,0.00 - 0.00,,201806,122.1515152
21,魏牌 P8,540,长城汽车,0.00 - 0.00,,201807,122.1515152
22,魏牌 P8,512,长城汽车,0.00 - 0.00,,201808,122.1515152
32,魏牌 P8,415,长城汽车,0.00 - 0.00,,201809,122.1515152
33,魏牌 P8,311,长城汽车,0.00 - 0.00,,201810,122.1515152
46,魏牌 P8,221,长城汽车,0.00 - 0.00,,201811,122.1515152
46,魏牌 P8,315,长城汽车,0.00 - 0.00,,201812,122.1515152
35,魏牌 P8,220,长城汽车,0.00 - 0.00,,201901,122.1515152
41,魏牌 P8,106,长城汽车,0.00 - 0.00,,201902,122.1515152
48,魏牌 P8,110,长城汽车,0.00 - 0.00,,201903,122.1515152
47,魏牌 P8,137,长城汽车,0.00 - 0.00,,201904,122.1515152
59,魏牌 P8,24,长城汽车,0.00 - 0.00,,201905,122.1515152
55,魏牌 P8,47,长城汽车,0.00 - 0.00,,201906,122.1515152
70,魏牌 P8,0,长城汽车,0.00 - 0.00,,201907,122.1515152
85,魏牌 P8,0,长城汽车,0.00 - 0.00,,201908,122.1515152
81,魏牌 P8,0,长城汽车,0.00 - 0.00,,201909,122.1515152
88,魏牌 P8,0,长城汽车,0.00 - 0.00,,201910,122.1515152
90,魏牌 P8,0,长城汽车,0.00 - 0.00,,201911,122.1515152
103,魏牌 P8,0,长城汽车,0.00 - 0.00,,201911,122.1515152
122,魏牌 P8,0,长城汽车,0.00 - 0.00,,201912,122.1515152
107,魏牌 P8,0,长城汽车,0.00 - 0.00,,202001,122.1515152
98,魏牌 P8,0,长城汽车,0.00 - 0.00,,202002,122.1515152
86,魏牌 P8,0,长城汽车,0.00 - 0.00,,202003,122.1515152
123,魏牌 P8,0,长城汽车,0.00 - 0.00,,202003,122.1515152
123,魏牌 P8,0,长城汽车,0.00 - 0.00,,202004,122.1515152
139,魏牌 P8,0,长城汽车,0.00 - 0.00,,202005,122.1515152
123,魏牌 P8,0,长城汽车,0.00 - 0.00,,202006,122.1515152
135,魏牌 P8,0,长城汽车,0.00 - 0.00,,202007,122.1515152
109,魏牌 P8,0,长城汽车,0.00 - 0.00,,202008,122.1515152
125,魏牌 P8,0,长城汽车,0.00 - 0.00,,202009,122.1515152
126,魏牌 P8,0,长城汽车,0.00 - 0.00,,202010,122.1515152
129,魏牌 P8,0,长城汽车,0.00 - 0.00,,202011,122.1515152
142,魏牌 P8,0,长城汽车,0.00 - 0.00,,202012,122.1515152
137,魏牌 P8,0,长城汽车,0.00 - 0.00,,202101,122.1515152
17,江铃E160,257,江铃集团新能源,0.00 - 0.00,,201707,120.3714286
21,江铃E160,187,江铃集团新能源,0.00 - 0.00,,201708,120.3714286
26,江铃E160,140,江铃集团新能源,0.00 - 0.00,,201709,120.3714286
9,江铃E160,1799,江铃集团新能源,0.00 - 0.00,,201710,120.3714286
23,江铃E160,267,江铃集团新能源,0.00 - 0.00,,201711,120.3714286
24,江铃E160,202,江铃集团新能源,0.00 - 0.00,,201712,120.3714286
17,江铃E160,219,江铃集团新能源,0.00 - 0.00,,201801,120.3714286
17,江铃E160,201,江铃集团新能源,0.00 - 0.00,,201802,120.3714286
32,江铃E160,1,江铃集团新能源,0.00 - 0.00,,201803,120.3714286
35,江铃E160,5,江铃集团新能源,0.00 - 0.00,,201804,120.3714286
22,江铃E160,334,江铃集团新能源,0.00 - 0.00,,201806,120.3714286
48,江铃E160,15,江铃集团新能源,0.00 - 0.00,,201809,120.3714286
47,江铃E160,28,江铃集团新能源,0.00 - 0.00,,201810,120.3714286
49,江铃E160,168,江铃集团新能源,0.00 - 0.00,,201811,120.3714286
44,江铃E160,387,江铃集团新能源,0.00 - 0.00,,201812,120.3714286
58,江铃E160,2,江铃集团新能源,0.00 - 0.00,,201901,120.3714286
62,江铃E160,1,江铃集团新能源,0.00 - 0.00,,201904,120.3714286
69,江铃E160,0,江铃集团新能源,0.00 - 0.00,,201907,120.3714286
84,江铃E160,0,江铃集团新能源,0.00 - 0.00,,201908,120.3714286
80,江铃E160,0,江铃集团新能源,0.00 - 0.00,,201909,120.3714286
87,江铃E160,0,江铃集团新能源,0.00 - 0.00,,201910,120.3714286
89,江铃E160,0,江铃集团新能源,0.00 - 0.00,,201911,120.3714286
102,江铃E160,0,江铃集团新能源,0.00 - 0.00,,201911,120.3714286
109,江铃E160,0,江铃集团新能源,0.00 - 0.00,,201912,120.3714286
97,江铃E160,0,江铃集团新能源,0.00 - 0.00,,202001,120.3714286
84,江铃E160,0,江铃集团新能源,0.00 - 0.00,,202002,120.3714286
105,江铃E160,0,江铃集团新能源,0.00 - 0.00,,202003,120.3714286
105,江铃E160,0,江铃集团新能源,0.00 - 0.00,,202004,120.3714286
124,江铃E160,0,江铃集团新能源,0.00 - 0.00,,202005,120.3714286
111,江铃E160,0,江铃集团新能源,0.00 - 0.00,,202006,120.3714286
125,江铃E160,0,江铃集团新能源,0.00 - 0.00,,202007,120.3714286
116,江铃E160,0,江铃集团新能源,0.00 - 0.00,,202009,120.3714286
117,江铃E160,0,江铃集团新能源,0.00 - 0.00,,202010,120.3714286
117,江铃E160,0,江铃集团新能源,0.00 - 0.00,,202011,120.3714286
131,江铃E160,0,江铃集团新能源,0.00 - 0.00,,202012,120.3714286
134,江铃E160,0,江铃集团新能源,0.00 - 0.00,,202101,120.3714286
34,长安CS75新能源,315,长安汽车,17.68 - 20.78,,201809,119.5789474
31,长安CS75新能源,413,长安汽车,17.68 - 20.78,,201810,119.5789474
43,长安CS75新能源,445,长安汽车,17.68 - 20.78,,201811,119.5789474
41,长安CS75新能源,487,长安汽车,17.68 - 20.78,,201812,119.5789474
30,长安CS75新能源,356,长安汽车,17.68 - 20.78,,201901,119.5789474
42,长安CS75新能源,80,长安汽车,17.68 - 20.78,,201902,119.5789474
79,长安CS75新能源,0,长安汽车,17.68 - 20.78,,201907,119.5789474
71,长安CS75新能源,0,长安汽车,17.68 - 20.78,,201908,119.5789474
90,长安CS75新能源,0,长安汽车,17.68 - 20.78,,201909,119.5789474
72,长安CS75新能源,0,长安汽车,17.68 - 20.78,,201910,119.5789474
98,长安CS75新能源,0,长安汽车,17.68 - 20.78,,201911,119.5789474
99,长安CS75新能源,0,长安汽车,17.68 - 20.78,,201912,119.5789474
85,长安CS75新能源,0,长安汽车,17.68 - 20.78,,202001,119.5789474
68,长安CS75新能源,0,长安汽车,17.68 - 20.78,,202002,119.5789474
115,长安CS75新能源,0,长安汽车,17.68 - 20.78,,202004,119.5789474
148,长安CS75新能源,0,长安汽车,17.68 - 20.78,,202005,119.5789474
124,长安CS75新能源,0,长安汽车,17.68 - 20.78,,202006,119.5789474
135,长安CS75新能源,0,长安汽车,17.68 - 20.78,,202008,119.5789474
159,长安CS75新能源,0,长安汽车,17.68 - 20.78,,202008,119.5789474
100,长安CS75新能源,176,长安汽车,17.68 - 20.78,,202112,119.5789474
18,云度π3,405,云度新能源,11.98 - 14.48,,201806,119.0222222
34,云度π3,213,云度新能源,11.98 - 14.48,,201807,119.0222222
38,云度π3,257,云度新能源,11.98 - 14.48,,201808,119.0222222
39,云度π3,220,云度新能源,11.98 - 14.48,,201809,119.0222222
41,云度π3,112,云度新能源,11.98 - 14.48,,201810,119.0222222
50,云度π3,157,云度新能源,11.98 - 14.48,,201811,119.0222222
48,云度π3,232,云度新能源,11.98 - 14.48,,201812,119.0222222
48,云度π3,52,云度新能源,11.98 - 14.48,,201901,119.0222222
45,云度π3,37,云度新能源,11.98 - 14.48,,201902,119.0222222
53,云度π3,44,云度新能源,11.98 - 14.48,,201903,119.0222222
54,云度π3,55,云度新能源,11.98 - 14.48,,201904,119.0222222
55,云度π3,65,云度新能源,11.98 - 14.48,,201905,119.0222222
54,云度π3,50,云度新能源,11.98 - 14.48,,201906,119.0222222
42,云度π3,45,云度新能源,11.98 - 14.48,,201907,119.0222222
56,云度π3,28,云度新能源,11.98 - 14.48,,201908,119.0222222
52,云度π3,90,云度新能源,11.98 - 14.48,,201909,119.0222222
50,云度π3,90,云度新能源,11.98 - 14.48,,201910,119.0222222
60,云度π3,60,云度新能源,11.98 - 14.48,,201911,119.0222222
71,云度π3,58,云度新能源,11.98 - 14.48,,201912,119.0222222
67,云度π3,22,云度新能源,11.98 - 14.48,,202001,119.0222222
33,云度π3,21,云度新能源,11.98 - 14.48,,202002,119.0222222
77,云度π3,6,云度新能源,11.98 - 14.48,,202003,119.0222222
85,云度π3,9,云度新能源,11.98 - 14.48,,202004,119.0222222
91,云度π3,15,云度新能源,11.98 - 14.48,,202005,119.0222222
80,云度π3,30,云度新能源,11.98 - 14.48,,202006,119.0222222
76,云度π3,60,云度新能源,11.98 - 14.48,,202007,119.0222222
65,云度π3,145,云度新能源,11.98 - 14.48,,202008,119.0222222
57,云度π3,207,云度新能源,11.98 - 14.48,,202009,119.0222222
59,云度π3,236,云度新能源,11.98 - 14.48,,202010,119.0222222
64,云度π3,272,云度新能源,11.98 - 14.48,,202011,119.0222222
68,云度π3,295,云度新能源,11.98 - 14.48,,202012,119.0222222
66,云度π3,156,云度新能源,11.98 - 14.48,,202101,119.0222222
61,云度π3,89,云度新能源,11.98 - 14.48,,202102,119.0222222
68,云度π3,170,云度新能源,11.98 - 14.48,,202103,119.0222222
65,云度π3,209,云度新能源,11.98 - 14.48,,202104,119.0222222
68,云度π3,211,云度新能源,11.98 - 14.48,,202105,119.0222222
75,云度π3,186,云度新能源,11.98 - 14.48,,202106,119.0222222
82,云度π3,109,云度新能源,11.98 - 14.48,,202107,119.0222222
83,云度π3,107,云度新能源,11.98 - 14.48,,202108,119.0222222
89,云度π3,110,云度新能源,11.98 - 14.48,,202109,119.0222222
96,云度π3,97,云度新能源,11.98 - 14.48,,202110,119.0222222
109,云度π3,91,云度新能源,11.98 - 14.48,,202111,119.0222222
112,云度π3,78,云度新能源,11.98 - 14.48,,202112,119.0222222
122,云度π3,79,云度新能源,11.98 - 14.48,,202201,119.0222222
123,云度π3,76,云度新能源,11.98 - 14.48,,202202,119.0222222
52,国机智骏GC1,465,国机智骏,7.38 - 8.38,,202011,117.95
64,国机智骏GC1,324,国机智骏,7.38 - 8.38,,202012,117.95
54,国机智骏GC1,324,国机智骏,7.38 - 8.38,,202101,117.95
58,国机智骏GC1,102,国机智骏,7.38 - 8.38,,202102,117.95
65,国机智骏GC1,178,国机智骏,7.38 - 8.38,,202103,117.95
68,国机智骏GC1,176,国机智骏,7.38 - 8.38,,202104,117.95
67,国机智骏GC1,219,国机智骏,7.38 - 8.38,,202105,117.95
89,国机智骏GC1,72,国机智骏,7.38 - 8.38,,202106,117.95
80,国机智骏GC1,125,国机智骏,7.38 - 8.38,,202107,117.95
85,国机智骏GC1,95,国机智骏,7.38 - 8.38,,202108,117.95
94,国机智骏GC1,90,国机智骏,7.38 - 8.38,,202109,117.95
102,国机智骏GC1,75,国机智骏,7.38 - 8.38,,202110,117.95
116,国机智骏GC1,50,国机智骏,7.38 - 8.38,,202111,117.95
137,国机智骏GC1,14,国机智骏,7.38 - 8.38,,202112,117.95
152,国机智骏GC1,12,国机智骏,7.38 - 8.38,,202201,117.95
146,国机智骏GC1,10,国机智骏,7.38 - 8.38,,202202,117.95
152,国机智骏GC1,6,国机智骏,7.38 - 8.38,,202203,117.95
152,国机智骏GC1,5,国机智骏,7.38 - 8.38,,202204,117.95
161,国机智骏GC1,3,国机智骏,7.38 - 8.38,,202205,117.95
160,国机智骏GC1,14,国机智骏,7.38 - 8.38,,202206,117.95
55,雷诺 e诺,60,东风雷诺,0.00 - 0.00,,201909,115.4285714
29,雷诺 e诺,323,东风雷诺,0.00 - 0.00,,201910,115.4285714
16,雷诺 e诺,1382,东风雷诺,0.00 - 0.00,,201911,115.4285714
22,雷诺 e诺,1249,东风雷诺,0.00 - 0.00,,201912,115.4285714
45,雷诺 e诺,90,东风雷诺,0.00 - 0.00,,202001,115.4285714
90,雷诺 e诺,0,东风雷诺,0.00 - 0.00,,202002,115.4285714
112,雷诺 e诺,0,东风雷诺,0.00 - 0.00,,202003,115.4285714
120,雷诺 e诺,0,东风雷诺,0.00 - 0.00,,202004,115.4285714
144,雷诺 e诺,0,东风雷诺,0.00 - 0.00,,202005,115.4285714
129,雷诺 e诺,0,东风雷诺,0.00 - 0.00,,202006,115.4285714
99,雷诺 e诺,7,东风雷诺,0.00 - 0.00,,202007,115.4285714
118,雷诺 e诺,0,东风雷诺,0.00 - 0.00,,202008,115.4285714
95,雷诺 e诺,18,东风雷诺,0.00 - 0.00,,202009,115.4285714
131,雷诺 e诺,0,东风雷诺,0.00 - 0.00,,202010,115.4285714
104,雷诺 e诺,20,东风雷诺,0.00 - 0.00,,202011,115.4285714
150,雷诺 e诺,0,东风雷诺,0.00 - 0.00,,202012,115.4285714
95,雷诺 e诺,15,东风雷诺,0.00 - 0.00,,202101,115.4285714
75,雷诺 e诺,41,东风雷诺,0.00 - 0.00,,202102,115.4285714
112,雷诺 e诺,1,东风雷诺,0.00 - 0.00,,202103,115.4285714
148,雷诺 e诺,0,东风雷诺,0.00 - 0.00,,202104,115.4285714
125,雷诺 e诺,0,东风雷诺,0.00 - 0.00,,202105,115.4285714
133,雷诺 e诺,0,东风雷诺,0.00 - 0.00,,202106,115.4285714
159,雷诺 e诺,0,东风雷诺,0.00 - 0.00,,202107,115.4285714
102,雷诺 e诺,20,东风雷诺,0.00 - 0.00,,202108,115.4285714
168,雷诺 e诺,0,东风雷诺,0.00 - 0.00,,202109,115.4285714
142,雷诺 e诺,0,东风雷诺,0.00 - 0.00,,202110,115.4285714
164,雷诺 e诺,0,东风雷诺,0.00 - 0.00,,202110,115.4285714
136,雷诺 e诺,6,东风雷诺,0.00 - 0.00,,202111,115.4285714
203,雷诺 e诺,0,东风雷诺,0.00 - 0.00,,202112,115.4285714
23,长城C30新能源,182,长城汽车,0.00 - 0.00,,201803,115.3333333
25,长城C30新能源,269,长城汽车,0.00 - 0.00,,201804,115.3333333
28,长城C30新能源,324,长城汽车,0.00 - 0.00,,201805,115.3333333
21,长城C30新能源,336,长城汽车,0.00 - 0.00,,201806,115.3333333
30,长城C30新能源,342,长城汽车,0.00 - 0.00,,201807,115.3333333
35,长城C30新能源,277,长城汽车,0.00 - 0.00,,201808,115.3333333
93,长城C30新能源,0,长城汽车,0.00 - 0.00,,201912,115.3333333
126,长城C30新能源,0,长城汽车,0.00 - 0.00,,202001,115.3333333
122,长城C30新能源,0,长城汽车,0.00 - 0.00,,202002,115.3333333
140,长城C30新能源,0,长城汽车,0.00 - 0.00,,202003,115.3333333
106,长城C30新能源,0,长城汽车,0.00 - 0.00,,202004,115.3333333
140,长城C30新能源,0,长城汽车,0.00 - 0.00,,202005,115.3333333
115,长城C30新能源,0,长城汽车,0.00 - 0.00,,202006,115.3333333
147,长城C30新能源,0,长城汽车,0.00 - 0.00,,202007,115.3333333
128,长城C30新能源,0,长城汽车,0.00 - 0.00,,202008,115.3333333
153,长城C30新能源,0,长城汽车,0.00 - 0.00,,202008,115.3333333
134,启辰T60EV,251,东风日产,16.38 - 18.98,,202209,113.6666667
149,启辰T60EV,50,东风日产,16.38 - 18.98,,202210,113.6666667
174,启辰T60EV,5,东风日产,16.38 - 18.98,,202211,113.6666667
138,启辰T60EV,222,东风日产,16.38 - 18.98,,202212,113.6666667
177,启辰T60EV,2,东风日产,16.38 - 18.98,,202301,113.6666667
101,启辰T60EV,411,东风日产,16.38 - 18.98,,202302,113.6666667
104,启辰T60EV,481,东风日产,16.38 - 18.98,,202303,113.6666667
180,启辰T60EV,17,东风日产,16.38 - 18.98,,202304,113.6666667
171,启辰T60EV,23,东风日产,16.38 - 18.98,,202305,113.6666667
187,启辰T60EV,7,东风日产,16.38 - 18.98,,202306,113.6666667
195,启辰T60EV,9,东风日产,16.38 - 18.98,,202307,113.6666667
214,启辰T60EV,3,东风日产,16.38 - 18.98,,202309,113.6666667
199,启辰T60EV,50,东风日产,16.38 - 18.98,,202311,113.6666667
188,启辰T60EV,173,东风日产,16.38 - 18.98,,202312,113.6666667
268,启辰T60EV,1,东风日产,16.38 - 18.98,,202406,113.6666667
85,威兰达新能源,501,广汽丰田,26.68 - 30.18,,202201,110.8
100,威兰达新能源,238,广汽丰田,26.68 - 30.18,,202202,110.8
84,威兰达新能源,546,广汽丰田,26.68 - 30.18,,202203,110.8
92,威兰达新能源,308,广汽丰田,26.68 - 30.18,,202204,110.8
95,威兰达新能源,477,广汽丰田,26.68 - 30.18,,202205,110.8
121,威兰达新能源,232,广汽丰田,26.68 - 30.18,,202206,110.8
117,威兰达新能源,342,广汽丰田,26.68 - 30.18,,202207,110.8
144,威兰达新能源,120,广汽丰田,26.68 - 30.18,,202208,110.8
160,威兰达新能源,57,广汽丰田,26.68 - 30.18,,202209,110.8
151,威兰达新能源,45,广汽丰田,26.68 - 30.18,,202210,110.8
155,威兰达新能源,48,广汽丰田,26.68 - 30.18,,202211,110.8
154,威兰达新能源,53,广汽丰田,26.68 - 30.18,,202212,110.8
136,威兰达新能源,69,广汽丰田,26.68 - 30.18,,202301,110.8
154,威兰达新能源,49,广汽丰田,26.68 - 30.18,,202302,110.8
162,威兰达新能源,54,广汽丰田,26.68 - 30.18,,202303,110.8
168,威兰达新能源,48,广汽丰田,26.68 - 30.18,,202304,110.8
158,威兰达新能源,65,广汽丰田,26.68 - 30.18,,202305,110.8
181,威兰达新能源,18,广汽丰田,26.68 - 30.18,,202306,110.8
185,威兰达新能源,29,广汽丰田,26.68 - 30.18,,202307,110.8
196,威兰达新能源,10,广汽丰田,26.68 - 30.18,,202308,110.8
198,威兰达新能源,27,广汽丰田,26.68 - 30.18,,202309,110.8
205,威兰达新能源,6,广汽丰田,26.68 - 30.18,,202310,110.8
207,威兰达新能源,18,广汽丰田,26.68 - 30.18,,202311,110.8
219,威兰达新能源,8,广汽丰田,26.68 - 30.18,,202312,110.8
217,威兰达新能源,11,广汽丰田,26.68 - 30.18,,202401,110.8
225,威兰达新能源,9,广汽丰田,26.68 - 30.18,,202402,110.8
229,威兰达新能源,15,广汽丰田,26.68 - 30.18,,202403,110.8
221,威兰达新能源,66,广汽丰田,26.68 - 30.18,,202404,110.8
243,威兰达新能源,26,广汽丰田,26.68 - 30.18,,202405,110.8
254,威兰达新能源,10,广汽丰田,26.68 - 30.18,,202406,110.8
266,威兰达新能源,7,广汽丰田,26.68 - 30.18,,202407,110.8
230,威兰达新能源,110,广汽丰田,26.68 - 30.18,,202408,110.8
227,威兰达新能源,152,广汽丰田,26.68 - 30.18,,202409,110.8
247,威兰达新能源,76,广汽丰田,26.68 - 30.18,,202410,110.8
271,威兰达新能源,28,广汽丰田,26.68 - 30.18,,202411,110.8
228,沃尔沃EM90,107,沃尔沃亚太,81.80 - 81.80,,202406,110.2
223,沃尔沃EM90,136,沃尔沃亚太,81.80 - 81.80,,202407,110.2
242,沃尔沃EM90,85,沃尔沃亚太,81.80 - 81.80,,202408,110.2
249,沃尔沃EM90,79,沃尔沃亚太,81.80 - 81.80,,202409,110.2
251,沃尔沃EM90,79,沃尔沃亚太,81.80 - 81.80,,202409,110.2
253,沃尔沃EM90,65,沃尔沃亚太,81.80 - 81.80,,202410,110.2
83,RAV4荣放双擎E+,518,一汽丰田,24.88 - 29.78,,202201,108.75
73,RAV4荣放双擎E+,527,一汽丰田,24.88 - 29.78,,202202,108.75
130,RAV4荣放双擎E+,94,一汽丰田,24.88 - 29.78,,202203,108.75
135,RAV4荣放双擎E+,26,一汽丰田,24.88 - 29.78,,202204,108.75
134,RAV4荣放双擎E+,79,一汽丰田,24.88 - 29.78,,202205,108.75
102,RAV4荣放双擎E+,488,一汽丰田,24.88 - 29.78,,202206,108.75
110,RAV4荣放双擎E+,428,一汽丰田,24.88 - 29.78,,202207,108.75
132,RAV4荣放双擎E+,190,一汽丰田,24.88 - 29.78,,202208,108.75
152,RAV4荣放双擎E+,93,一汽丰田,24.88 - 29.78,,202209,108.75
140,RAV4荣放双擎E+,116,一汽丰田,24.88 - 29.78,,202210,108.75
132,RAV4荣放双擎E+,174,一汽丰田,24.88 - 29.78,,202211,108.75
147,RAV4荣放双擎E+,110,一汽丰田,24.88 - 29.78,,202212,108.75
133,RAV4荣放双擎E+,78,一汽丰田,24.88 - 29.78,,202301,108.75
149,RAV4荣放双擎E+,68,一汽丰田,24.88 - 29.78,,202302,108.75
161,RAV4荣放双擎E+,59,一汽丰田,24.88 - 29.78,,202303,108.75
166,RAV4荣放双擎E+,60,一汽丰田,24.88 - 29.78,,202304,108.75
162,RAV4荣放双擎E+,54,一汽丰田,24.88 - 29.78,,202305,108.75
168,RAV4荣放双擎E+,57,一汽丰田,24.88 - 29.78,,202306,108.75
176,RAV4荣放双擎E+,52,一汽丰田,24.88 - 29.78,,202307,108.75
199,RAV4荣放双擎E+,5,一汽丰田,24.88 - 29.78,,202308,108.75
192,RAV4荣放双擎E+,37,一汽丰田,24.88 - 29.78,,202309,108.75
196,RAV4荣放双擎E+,37,一汽丰田,24.88 - 29.78,,202310,108.75
206,RAV4荣放双擎E+,23,一汽丰田,24.88 - 29.78,,202311,108.75
208,RAV4荣放双擎E+,37,一汽丰田,24.88 - 29.78,,202312,108.75
216,RAV4荣放双擎E+,12,一汽丰田,24.88 - 29.78,,202401,108.75
230,RAV4荣放双擎E+,2,一汽丰田,24.88 - 29.78,,202402,108.75
220,RAV4荣放双擎E+,43,一汽丰田,24.88 - 29.78,,202403,108.75
242,RAV4荣放双擎E+,5,一汽丰田,24.88 - 29.78,,202404,108.75
258,RAV4荣放双擎E+,3,一汽丰田,24.88 - 29.78,,202405,108.75
274,RAV4荣放双擎E+,1,一汽丰田,24.88 - 29.78,,202408,108.75
286,RAV4荣放双擎E+,1,一汽丰田,24.88 - 29.78,,202410,108.75
287,RAV4荣放双擎E+,3,一汽丰田,24.88 - 29.78,,202411,108.75
115,威马EX6,0,威马汽车,0.00 - 0.00,,202003,107.0833333
41,威马EX6,127,威马汽车,0.00 - 0.00,,202004,107.0833333
70,威马EX6,82,威马汽车,0.00 - 0.00,,202005,107.0833333
76,威马EX6,38,威马汽车,0.00 - 0.00,,202006,107.0833333
77,威马EX6,52,威马汽车,0.00 - 0.00,,202007,107.0833333
93,威马EX6,15,威马汽车,0.00 - 0.00,,202008,107.0833333
75,威马EX6,72,威马汽车,0.00 - 0.00,,202009,107.0833333
144,威马EX6,0,威马汽车,0.00 - 0.00,,202010,107.0833333
145,威马EX6,0,威马汽车,0.00 - 0.00,,202011,107.0833333
124,威马EX6,0,威马汽车,0.00 - 0.00,,202012,107.0833333
88,威马EX6,26,威马汽车,0.00 - 0.00,,202101,107.0833333
89,威马EX6,14,威马汽车,0.00 - 0.00,,202102,107.0833333
106,威马EX6,8,威马汽车,0.00 - 0.00,,202103,107.0833333
112,威马EX6,2,威马汽车,0.00 - 0.00,,202104,107.0833333
115,威马EX6,2,威马汽车,0.00 - 0.00,,202105,107.0833333
117,威马EX6,3,威马汽车,0.00 - 0.00,,202106,107.0833333
111,威马EX6,5,威马汽车,0.00 - 0.00,,202107,107.0833333
25,威马EX6,2068,威马汽车,0.00 - 0.00,,202108,107.0833333
114,威马EX6,9,威马汽车,0.00 - 0.00,,202109,107.0833333
127,威马EX6,7,威马汽车,0.00 - 0.00,,202110,107.0833333
127,威马EX6,27,威马汽车,0.00 - 0.00,,202111,107.0833333
143,威马EX6,7,威马汽车,0.00 - 0.00,,202112,107.0833333
156,威马EX6,5,威马汽车,0.00 - 0.00,,202201,107.0833333
154,威马EX6,1,威马汽车,0.00 - 0.00,,202202,107.0833333
94,博瑞新能源,120,吉利新能源,15.58 - 20.98,,202110,103.1
89,博瑞新能源,250,吉利新能源,15.58 - 20.98,,202111,103.1
106,博瑞新能源,145,吉利新能源,15.58 - 20.98,,202112,103.1
124,博瑞新能源,69,吉利新能源,15.58 - 20.98,,202201,103.1
128,博瑞新能源,54,吉利新能源,15.58 - 20.98,,202202,103.1
142,博瑞新能源,22,吉利新能源,15.58 - 20.98,,202203,103.1
122,博瑞新能源,80,吉利新能源,15.58 - 20.98,,202204,103.1
118,博瑞新能源,138,吉利新能源,15.58 - 20.98,,202205,103.1
128,博瑞新能源,148,吉利新能源,15.58 - 20.98,,202206,103.1
165,博瑞新能源,5,吉利新能源,15.58 - 20.98,,202208,103.1
23,秦Pro新能源,821,比亚迪,13.69 - 20.49,,201911,102.625
94,秦Pro新能源,0,比亚迪,13.69 - 20.49,,201912,102.625
86,秦Pro新能源,0,比亚迪,13.69 - 20.49,,202001,102.625
69,秦Pro新能源,0,比亚迪,13.69 - 20.49,,202002,102.625
118,秦Pro新能源,0,比亚迪,13.69 - 20.49,,202004,102.625
149,秦Pro新能源,0,比亚迪,13.69 - 20.49,,202005,102.625
127,秦Pro新能源,0,比亚迪,13.69 - 20.49,,202006,102.625
137,秦Pro新能源,0,比亚迪,13.69 - 20.49,,202008,102.625
161,秦Pro新能源,0,比亚迪,13.69 - 20.49,,202008,102.625
249,睿蓝8,101,睿蓝汽车,13.78 - 15.38,,202411,101
42,广汽ix4,484,广汽丰田新能源,0.00 - 0.00,,201811,99.9
40,广汽ix4,515,广汽丰田新能源,0.00 - 0.00,,201812,99.9
61,广汽ix4,0,广汽丰田新能源,0.00 - 0.00,,201901,99.9
95,广汽ix4,0,广汽丰田新能源,0.00 - 0.00,,201912,99.9
89,广汽ix4,0,广汽丰田新能源,0.00 - 0.00,,202001,99.9
74,广汽ix4,0,广汽丰田新能源,0.00 - 0.00,,202002,99.9
124,广汽ix4,0,广汽丰田新能源,0.00 - 0.00,,202004,99.9
106,广汽ix4,0,广汽丰田新能源,0.00 - 0.00,,202005,99.9
135,广汽ix4,0,广汽丰田新能源,0.00 - 0.00,,202006,99.9
142,广汽ix4,0,广汽丰田新能源,0.00 - 0.00,,202008,99.9
155,瑞风E3,37,江汽集团,13.99 - 20.88,,202206,99.7
152,瑞风E3,39,江汽集团,13.99 - 20.88,,202207,99.7
153,瑞风E3,56,江汽集团,13.99 - 20.88,,202208,99.7
154,瑞风E3,91,江汽集团,13.99 - 20.88,,202209,99.7
150,瑞风E3,46,江汽集团,13.99 - 20.88,,202210,99.7
151,瑞风E3,83,江汽集团,13.99 - 20.88,,202211,99.7
161,瑞风E3,29,江汽集团,13.99 - 20.88,,202212,99.7
163,瑞风E3,10,江汽集团,13.99 - 20.88,,202301,99.7
162,瑞风E3,28,江汽集团,13.99 - 20.88,,202302,99.7
172,瑞风E3,29,江汽集团,13.99 - 20.88,,202303,99.7
139,瑞风E3,148,江汽集团,13.99 - 20.88,,202304,99.7
165,瑞风E3,44,江汽集团,13.99 - 20.88,,202305,99.7
170,瑞风E3,53,江汽集团,13.99 - 20.88,,202306,99.7
174,瑞风E3,56,江汽集团,13.99 - 20.88,,202307,99.7
178,瑞风E3,74,江汽集团,13.99 - 20.88,,202308,99.7
189,瑞风E3,52,江汽集团,13.99 - 20.88,,202309,99.7
194,瑞风E3,43,江汽集团,13.99 - 20.88,,202310,99.7
191,瑞风E3,111,江汽集团,13.99 - 20.88,,202311,99.7
200,瑞风E3,67,江汽集团,13.99 - 20.88,,202312,99.7
180,瑞风E3,150,江汽集团,13.99 - 20.88,,202401,99.7
116,瑞风E3,410,江汽集团,13.99 - 20.88,,202402,99.7
149,瑞风E3,430,江汽集团,13.99 - 20.88,,202403,99.7
156,瑞风E3,371,江汽集团,13.99 - 20.88,,202404,99.7
242,瑞风E3,27,江汽集团,13.99 - 20.88,,202405,99.7
246,瑞风E3,38,江汽集团,13.99 - 20.88,,202406,99.7
236,瑞风E3,83,江汽集团,13.99 - 20.88,,202407,99.7
244,瑞风E3,79,江汽集团,13.99 - 20.88,,202408,99.7
258,瑞风E3,52,江汽集团,13.99 - 20.88,,202409,99.7
257,瑞风E3,61,江汽集团,13.99 - 20.88,,202410,99.7
250,瑞风E3,97,江汽集团,13.99 - 20.88,,202411,99.7
252,瑞风E3,97,江汽集团,13.99 - 20.88,,202411,99.7
113,奥迪e-tron,141,一汽-大众奥迪,54.68 - 64.88,,202201,99.53125
153,奥迪e-tron,2,一汽-大众奥迪,54.68 - 64.88,,202202,99.53125
125,奥迪e-tron,125,一汽-大众奥迪,54.68 - 64.88,,202203,99.53125
150,奥迪e-tron,8,一汽-大众奥迪,54.68 - 64.88,,202204,99.53125
123,奥迪e-tron,125,一汽-大众奥迪,54.68 - 64.88,,202205,99.53125
144,奥迪e-tron,83,一汽-大众奥迪,54.68 - 64.88,,202206,99.53125
133,奥迪e-tron,136,一汽-大众奥迪,54.68 - 64.88,,202207,99.53125
150,奥迪e-tron,77,一汽-大众奥迪,54.68 - 64.88,,202208,99.53125
149,奥迪e-tron,121,一汽-大众奥迪,54.68 - 64.88,,202209,99.53125
148,奥迪e-tron,52,一汽-大众奥迪,54.68 - 64.88,,202210,99.53125
163,奥迪e-tron,18,一汽-大众奥迪,54.68 - 64.88,,202211,99.53125
168,奥迪e-tron,11,一汽-大众奥迪,54.68 - 64.88,,202212,99.53125
160,奥迪e-tron,15,一汽-大众奥迪,54.68 - 64.88,,202301,99.53125
165,奥迪e-tron,21,一汽-大众奥迪,54.68 - 64.88,,202302,99.53125
159,奥迪e-tron,65,一汽-大众奥迪,54.68 - 64.88,,202303,99.53125
172,奥迪e-tron,27,一汽-大众奥迪,54.68 - 64.88,,202304,99.53125
166,奥迪e-tron,42,一汽-大众奥迪,54.68 - 64.88,,202305,99.53125
165,奥迪e-tron,59,一汽-大众奥迪,54.68 - 64.88,,202306,99.53125
159,奥迪e-tron,147,一汽-大众奥迪,54.68 - 64.88,,202307,99.53125
166,奥迪e-tron,155,一汽-大众奥迪,54.68 - 64.88,,202308,99.53125
145,奥迪e-tron,318,一汽-大众奥迪,54.68 - 64.88,,202309,99.53125
175,奥迪e-tron,140,一汽-大众奥迪,54.68 - 64.88,,202310,99.53125
108,奥迪e-tron,876,一汽-大众奥迪,54.68 - 64.88,,202311,99.53125
194,奥迪e-tron,104,一汽-大众奥迪,54.68 - 64.88,,202312,99.53125
167,奥迪e-tron,200,一汽-大众奥迪,54.68 - 64.88,,202401,99.53125
201,奥迪e-tron,50,一汽-大众奥迪,54.68 - 64.88,,202402,99.53125
225,奥迪e-tron,30,一汽-大众奥迪,54.68 - 64.88,,202403,99.53125
238,奥迪e-tron,12,一汽-大众奥迪,54.68 - 64.88,,202404,99.53125
252,奥迪e-tron,7,一汽-大众奥迪,54.68 - 64.88,,202405,99.53125
258,奥迪e-tron,5,一汽-大众奥迪,54.68 - 64.88,,202406,99.53125
260,奥迪e-tron,12,一汽-大众奥迪,54.68 - 64.88,,202407,99.53125
289,奥迪e-tron,1,一汽-大众奥迪,54.68 - 64.88,,202409,99.53125
47,领动插电混动,157,北京现代,15.78 - 17.88,,201911,96.64285714
39,领动插电混动,543,北京现代,15.78 - 17.88,,201912,96.64285714
21,领动插电混动,543,北京现代,15.78 - 17.88,,202001,96.64285714
26,领动插电混动,55,北京现代,15.78 - 17.88,,202002,96.64285714
31,领动插电混动,215,北京现代,15.78 - 17.88,,202003,96.64285714
69,领动插电混动,22,北京现代,15.78 - 17.88,,202004,96.64285714
73,领动插电混动,55,北京现代,15.78 - 17.88,,202005,96.64285714
83,领动插电混动,17,北京现代,15.78 - 17.88,,202006,96.64285714
109,领动插电混动,2,北京现代,15.78 - 17.88,,202007,96.64285714
94,领动插电混动,14,北京现代,15.78 - 17.88,,202008,96.64285714
104,领动插电混动,4,北京现代,15.78 - 17.88,,202009,96.64285714
108,领动插电混动,6,北京现代,15.78 - 17.88,,202010,96.64285714
111,领动插电混动,5,北京现代,15.78 - 17.88,,202011,96.64285714
94,领动插电混动,71,北京现代,15.78 - 17.88,,202012,96.64285714
85,领动插电混动,32,北京现代,15.78 - 17.88,,202101,96.64285714
139,领动插电混动,0,北京现代,15.78 - 17.88,,202102,96.64285714
64,领动插电混动,207,北京现代,15.78 - 17.88,,202103,96.64285714
75,领动插电混动,136,北京现代,15.78 - 17.88,,202104,96.64285714
73,领动插电混动,161,北京现代,15.78 - 17.88,,202105,96.64285714
97,领动插电混动,47,北京现代,15.78 - 17.88,,202106,96.64285714
114,领动插电混动,2,北京现代,15.78 - 17.88,,202107,96.64285714
124,领动插电混动,0,北京现代,15.78 - 17.88,,202108,96.64285714
163,领动插电混动,0,北京现代,15.78 - 17.88,,202108,96.64285714
163,领动插电混动,0,北京现代,15.78 - 17.88,,202109,96.64285714
91,领动插电混动,136,北京现代,15.78 - 17.88,,202110,96.64285714
110,领动插电混动,88,北京现代,15.78 - 17.88,,202111,96.64285714
141,领动插电混动,7,北京现代,15.78 - 17.88,,202112,96.64285714
127,领动插电混动,60,北京现代,15.78 - 17.88,,202201,96.64285714
114,领动插电混动,121,北京现代,15.78 - 17.88,,202202,96.64285714
110,领克05新能源,158,领克,22.78 - 23.17,,202201,96.61111111
124,领克05新能源,66,领克,22.78 - 23.17,,202202,96.61111111
118,领克05新能源,193,领克,22.78 - 23.17,,202203,96.61111111
98,领克05新能源,270,领克,22.78 - 23.17,,202204,96.61111111
120,领克05新能源,131,领克,22.78 - 23.17,,202205,96.61111111
149,领克05新能源,68,领克,22.78 - 23.17,,202206,96.61111111
143,领克05新能源,77,领克,22.78 - 23.17,,202207,96.61111111
139,领克05新能源,142,领克,22.78 - 23.17,,202208,96.61111111
179,领克05新能源,6,领克,22.78 - 23.17,,202209,96.61111111
150,领克05新能源,100,领克,22.78 - 23.17,,202303,96.61111111
142,领克05新能源,137,领克,22.78 - 23.17,,202304,96.61111111
180,领克05新能源,8,领克,22.78 - 23.17,,202305,96.61111111
194,领克05新能源,1,领克,22.78 - 23.17,,202306,96.61111111
187,领克05新能源,27,领克,22.78 - 23.17,,202307,96.61111111
141,领克05新能源,347,领克,22.78 - 23.17,,202308,96.61111111
209,领克05新能源,4,领克,22.78 - 23.17,,202309,96.61111111
225,领克05新能源,2,领克,22.78 - 23.17,,202311,96.61111111
226,领克05新能源,2,领克,22.78 - 23.17,,202312,96.61111111
80,风光E1,26,东风小康,6.18 - 7.38,,201912,95.90909091
112,风光E1,0,东风小康,6.18 - 7.38,,202001,95.90909091
99,风光E1,0,东风小康,6.18 - 7.38,,202002,95.90909091
37,风光E1,150,东风小康,6.18 - 7.38,,202003,95.90909091
76,风光E1,15,东风小康,6.18 - 7.38,,202004,95.90909091
84,风光E1,22,东风小康,6.18 - 7.38,,202005,95.90909091
84,风光E1,16,东风小康,6.18 - 7.38,,202006,95.90909091
67,风光E1,112,东风小康,6.18 - 7.38,,202007,95.90909091
75,风光E1,84,东风小康,6.18 - 7.38,,202008,95.90909091
79,风光E1,56,东风小康,6.18 - 7.38,,202009,95.90909091
51,风光E1,392,东风小康,6.18 - 7.38,,202010,95.90909091
66,风光E1,230,东风小康,6.18 - 7.38,,202011,95.90909091
34,风光E1,1004,东风小康,6.18 - 7.38,,202012,95.90909091
119,风光E1,0,东风小康,6.18 - 7.38,,202101,95.90909091
102,风光E1,2,东风小康,6.18 - 7.38,,202102,95.90909091
128,风光E1,0,东风小康,6.18 - 7.38,,202103,95.90909091
121,风光E1,0,东风小康,6.18 - 7.38,,202104,95.90909091
134,风光E1,0,东风小康,6.18 - 7.38,,202105,95.90909091
135,风光E1,0,东风小康,6.18 - 7.38,,202109,95.90909091
197,风光E1,0,东风小康,6.18 - 7.38,,202110,95.90909091
144,风光E1,1,东风小康,6.18 - 7.38,,202111,95.90909091
166,风光E1,0,东风小康,6.18 - 7.38,,202112,95.90909091
60,尼欧Ⅱ,1,长安汽车,0.00 - 0.00,,201811,93.27272727
44,尼欧Ⅱ,99,长安汽车,0.00 - 0.00,,201901,93.27272727
82,尼欧Ⅱ,0,长安汽车,0.00 - 0.00,,201907,93.27272727
74,尼欧Ⅱ,0,长安汽车,0.00 - 0.00,,201908,93.27272727
69,尼欧Ⅱ,0,长安汽车,0.00 - 0.00,,201909,93.27272727
75,尼欧Ⅱ,0,长安汽车,0.00 - 0.00,,201910,93.27272727
89,尼欧Ⅱ,0,长安汽车,0.00 - 0.00,,201912,93.27272727
108,尼欧Ⅱ,0,长安汽车,0.00 - 0.00,,202001,93.27272727
11,尼欧Ⅱ,335,长安汽车,0.00 - 0.00,,202002,93.27272727
7,尼欧Ⅱ,1616,长安汽车,0.00 - 0.00,,202003,93.27272727
126,尼欧Ⅱ,0,长安汽车,0.00 - 0.00,,202004,93.27272727
143,尼欧Ⅱ,0,长安汽车,0.00 - 0.00,,202005,93.27272727
128,尼欧Ⅱ,0,长安汽车,0.00 - 0.00,,202006,93.27272727
140,尼欧Ⅱ,0,长安汽车,0.00 - 0.00,,202007,93.27272727
115,尼欧Ⅱ,0,长安汽车,0.00 - 0.00,,202008,93.27272727
130,尼欧Ⅱ,0,长安汽车,0.00 - 0.00,,202009,93.27272727
128,尼欧Ⅱ,0,长安汽车,0.00 - 0.00,,202010,93.27272727
114,尼欧Ⅱ,1,长安汽车,0.00 - 0.00,,202011,93.27272727
145,尼欧Ⅱ,0,长安汽车,0.00 - 0.00,,202012,93.27272727
139,尼欧Ⅱ,0,长安汽车,0.00 - 0.00,,202109,93.27272727
192,尼欧Ⅱ,0,长安汽车,0.00 - 0.00,,202111,93.27272727
173,尼欧Ⅱ,0,长安汽车,0.00 - 0.00,,202112,93.27272727
253,领途E-M8,93,领途汽车,14.18 - 17.28,,202411,93
59,启辰E30,65,东风日产,7.24 - 8.54,,201911,90.46153846
64,启辰E30,89,东风日产,7.24 - 8.54,,201912,90.46153846
72,启辰E30,17,东风日产,7.24 - 8.54,,202001,90.46153846
65,启辰E30,0,东风日产,7.24 - 8.54,,202002,90.46153846
127,启辰E30,0,东风日产,7.24 - 8.54,,202002,90.46153846
71,启辰E30,8,东风日产,7.24 - 8.54,,202003,90.46153846
73,启辰E30,17,东风日产,7.24 - 8.54,,202004,90.46153846
64,启辰E30,96,东风日产,7.24 - 8.54,,202005,90.46153846
95,启辰E30,2,东风日产,7.24 - 8.54,,202006,90.46153846
81,启辰E30,29,东风日产,7.24 - 8.54,,202007,90.46153846
107,启辰E30,3,东风日产,7.24 - 8.54,,202008,90.46153846
94,启辰E30,19,东风日产,7.24 - 8.54,,202009,90.46153846
105,启辰E30,8,东风日产,7.24 - 8.54,,202010,90.46153846
83,启辰E30,120,东风日产,7.24 - 8.54,,202011,90.46153846
135,启辰E30,0,东风日产,7.24 - 8.54,,202012,90.46153846
142,启辰E30,0,东风日产,7.24 - 8.54,,202101,90.46153846
153,启辰E30,0,东风日产,7.24 - 8.54,,202101,90.46153846
108,启辰E30,1,东风日产,7.24 - 8.54,,202102,90.46153846
143,启辰E30,0,东风日产,7.24 - 8.54,,202103,90.46153846
136,启辰E30,0,东风日产,7.24 - 8.54,,202104,90.46153846
149,启辰E30,0,东风日产,7.24 - 8.54,,202105,90.46153846
156,启辰E30,0,东风日产,7.24 - 8.54,,202105,90.46153846
80,启辰E30,128,东风日产,7.24 - 8.54,,202106,90.46153846
56,启辰E30,422,东风日产,7.24 - 8.54,,202107,90.46153846
113,启辰E30,8,东风日产,7.24 - 8.54,,202108,90.46153846
111,启辰E30,12,东风日产,7.24 - 8.54,,202109,90.46153846
123,启辰E30,13,东风日产,7.24 - 8.54,,202110,90.46153846
87,启辰E30,279,东风日产,7.24 - 8.54,,202111,90.46153846
68,启辰E30,1016,东风日产,7.24 - 8.54,,202112,90.46153846
147,冒险家新能源,33,长安林肯,30.98 - 34.58,,202205,88.61538462
134,冒险家新能源,116,长安林肯,30.98 - 34.58,,202206,88.61538462
130,冒险家新能源,156,长安林肯,30.98 - 34.58,,202207,88.61538462
141,冒险家新能源,136,长安林肯,30.98 - 34.58,,202208,88.61538462
130,冒险家新能源,305,长安林肯,30.98 - 34.58,,202209,88.61538462
130,冒险家新能源,201,长安林肯,30.98 - 34.58,,202210,88.61538462
140,冒险家新能源,130,长安林肯,30.98 - 34.58,,202211,88.61538462
152,冒险家新能源,63,长安林肯,30.98 - 34.58,,202212,88.61538462
169,冒险家新能源,7,长安林肯,30.98 - 34.58,,202301,88.61538462
186,冒险家新能源,1,长安林肯,30.98 - 34.58,,202302,88.61538462
194,冒险家新能源,2,长安林肯,30.98 - 34.58,,202303,88.61538462
194,冒险家新能源,1,长安林肯,30.98 - 34.58,,202304,88.61538462
208,冒险家新能源,1,长安林肯,30.98 - 34.58,,202307,88.61538462
45,欧尚EV,24,长安汽车,0.00 - 0.00,,201907,87.92857143
34,欧尚EV,270,长安汽车,0.00 - 0.00,,201908,87.92857143
48,欧尚EV,107,长安汽车,0.00 - 0.00,,201909,87.92857143
57,欧尚EV,69,长安汽车,0.00 - 0.00,,201910,87.92857143
69,欧尚EV,36,长安汽车,0.00 - 0.00,,201911,87.92857143
36,欧尚EV,563,长安汽车,0.00 - 0.00,,201912,87.92857143
83,欧尚EV,2,长安汽车,0.00 - 0.00,,202001,87.92857143
36,欧尚EV,16,长安汽车,0.00 - 0.00,,202002,87.92857143
86,欧尚EV,9,长安汽车,0.00 - 0.00,,202004,87.92857143
103,欧尚EV,1,长安汽车,0.00 - 0.00,,202005,87.92857143
78,欧尚EV,35,长安汽车,0.00 - 0.00,,202006,87.92857143
103,欧尚EV,4,长安汽车,0.00 - 0.00,,202007,87.92857143
63,欧尚EV,171,长安汽车,0.00 - 0.00,,202008,87.92857143
70,欧尚EV,106,长安汽车,0.00 - 0.00,,202009,87.92857143
107,欧尚EV,6,长安汽车,0.00 - 0.00,,202010,87.92857143
75,欧尚EV,173,长安汽车,0.00 - 0.00,,202011,87.92857143
87,欧尚EV,121,长安汽车,0.00 - 0.00,,202012,87.92857143
141,欧尚EV,0,长安汽车,0.00 - 0.00,,202101,87.92857143
129,欧尚EV,0,长安汽车,0.00 - 0.00,,202102,87.92857143
139,欧尚EV,0,长安汽车,0.00 - 0.00,,202103,87.92857143
103,欧尚EV,24,长安汽车,0.00 - 0.00,,202104,87.92857143
86,欧尚EV,83,长安汽车,0.00 - 0.00,,202105,87.92857143
46,欧尚EV,642,长安汽车,0.00 - 0.00,,202106,87.92857143
153,欧尚EV,0,长安汽车,0.00 - 0.00,,202108,87.92857143
156,欧尚EV,0,长安汽车,0.00 - 0.00,,202109,87.92857143
135,欧尚EV,0,长安汽车,0.00 - 0.00,,202110,87.92857143
160,欧尚EV,0,长安汽车,0.00 - 0.00,,202110,87.92857143
177,欧尚EV,0,长安汽车,0.00 - 0.00,,202111,87.92857143
171,欧尚EV,0,长安汽车,0.00 - 0.00,,202112,87.92857143
58,枫叶30X,429,睿蓝汽车,6.88 - 9.58,,202012,87.44444444
148,枫叶30X,0,睿蓝汽车,6.88 - 9.58,,202101,87.44444444
156,枫叶30X,0,睿蓝汽车,6.88 - 9.58,,202101,87.44444444
146,枫叶30X,0,睿蓝汽车,6.88 - 9.58,,202106,87.44444444
58,枫叶30X,358,睿蓝汽车,6.88 - 9.58,,202107,87.44444444
141,枫叶30X,0,睿蓝汽车,6.88 - 9.58,,202108,87.44444444
181,枫叶30X,0,睿蓝汽车,6.88 - 9.58,,202108,87.44444444
178,枫叶30X,0,睿蓝汽车,6.88 - 9.58,,202109,87.44444444
177,枫叶30X,0,睿蓝汽车,6.88 - 9.58,,202110,87.44444444
164,枫叶30X,0,睿蓝汽车,6.88 - 9.58,,202111,87.44444444
211,枫叶30X,0,睿蓝汽车,6.88 - 9.58,,202112,87.44444444
203,猎光e:NS2,209,东风本田,18.98 - 20.98,,202407,86.2
217,猎光e:NS2,169,东风本田,18.98 - 20.98,,202408,86.2
274,猎光e:NS2,20,东风本田,18.98 - 20.98,,202409,86.2
272,猎光e:NS2,21,东风本田,18.98 - 20.98,,202410,86.2
281,猎光e:NS2,12,东风本田,18.98 - 20.98,,202411,86.2
116,发现运动版新能源,25,奇瑞捷豹路虎,40.98 - 40.98,,202110,82.71875
102,发现运动版新能源,141,奇瑞捷豹路虎,40.98 - 40.98,,202111,82.71875
118,发现运动版新能源,58,奇瑞捷豹路虎,40.98 - 40.98,,202112,82.71875
104,发现运动版新能源,226,奇瑞捷豹路虎,40.98 - 40.98,,202201,82.71875
105,发现运动版新能源,199,奇瑞捷豹路虎,40.98 - 40.98,,202202,82.71875
110,发现运动版新能源,247,奇瑞捷豹路虎,40.98 - 40.98,,202203,82.71875
120,发现运动版新能源,98,奇瑞捷豹路虎,40.98 - 40.98,,202204,82.71875
133,发现运动版新能源,89,奇瑞捷豹路虎,40.98 - 40.98,,202205,82.71875
150,发现运动版新能源,57,奇瑞捷豹路虎,40.98 - 40.98,,202206,82.71875
142,发现运动版新能源,129,奇瑞捷豹路虎,40.98 - 40.98,,202208,82.71875
142,发现运动版新能源,182,奇瑞捷豹路虎,40.98 - 40.98,,202209,82.71875
133,发现运动版新能源,170,奇瑞捷豹路虎,40.98 - 40.98,,202210,82.71875
150,发现运动版新能源,84,奇瑞捷豹路虎,40.98 - 40.98,,202211,82.71875
179,发现运动版新能源,1,奇瑞捷豹路虎,40.98 - 40.98,,202212,82.71875
131,发现运动版新能源,86,奇瑞捷豹路虎,40.98 - 40.98,,202301,82.71875
139,发现运动版新能源,105,奇瑞捷豹路虎,40.98 - 40.98,,202302,82.71875
146,发现运动版新能源,119,奇瑞捷豹路虎,40.98 - 40.98,,202303,82.71875
147,发现运动版新能源,108,奇瑞捷豹路虎,40.98 - 40.98,,202304,82.71875
159,发现运动版新能源,60,奇瑞捷豹路虎,40.98 - 40.98,,202305,82.71875
163,发现运动版新能源,61,奇瑞捷豹路虎,40.98 - 40.98,,202306,82.71875
181,发现运动版新能源,43,奇瑞捷豹路虎,40.98 - 40.98,,202307,82.71875
184,发现运动版新能源,47,奇瑞捷豹路虎,40.98 - 40.98,,202308,82.71875
193,发现运动版新能源,34,奇瑞捷豹路虎,40.98 - 40.98,,202309,82.71875
198,发现运动版新能源,34,奇瑞捷豹路虎,40.98 - 40.98,,202310,82.71875
202,发现运动版新能源,43,奇瑞捷豹路虎,40.98 - 40.98,,202311,82.71875
192,发现运动版新能源,127,奇瑞捷豹路虎,40.98 - 40.98,,202312,82.71875
226,发现运动版新能源,2,奇瑞捷豹路虎,40.98 - 40.98,,202401,82.71875
219,发现运动版新能源,44,奇瑞捷豹路虎,40.98 - 40.98,,202403,82.71875
241,发现运动版新能源,8,奇瑞捷豹路虎,40.98 - 40.98,,202404,82.71875
256,发现运动版新能源,3,奇瑞捷豹路虎,40.98 - 40.98,,202405,82.71875
274,发现运动版新能源,1,奇瑞捷豹路虎,40.98 - 40.98,,202407,82.71875
277,发现运动版新能源,16,奇瑞捷豹路虎,40.98 - 40.98,,202409,82.71875
43,昂希诺纯电动,204,北京现代,17.28 - 19.88,,201911,82.65384615
43,昂希诺纯电动,408,北京现代,17.28 - 19.88,,201912,82.65384615
25,昂希诺纯电动,408,北京现代,17.28 - 19.88,,202001,82.65384615
46,昂希诺纯电动,4,北京现代,17.28 - 19.88,,202002,82.65384615
44,昂希诺纯电动,72,北京现代,17.28 - 19.88,,202003,82.65384615
65,昂希诺纯电动,32,北京现代,17.28 - 19.88,,202004,82.65384615
67,昂希诺纯电动,87,北京现代,17.28 - 19.88,,202005,82.65384615
70,昂希诺纯电动,64,北京现代,17.28 - 19.88,,202006,82.65384615
80,昂希诺纯电动,31,北京现代,17.28 - 19.88,,202007,82.65384615
101,昂希诺纯电动,9,北京现代,17.28 - 19.88,,202008,82.65384615
89,昂希诺纯电动,29,北京现代,17.28 - 19.88,,202009,82.65384615
87,昂希诺纯电动,54,北京现代,17.28 - 19.88,,202010,82.65384615
99,昂希诺纯电动,32,北京现代,17.28 - 19.88,,202011,82.65384615
91,昂希诺纯电动,83,北京现代,17.28 - 19.88,,202012,82.65384615
100,昂希诺纯电动,11,北京现代,17.28 - 19.88,,202101,82.65384615
100,昂希诺纯电动,4,北京现代,17.28 - 19.88,,202102,82.65384615
103,昂希诺纯电动,12,北京现代,17.28 - 19.88,,202103,82.65384615
100,昂希诺纯电动,29,北京现代,17.28 - 19.88,,202104,82.65384615
101,昂希诺纯电动,29,北京现代,17.28 - 19.88,,202104,82.65384615
103,昂希诺纯电动,29,北京现代,17.28 - 19.88,,202105,82.65384615
54,昂希诺纯电动,437,北京现代,17.28 - 19.88,,202106,82.65384615
116,昂希诺纯电动,2,北京现代,17.28 - 19.88,,202107,82.65384615
88,昂希诺纯电动,71,北京现代,17.28 - 19.88,,202108,82.65384615
116,昂希诺纯电动,7,北京现代,17.28 - 19.88,,202109,82.65384615
138,昂希诺纯电动,0,北京现代,17.28 - 19.88,,202110,82.65384615
161,昂希诺纯电动,0,北京现代,17.28 - 19.88,,202110,82.65384615
145,昂希诺纯电动,1,北京现代,17.28 - 19.88,,202111,82.65384615
199,昂希诺纯电动,0,北京现代,17.28 - 19.88,,202112,82.65384615
59,奕泽E进擎,110,一汽丰田,22.58 - 25.38,,202005,81.96551724
50,奕泽E进擎,179,一汽丰田,22.58 - 25.38,,202006,81.96551724
63,奕泽E进擎,141,一汽丰田,22.58 - 25.38,,202007,81.96551724
82,奕泽E进擎,52,一汽丰田,22.58 - 25.38,,202008,81.96551724
72,奕泽E进擎,97,一汽丰田,22.58 - 25.38,,202009,81.96551724
70,奕泽E进擎,152,一汽丰田,22.58 - 25.38,,202010,81.96551724
70,奕泽E进擎,194,一汽丰田,22.58 - 25.38,,202011,81.96551724
66,奕泽E进擎,319,一汽丰田,22.58 - 25.38,,202012,81.96551724
70,奕泽E进擎,118,一汽丰田,22.58 - 25.38,,202101,81.96551724
56,奕泽E进擎,106,一汽丰田,22.58 - 25.38,,202102,81.96551724
67,奕泽E进擎,172,一汽丰田,22.58 - 25.38,,202103,81.96551724
87,奕泽E进擎,62,一汽丰田,22.58 - 25.38,,202104,81.96551724
145,奕泽E进擎,18,一汽丰田,22.58 - 25.38,,202201,81.96551724
126,奕泽E进擎,63,一汽丰田,22.58 - 25.38,,202202,81.96551724
133,奕泽E进擎,64,一汽丰田,22.58 - 25.38,,202203,81.96551724
129,奕泽E进擎,42,一汽丰田,22.58 - 25.38,,202204,81.96551724
124,奕泽E进擎,123,一汽丰田,22.58 - 25.38,,202205,81.96551724
124,奕泽E进擎,204,一汽丰田,22.58 - 25.38,,202206,81.96551724
149,奕泽E进擎,52,一汽丰田,22.58 - 25.38,,202207,81.96551724
157,奕泽E进擎,41,一汽丰田,22.58 - 25.38,,202208,81.96551724
185,奕泽E进擎,1,一汽丰田,22.58 - 25.38,,202209,81.96551724
164,奕泽E进擎,13,一汽丰田,22.58 - 25.38,,202210,81.96551724
180,奕泽E进擎,1,一汽丰田,22.58 - 25.38,,202211,81.96551724
159,奕泽E进擎,17,一汽丰田,22.58 - 25.38,,202301,81.96551724
170,奕泽E进擎,16,一汽丰田,22.58 - 25.38,,202302,81.96551724
181,奕泽E进擎,12,一汽丰田,22.58 - 25.38,,202303,81.96551724
187,奕泽E进擎,5,一汽丰田,22.58 - 25.38,,202304,81.96551724
194,奕泽E进擎,1,一汽丰田,22.58 - 25.38,,202305,81.96551724
204,奕泽E进擎,2,一汽丰田,22.58 - 25.38,,202307,81.96551724
224,大家5,81,上汽大通,17.38 - 23.28,,202405,80.85714286
223,大家5,116,上汽大通,17.38 - 23.28,,202406,80.85714286
241,大家5,67,上汽大通,17.38 - 23.28,,202407,80.85714286
249,大家5,60,上汽大通,17.38 - 23.28,,202408,80.85714286
247,大家5,84,上汽大通,17.38 - 23.28,,202409,80.85714286
251,大家5,68,上汽大通,17.38 - 23.28,,202410,80.85714286
254,大家5,90,上汽大通,17.38 - 23.28,,202411,80.85714286
255,江淮X8 E家,77,江汽集团,9.98 - 15.38,,202411,77
134,沃尔沃C40,135,沃尔沃亚太,28.90 - 34.20,,202207,75.27586207
127,沃尔沃C40,222,沃尔沃亚太,28.90 - 34.20,,202208,75.27586207
145,沃尔沃C40,146,沃尔沃亚太,28.90 - 34.20,,202209,75.27586207
156,沃尔沃C40,32,沃尔沃亚太,28.90 - 34.20,,202210,75.27586207
149,沃尔沃C40,87,沃尔沃亚太,28.90 - 34.20,,202211,75.27586207
132,沃尔沃C40,267,沃尔沃亚太,28.90 - 34.20,,202212,75.27586207
139,沃尔沃C40,67,沃尔沃亚太,28.90 - 34.20,,202301,75.27586207
158,沃尔沃C40,38,沃尔沃亚太,28.90 - 34.20,,202302,75.27586207
136,沃尔沃C40,164,沃尔沃亚太,28.90 - 34.20,,202303,75.27586207
150,沃尔沃C40,103,沃尔沃亚太,28.90 - 34.20,,202304,75.27586207
153,沃尔沃C40,87,沃尔沃亚太,28.90 - 34.20,,202305,75.27586207
159,沃尔沃C40,89,沃尔沃亚太,28.90 - 34.20,,202306,75.27586207
171,沃尔沃C40,86,沃尔沃亚太,28.90 - 34.20,,202307,75.27586207
173,沃尔沃C40,92,沃尔沃亚太,28.90 - 34.20,,202308,75.27586207
184,沃尔沃C40,80,沃尔沃亚太,28.90 - 34.20,,202309,75.27586207
183,沃尔沃C40,107,沃尔沃亚太,28.90 - 34.20,,202310,75.27586207
181,沃尔沃C40,135,沃尔沃亚太,28.90 - 34.20,,202311,75.27586207
197,沃尔沃C40,82,沃尔沃亚太,28.90 - 34.20,,202312,75.27586207
210,沃尔沃C40,43,沃尔沃亚太,28.90 - 34.20,,202401,75.27586207
220,沃尔沃C40,10,沃尔沃亚太,28.90 - 34.20,,202402,75.27586207
232,沃尔沃C40,11,沃尔沃亚太,28.90 - 34.20,,202403,75.27586207
233,沃尔沃C40,21,沃尔沃亚太,28.90 - 34.20,,202404,75.27586207
246,沃尔沃C40,18,沃尔沃亚太,28.90 - 34.20,,202405,75.27586207
249,沃尔沃C40,22,沃尔沃亚太,28.90 - 34.20,,202406,75.27586207
262,沃尔沃C40,11,沃尔沃亚太,28.90 - 34.20,,202407,75.27586207
264,沃尔沃C40,13,沃尔沃亚太,28.90 - 34.20,,202408,75.27586207
279,沃尔沃C40,11,沃尔沃亚太,28.90 - 34.20,,202409,75.27586207
285,沃尔沃C40,2,沃尔沃亚太,28.90 - 34.20,,202410,75.27586207
288,沃尔沃C40,2,沃尔沃亚太,28.90 - 34.20,,202411,75.27586207
126,长安之星9EV,256,长安凯程,13.28 - 16.89,,202303,75.15789474
146,长安之星9EV,115,长安凯程,13.28 - 16.89,,202304,75.15789474
157,长安之星9EV,67,长安凯程,13.28 - 16.89,,202305,75.15789474
173,长安之星9EV,72,长安凯程,13.28 - 16.89,,202307,75.15789474
167,长安之星9EV,141,长安凯程,13.28 - 16.89,,202308,75.15789474
188,长安之星9EV,53,长安凯程,13.28 - 16.89,,202309,75.15789474
179,长安之星9EV,136,长安凯程,13.28 - 16.89,,202311,75.15789474
204,长安之星9EV,52,长安凯程,13.28 - 16.89,,202312,75.15789474
212,长安之星9EV,24,长安凯程,13.28 - 16.89,,202401,75.15789474
217,长安之星9EV,16,长安凯程,13.28 - 16.89,,202402,75.15789474
213,长安之星9EV,80,长安凯程,13.28 - 16.89,,202403,75.15789474
225,长安之星9EV,47,长安凯程,13.28 - 16.89,,202404,75.15789474
214,长安之星9EV,124,长安凯程,13.28 - 16.89,,202405,75.15789474
233,长安之星9EV,80,长安凯程,13.28 - 16.89,,202406,75.15789474
242,长安之星9EV,65,长安凯程,13.28 - 16.89,,202407,75.15789474
245,长安之星9EV,79,长安凯程,13.28 - 16.89,,202408,75.15789474
276,长安之星9EV,16,长安凯程,13.28 - 16.89,,202409,75.15789474
283,长安之星9EV,4,长安凯程,13.28 - 16.89,,202410,75.15789474
290,长安之星9EV,1,长安凯程,13.28 - 16.89,,202411,75.15789474
182,星途追风PHEV,2,星途,12.98 - 19.58,,202302,74.0952381
195,星途追风PHEV,1,星途,12.98 - 19.58,,202303,74.0952381
179,星途追风PHEV,17,星途,12.98 - 19.58,,202304,74.0952381
192,星途追风PHEV,1,星途,12.98 - 19.58,,202305,74.0952381
134,星途追风PHEV,321,星途,12.98 - 19.58,,202307,74.0952381
169,星途追风PHEV,126,星途,12.98 - 19.58,,202308,74.0952381
168,星途追风PHEV,153,星途,12.98 - 19.58,,202309,74.0952381
157,星途追风PHEV,219,星途,12.98 - 19.58,,202310,74.0952381
174,星途追风PHEV,164,星途,12.98 - 19.58,,202311,74.0952381
190,星途追风PHEV,156,星途,12.98 - 19.58,,202312,74.0952381
199,星途追风PHEV,77,星途,12.98 - 19.58,,202401,74.0952381
198,星途追风PHEV,60,星途,12.98 - 19.58,,202402,74.0952381
215,星途追风PHEV,66,星途,12.98 - 19.58,,202403,74.0952381
232,星途追风PHEV,22,星途,12.98 - 19.58,,202404,74.0952381
251,星途追风PHEV,9,星途,12.98 - 19.58,,202405,74.0952381
266,星途追风PHEV,2,星途,12.98 - 19.58,,202406,74.0952381
278,星途追风PHEV,1,星途,12.98 - 19.58,,202407,74.0952381
268,星途追风PHEV,6,星途,12.98 - 19.58,,202408,74.0952381
273,星途追风PHEV,23,星途,12.98 - 19.58,,202409,74.0952381
246,星途追风PHEV,80,星途,12.98 - 19.58,,202410,74.0952381
260,星途追风PHEV,50,星途,12.98 - 19.58,,202411,74.0952381
167,高合HiPhi Z,154,华人运通,51.00 - 63.00,,202309,74
189,高合HiPhi Z,68,华人运通,51.00 - 63.00,,202310,74
192,高合HiPhi Z,107,华人运通,51.00 - 63.00,,202311,74
195,高合HiPhi Z,100,华人运通,51.00 - 63.00,,202312,74
200,高合HiPhi Z,75,华人运通,51.00 - 63.00,,202401,74
221,高合HiPhi Z,10,华人运通,51.00 - 63.00,,202402,74
283,高合HiPhi Z,4,华人运通,51.00 - 63.00,,202409,74
37,帝豪GL新能源,563,吉利新能源,15.28 - 16.88,,201912,70.375
88,帝豪GL新能源,0,吉利新能源,15.28 - 16.88,,202001,70.375
78,帝豪GL新能源,0,吉利新能源,15.28 - 16.88,,202002,70.375
94,帝豪GL新能源,0,吉利新能源,15.28 - 16.88,,202004,70.375
130,帝豪GL新能源,0,吉利新能源,15.28 - 16.88,,202004,70.375
108,帝豪GL新能源,0,吉利新能源,15.28 - 16.88,,202005,70.375
143,帝豪GL新能源,0,吉利新能源,15.28 - 16.88,,202006,70.375
114,帝豪GL新能源,0,吉利新能源,15.28 - 16.88,,202007,70.375
154,帝豪GL新能源,0,吉利新能源,15.28 - 16.88,,202007,70.375
147,帝豪GL新能源,0,吉利新能源,15.28 - 16.88,,202008,70.375
133,揽胜极光新能源,46,奇瑞捷豹路虎,41.58 - 42.98,,202201,65.73333333
133,揽胜极光新能源,38,奇瑞捷豹路虎,41.58 - 42.98,,202202,65.73333333
124,揽胜极光新能源,126,奇瑞捷豹路虎,41.58 - 42.98,,202203,65.73333333
132,揽胜极光新能源,31,奇瑞捷豹路虎,41.58 - 42.98,,202204,65.73333333
141,揽胜极光新能源,57,奇瑞捷豹路虎,41.58 - 42.98,,202205,65.73333333
146,揽胜极光新能源,74,奇瑞捷豹路虎,41.58 - 42.98,,202206,65.73333333
162,揽胜极光新能源,4,奇瑞捷豹路虎,41.58 - 42.98,,202207,65.73333333
129,揽胜极光新能源,208,奇瑞捷豹路虎,41.58 - 42.98,,202208,65.73333333
140,揽胜极光新能源,188,奇瑞捷豹路虎,41.58 - 42.98,,202209,65.73333333
142,揽胜极光新能源,97,奇瑞捷豹路虎,41.58 - 42.98,,202210,65.73333333
135,揽胜极光新能源,152,奇瑞捷豹路虎,41.58 - 42.98,,202211,65.73333333
159,揽胜极光新能源,37,奇瑞捷豹路虎,41.58 - 42.98,,202212,65.73333333
128,揽胜极光新能源,91,奇瑞捷豹路虎,41.58 - 42.98,,202301,65.73333333
142,揽胜极光新能源,97,奇瑞捷豹路虎,41.58 - 42.98,,202302,65.73333333
142,揽胜极光新能源,126,奇瑞捷豹路虎,41.58 - 42.98,,202303,65.73333333
148,揽胜极光新能源,107,奇瑞捷豹路虎,41.58 - 42.98,,202304,65.73333333
156,揽胜极光新能源,80,奇瑞捷豹路虎,41.58 - 42.98,,202305,65.73333333
173,揽胜极光新能源,48,奇瑞捷豹路虎,41.58 - 42.98,,202306,65.73333333
178,揽胜极光新能源,47,奇瑞捷豹路虎,41.58 - 42.98,,202307,65.73333333
183,揽胜极光新能源,49,奇瑞捷豹路虎,41.58 - 42.98,,202308,65.73333333
195,揽胜极光新能源,31,奇瑞捷豹路虎,41.58 - 42.98,,202309,65.73333333
197,揽胜极光新能源,34,奇瑞捷豹路虎,41.58 - 42.98,,202310,65.73333333
201,揽胜极光新能源,44,奇瑞捷豹路虎,41.58 - 42.98,,202311,65.73333333
196,揽胜极光新能源,91,奇瑞捷豹路虎,41.58 - 42.98,,202312,65.73333333
222,揽胜极光新能源,38,奇瑞捷豹路虎,41.58 - 42.98,,202403,65.73333333
240,揽胜极光新能源,8,奇瑞捷豹路虎,41.58 - 42.98,,202404,65.73333333
245,揽胜极光新能源,19,奇瑞捷豹路虎,41.58 - 42.98,,202405,65.73333333
265,揽胜极光新能源,2,奇瑞捷豹路虎,41.58 - 42.98,,202406,65.73333333
276,揽胜极光新能源,1,奇瑞捷豹路虎,41.58 - 42.98,,202407,65.73333333
292,揽胜极光新能源,1,奇瑞捷豹路虎,41.58 - 42.98,,202409,65.73333333
94,国机智骏GX5,61,国机智骏,11.58 - 13.98,,202011,65.57894737
67,国机智骏GX5,303,国机智骏,11.58 - 13.98,,202012,65.57894737
56,国机智骏GX5,303,国机智骏,11.58 - 13.98,,202101,65.57894737
55,国机智骏GX5,117,国机智骏,11.58 - 13.98,,202102,65.57894737
91,国机智骏GX5,34,国机智骏,11.58 - 13.98,,202103,65.57894737
84,国机智骏GX5,65,国机智骏,11.58 - 13.98,,202104,65.57894737
99,国机智骏GX5,36,国机智骏,11.58 - 13.98,,202105,65.57894737
110,国机智骏GX5,16,国机智骏,11.58 - 13.98,,202106,65.57894737
97,国机智骏GX5,25,国机智骏,11.58 - 13.98,,202107,65.57894737
91,国机智骏GX5,65,国机智骏,11.58 - 13.98,,202108,65.57894737
99,国机智骏GX5,60,国机智骏,11.58 - 13.98,,202109,65.57894737
112,国机智骏GX5,35,国机智骏,11.58 - 13.98,,202110,65.57894737
133,国机智骏GX5,20,国机智骏,11.58 - 13.98,,202111,65.57894737
129,国机智骏GX5,37,国机智骏,11.58 - 13.98,,202112,65.57894737
141,国机智骏GX5,28,国机智骏,11.58 - 13.98,,202201,65.57894737
143,国机智骏GX5,13,国机智骏,11.58 - 13.98,,202202,65.57894737
149,国机智骏GX5,12,国机智骏,11.58 - 13.98,,202203,65.57894737
146,国机智骏GX5,10,国机智骏,11.58 - 13.98,,202204,65.57894737
153,国机智骏GX5,6,国机智骏,11.58 - 13.98,,202205,65.57894737
81,绎乐,521,广汽本田新能源,16.78 - 18.98,,202201,64.04761905
103,绎乐,216,广汽本田新能源,16.78 - 18.98,,202202,64.04761905
108,绎乐,256,广汽本田新能源,16.78 - 18.98,,202203,64.04761905
148,绎乐,9,广汽本田新能源,16.78 - 18.98,,202204,64.04761905
132,绎乐,91,广汽本田新能源,16.78 - 18.98,,202205,64.04761905
138,绎乐,100,广汽本田新能源,16.78 - 18.98,,202206,64.04761905
164,绎乐,4,广汽本田新能源,16.78 - 18.98,,202207,64.04761905
168,绎乐,2,广汽本田新能源,16.78 - 18.98,,202208,64.04761905
156,绎乐,65,广汽本田新能源,16.78 - 18.98,,202209,64.04761905
161,绎乐,19,广汽本田新能源,16.78 - 18.98,,202210,64.04761905
165,绎乐,12,广汽本田新能源,16.78 - 18.98,,202211,64.04761905
174,绎乐,4,广汽本田新能源,16.78 - 18.98,,202212,64.04761905
164,绎乐,10,广汽本田新能源,16.78 - 18.98,,202301,64.04761905
173,绎乐,13,广汽本田新能源,16.78 - 18.98,,202302,64.04761905
183,绎乐,10,广汽本田新能源,16.78 - 18.98,,202303,64.04761905
187,绎乐,3,广汽本田新能源,16.78 - 18.98,,202305,64.04761905
191,绎乐,4,广汽本田新能源,16.78 - 18.98,,202306,64.04761905
209,绎乐,1,广汽本田新能源,16.78 - 18.98,,202308,64.04761905
213,绎乐,2,广汽本田新能源,16.78 - 18.98,,202310,64.04761905
230,绎乐,2,广汽本田新能源,16.78 - 18.98,,202312,64.04761905
229,绎乐,1,广汽本田新能源,16.78 - 18.98,,202401,64.04761905
21,野马EC30,49,野马汽车,0.00 - 0.00,,201801,62.83870968
22,野马EC30,23,野马汽车,0.00 - 0.00,,201802,62.83870968
26,野马EC30,65,野马汽车,0.00 - 0.00,,201803,62.83870968
31,野马EC30,56,野马汽车,0.00 - 0.00,,201804,62.83870968
38,野马EC30,52,野马汽车,0.00 - 0.00,,201805,62.83870968
29,野马EC30,150,野马汽车,0.00 - 0.00,,201806,62.83870968
33,野马EC30,220,野马汽车,0.00 - 0.00,,201807,62.83870968
32,野马EC30,335,野马汽车,0.00 - 0.00,,201808,62.83870968
41,野马EC30,160,野马汽车,0.00 - 0.00,,201809,62.83870968
45,野马EC30,237,野马汽车,0.00 - 0.00,,201811,62.83870968
51,野马EC30,164,野马汽车,0.00 - 0.00,,201812,62.83870968
55,野马EC30,6,野马汽车,0.00 - 0.00,,201901,62.83870968
51,野马EC30,89,野马汽车,0.00 - 0.00,,201904,62.83870968
78,野马EC30,0,野马汽车,0.00 - 0.00,,201907,62.83870968
70,野马EC30,0,野马汽车,0.00 - 0.00,,201908,62.83870968
89,野马EC30,0,野马汽车,0.00 - 0.00,,201909,62.83870968
96,野马EC30,0,野马汽车,0.00 - 0.00,,201910,62.83870968
97,野马EC30,0,野马汽车,0.00 - 0.00,,201911,62.83870968
118,野马EC30,0,野马汽车,0.00 - 0.00,,201912,62.83870968
103,野马EC30,0,野马汽车,0.00 - 0.00,,202001,62.83870968
92,野马EC30,0,野马汽车,0.00 - 0.00,,202002,62.83870968
116,野马EC30,0,野马汽车,0.00 - 0.00,,202003,62.83870968
113,野马EC30,0,野马汽车,0.00 - 0.00,,202004,62.83870968
46,野马EC30,170,野马汽车,0.00 - 0.00,,202005,62.83870968
87,野马EC30,10,野马汽车,0.00 - 0.00,,202006,62.83870968
71,野马EC30,98,野马汽车,0.00 - 0.00,,202007,62.83870968
85,野马EC30,40,野马汽车,0.00 - 0.00,,202008,62.83870968
109,野马EC30,1,野马汽车,0.00 - 0.00,,202009,62.83870968
123,野马EC30,0,野马汽车,0.00 - 0.00,,202010,62.83870968
124,野马EC30,0,野马汽车,0.00 - 0.00,,202011,62.83870968
109,野马EC30,23,野马汽车,0.00 - 0.00,,202012,62.83870968
74,沃尔沃S60新能源,51,沃尔沃亚太,39.99 - 46.19,,201912,61
49,沃尔沃S60新能源,80,沃尔沃亚太,39.99 - 46.19,,202001,61
94,沃尔沃S60新能源,0,沃尔沃亚太,39.99 - 46.19,,202002,61
58,沃尔沃S60新能源,20,沃尔沃亚太,39.99 - 46.19,,202003,61
70,沃尔沃S60新能源,22,沃尔沃亚太,39.99 - 46.19,,202004,61
104,沃尔沃S60新能源,1,沃尔沃亚太,39.99 - 46.19,,202005,61
88,沃尔沃S60新能源,10,沃尔沃亚太,39.99 - 46.19,,202006,61
94,沃尔沃S60新能源,12,沃尔沃亚太,39.99 - 46.19,,202007,61
74,沃尔沃S60新能源,91,沃尔沃亚太,39.99 - 46.19,,202008,61
76,沃尔沃S60新能源,63,沃尔沃亚太,39.99 - 46.19,,202009,61
88,沃尔沃S60新能源,43,沃尔沃亚太,39.99 - 46.19,,202010,61
81,沃尔沃S60新能源,126,沃尔沃亚太,39.99 - 46.19,,202011,61
86,沃尔沃S60新能源,123,沃尔沃亚太,39.99 - 46.19,,202012,61
112,沃尔沃S60新能源,1,沃尔沃亚太,39.99 - 46.19,,202101,61
78,沃尔沃S60新能源,32,沃尔沃亚太,39.99 - 46.19,,202102,61
70,沃尔沃S60新能源,125,沃尔沃亚太,39.99 - 46.19,,202103,61
91,沃尔沃S60新能源,55,沃尔沃亚太,39.99 - 46.19,,202104,61
112,沃尔沃S60新能源,4,沃尔沃亚太,39.99 - 46.19,,202105,61
86,沃尔沃S60新能源,87,沃尔沃亚太,39.99 - 46.19,,202106,61
86,沃尔沃S60新能源,69,沃尔沃亚太,39.99 - 46.19,,202107,61
80,沃尔沃S60新能源,170,沃尔沃亚太,39.99 - 46.19,,202108,61
91,沃尔沃S60新能源,101,沃尔沃亚太,39.99 - 46.19,,202109,61
70,沃尔沃S60新能源,356,沃尔沃亚太,39.99 - 46.19,,202110,61
79,沃尔沃S60新能源,439,沃尔沃亚太,39.99 - 46.19,,202111,61
144,沃尔沃S60新能源,5,沃尔沃亚太,39.99 - 46.19,,202112,61
111,沃尔沃S60新能源,155,沃尔沃亚太,39.99 - 46.19,,202201,61
119,沃尔沃S60新能源,93,沃尔沃亚太,39.99 - 46.19,,202202,61
137,沃尔沃S60新能源,47,沃尔沃亚太,39.99 - 46.19,,202203,61
137,沃尔沃S60新能源,25,沃尔沃亚太,39.99 - 46.19,,202204,61
135,沃尔沃S60新能源,74,沃尔沃亚太,39.99 - 46.19,,202205,61
148,沃尔沃S60新能源,68,沃尔沃亚太,39.99 - 46.19,,202206,61
147,沃尔沃S60新能源,56,沃尔沃亚太,39.99 - 46.19,,202207,61
151,沃尔沃S60新能源,65,沃尔沃亚太,39.99 - 46.19,,202208,61
166,沃尔沃S60新能源,36,沃尔沃亚太,39.99 - 46.19,,202209,61
147,沃尔沃S60新能源,55,沃尔沃亚太,39.99 - 46.19,,202210,61
146,沃尔沃S60新能源,100,沃尔沃亚太,39.99 - 46.19,,202211,61
149,沃尔沃S60新能源,100,沃尔沃亚太,39.99 - 46.19,,202212,61
147,沃尔沃S60新能源,54,沃尔沃亚太,39.99 - 46.19,,202301,61
160,沃尔沃S60新能源,29,沃尔沃亚太,39.99 - 46.19,,202302,61
171,沃尔沃S60新能源,30,沃尔沃亚太,39.99 - 46.19,,202303,61
175,沃尔沃S60新能源,23,沃尔沃亚太,39.99 - 46.19,,202304,61
173,沃尔沃S60新能源,21,沃尔沃亚太,39.99 - 46.19,,202305,61
178,沃尔沃S60新能源,22,沃尔沃亚太,39.99 - 46.19,,202306,61
188,沃尔沃S60新能源,26,沃尔沃亚太,39.99 - 46.19,,202307,61
187,沃尔沃S60新能源,38,沃尔沃亚太,39.99 - 46.19,,202308,61
191,沃尔沃S60新能源,39,沃尔沃亚太,39.99 - 46.19,,202309,61
199,沃尔沃S60新能源,22,沃尔沃亚太,39.99 - 46.19,,202310,61
205,沃尔沃S60新能源,28,沃尔沃亚太,39.99 - 46.19,,202311,61
203,沃尔沃S60新能源,55,沃尔沃亚太,39.99 - 46.19,,202312,61
211,沃尔沃S60新能源,24,沃尔沃亚太,39.99 - 46.19,,202401,61
223,沃尔沃S60新能源,10,沃尔沃亚太,39.99 - 46.19,,202402,61
235,沃尔沃S60新能源,9,沃尔沃亚太,39.99 - 46.19,,202403,61
239,沃尔沃S60新能源,12,沃尔沃亚太,39.99 - 46.19,,202404,61
257,沃尔沃S60新能源,3,沃尔沃亚太,39.99 - 46.19,,202405,61
261,沃尔沃S60新能源,4,沃尔沃亚太,39.99 - 46.19,,202406,61
244,捷途大圣i-DM,61,奇瑞汽车,14.99 - 16.99,,202407,61
264,沃尔沃S60新能源,7,沃尔沃亚太,39.99 - 46.19,,202407,61
49,微蓝7,284,上汽通用别克,19.78 - 21.78,,202008,60.34285714
100,微蓝7,13,上汽通用别克,19.78 - 21.78,,202009,60.34285714
101,微蓝7,15,上汽通用别克,19.78 - 21.78,,202010,60.34285714
98,微蓝7,41,上汽通用别克,19.78 - 21.78,,202011,60.34285714
92,微蓝7,83,上汽通用别克,19.78 - 21.78,,202012,60.34285714
72,微蓝7,90,上汽通用别克,19.78 - 21.78,,202101,60.34285714
86,微蓝7,21,上汽通用别克,19.78 - 21.78,,202102,60.34285714
94,微蓝7,27,上汽通用别克,19.78 - 21.78,,202103,60.34285714
89,微蓝7,59,上汽通用别克,19.78 - 21.78,,202104,60.34285714
92,微蓝7,60,上汽通用别克,19.78 - 21.78,,202105,60.34285714
94,微蓝7,54,上汽通用别克,19.78 - 21.78,,202106,60.34285714
91,微蓝7,53,上汽通用别克,19.78 - 21.78,,202107,60.34285714
92,微蓝7,62,上汽通用别克,19.78 - 21.78,,202108,60.34285714
84,微蓝7,188,上汽通用别克,19.78 - 21.78,,202109,60.34285714
86,微蓝7,187,上汽通用别克,19.78 - 21.78,,202110,60.34285714
105,微蓝7,126,上汽通用别克,19.78 - 21.78,,202111,60.34285714
105,微蓝7,152,上汽通用别克,19.78 - 21.78,,202112,60.34285714
142,微蓝7,27,上汽通用别克,19.78 - 21.78,,202201,60.34285714
135,微蓝7,30,上汽通用别克,19.78 - 21.78,,202202,60.34285714
135,微蓝7,61,上汽通用别克,19.78 - 21.78,,202203,60.34285714
155,微蓝7,2,上汽通用别克,19.78 - 21.78,,202204,60.34285714
148,微蓝7,32,上汽通用别克,19.78 - 21.78,,202205,60.34285714
129,微蓝7,145,上汽通用别克,19.78 - 21.78,,202206,60.34285714
137,微蓝7,112,上汽通用别克,19.78 - 21.78,,202207,60.34285714
149,微蓝7,86,上汽通用别克,19.78 - 21.78,,202208,60.34285714
172,微蓝7,12,上汽通用别克,19.78 - 21.78,,202209,60.34285714
176,微蓝7,4,上汽通用别克,19.78 - 21.78,,202211,60.34285714
171,微蓝7,6,上汽通用别克,19.78 - 21.78,,202301,60.34285714
166,微蓝7,21,上汽通用别克,19.78 - 21.78,,202302,60.34285714
169,微蓝7,35,上汽通用别克,19.78 - 21.78,,202303,60.34285714
192,微蓝7,3,上汽通用别克,19.78 - 21.78,,202304,60.34285714
182,微蓝7,7,上汽通用别克,19.78 - 21.78,,202305,60.34285714
188,微蓝7,7,上汽通用别克,19.78 - 21.78,,202306,60.34285714
198,微蓝7,4,上汽通用别克,19.78 - 21.78,,202307,60.34285714
202,微蓝7,3,上汽通用别克,19.78 - 21.78,,202308,60.34285714
206,MG Cyberster,109,上汽集团,31.98 - 36.58,,202403,58.5
205,MG Cyberster,96,上汽集团,31.98 - 36.58,,202404,58.5
232,MG Cyberster,58,上汽集团,31.98 - 36.58,,202405,58.5
238,MG Cyberster,65,上汽集团,31.98 - 36.58,,202406,58.5
250,MG Cyberster,46,上汽集团,31.98 - 36.58,,202407,58.5
263,MG Cyberster,42,上汽集团,31.98 - 36.58,,202409,58.5
268,MG Cyberster,26,上汽集团,31.98 - 36.58,,202410,58.5
274,MG Cyberster,26,上汽集团,31.98 - 36.58,,202411,58.5
3,荣威E50,3,上汽集团,0.00 - 0.00,,201401,55.64285714
3,荣威E50,1,上汽集团,0.00 - 0.00,,201403,55.64285714
3,荣威E50,8,上汽集团,0.00 - 0.00,,201405,55.64285714
3,荣威E50,1,上汽集团,0.00 - 0.00,,201406,55.64285714
3,荣威E50,8,上汽集团,0.00 - 0.00,,201408,55.64285714
4,荣威E50,42,上汽集团,0.00 - 0.00,,201410,55.64285714
7,荣威E50,4,上汽集团,0.00 - 0.00,,201411,55.64285714
7,荣威E50,118,上汽集团,0.00 - 0.00,,201412,55.64285714
7,荣威E50,4,上汽集团,0.00 - 0.00,,201501,55.64285714
7,荣威E50,3,上汽集团,0.00 - 0.00,,201502,55.64285714
8,荣威E50,5,上汽集团,0.00 - 0.00,,201503,55.64285714
7,荣威E50,58,上汽集团,0.00 - 0.00,,201504,55.64285714
8,荣威E50,61,上汽集团,0.00 - 0.00,,201505,55.64285714
9,荣威E50,9,上汽集团,0.00 - 0.00,,201506,55.64285714
9,荣威E50,11,上汽集团,0.00 - 0.00,,201507,55.64285714
9,荣威E50,1,上汽集团,0.00 - 0.00,,201508,55.64285714
9,荣威E50,92,上汽集团,0.00 - 0.00,,201509,55.64285714
9,荣威E50,33,上汽集团,0.00 - 0.00,,201510,55.64285714
9,荣威E50,16,上汽集团,0.00 - 0.00,,201511,55.64285714
11,荣威E50,119,上汽集团,0.00 - 0.00,,201512,55.64285714
10,荣威E50,25,上汽集团,0.00 - 0.00,,201601,55.64285714
8,荣威E50,7,上汽集团,0.00 - 0.00,,201602,55.64285714
8,荣威E50,73,上汽集团,0.00 - 0.00,,201603,55.64285714
10,荣威E50,135,上汽集团,0.00 - 0.00,,201604,55.64285714
10,荣威E50,52,上汽集团,0.00 - 0.00,,201605,55.64285714
9,荣威E50,143,上汽集团,0.00 - 0.00,,201606,55.64285714
11,荣威E50,12,上汽集团,0.00 - 0.00,,201607,55.64285714
9,荣威E50,463,上汽集团,0.00 - 0.00,,201608,55.64285714
13,荣威E50,80,上汽集团,0.00 - 0.00,,201609,55.64285714
12,荣威E50,4,上汽集团,0.00 - 0.00,,201610,55.64285714
14,荣威E50,134,上汽集团,0.00 - 0.00,,201611,55.64285714
14,荣威E50,367,上汽集团,0.00 - 0.00,,201612,55.64285714
8,荣威E50,244,上汽集团,0.00 - 0.00,,201702,55.64285714
29,荣威E50,1,上汽集团,0.00 - 0.00,,201801,55.64285714
102,荣威E50,0,上汽集团,0.00 - 0.00,,201912,55.64285714
117,荣威E50,0,上汽集团,0.00 - 0.00,,202001,55.64285714
110,荣威E50,0,上汽集团,0.00 - 0.00,,202002,55.64285714
96,荣威E50,0,上汽集团,0.00 - 0.00,,202003,55.64285714
133,荣威E50,0,上汽集团,0.00 - 0.00,,202003,55.64285714
125,荣威E50,0,上汽集团,0.00 - 0.00,,202005,55.64285714
101,荣威E50,0,上汽集团,0.00 - 0.00,,202006,55.64285714
132,荣威E50,0,上汽集团,0.00 - 0.00,,202007,55.64285714
113,荣威E50,0,上汽集团,0.00 - 0.00,,202008,55.64285714
183,腾势N8,85,腾势汽车,31.98 - 32.68,,202402,55.5
214,腾势N8,70,腾势汽车,31.98 - 32.68,,202403,55.5
230,腾势N8,33,腾势汽车,31.98 - 32.68,,202404,55.5
238,腾势N8,34,腾势汽车,31.98 - 32.68,,202405,55.5
61,起亚K3新能源,55,悦达起亚,16.68 - 20.68,,201911,53.4375
66,起亚K3新能源,83,悦达起亚,16.68 - 20.68,,201912,53.4375
92,起亚K3新能源,0,悦达起亚,16.68 - 20.68,,202001,53.4375
51,起亚K3新能源,2,悦达起亚,16.68 - 20.68,,202002,53.4375
61,起亚K3新能源,15,悦达起亚,16.68 - 20.68,,202003,53.4375
92,起亚K3新能源,4,悦达起亚,16.68 - 20.68,,202004,53.4375
78,起亚K3新能源,34,悦达起亚,16.68 - 20.68,,202005,53.4375
89,起亚K3新能源,9,悦达起亚,16.68 - 20.68,,202006,53.4375
98,起亚K3新能源,8,悦达起亚,16.68 - 20.68,,202007,53.4375
99,起亚K3新能源,10,悦达起亚,16.68 - 20.68,,202008,53.4375
92,起亚K3新能源,23,悦达起亚,16.68 - 20.68,,202009,53.4375
98,起亚K3新能源,18,悦达起亚,16.68 - 20.68,,202010,53.4375
88,起亚K3新能源,95,悦达起亚,16.68 - 20.68,,202011,53.4375
74,起亚K3新能源,212,悦达起亚,16.68 - 20.68,,202012,53.4375
92,起亚K3新能源,20,悦达起亚,16.68 - 20.68,,202101,53.4375
94,起亚K3新能源,11,悦达起亚,16.68 - 20.68,,202102,53.4375
144,起亚K3新能源,0,悦达起亚,16.68 - 20.68,,202103,53.4375
80,起亚K3新能源,90,悦达起亚,16.68 - 20.68,,202104,53.4375
90,起亚K3新能源,63,悦达起亚,16.68 - 20.68,,202105,53.4375
87,起亚K3新能源,83,悦达起亚,16.68 - 20.68,,202106,53.4375
92,起亚K3新能源,40,悦达起亚,16.68 - 20.68,,202107,53.4375
104,起亚K3新能源,20,悦达起亚,16.68 - 20.68,,202108,53.4375
100,起亚K3新能源,58,悦达起亚,16.68 - 20.68,,202109,53.4375
119,起亚K3新能源,18,悦达起亚,16.68 - 20.68,,202110,53.4375
119,起亚K3新能源,49,悦达起亚,16.68 - 20.68,,202111,53.4375
128,起亚K3新能源,40,悦达起亚,16.68 - 20.68,,202112,53.4375
144,起亚K3新能源,19,悦达起亚,16.68 - 20.68,,202201,53.4375
112,起亚K3新能源,131,悦达起亚,16.68 - 20.68,,202202,53.4375
140,起亚K3新能源,92,悦达起亚,16.68 - 20.68,,202206,53.4375
125,起亚K3新能源,200,悦达起亚,16.68 - 20.68,,202207,53.4375
131,起亚K3新能源,205,悦达起亚,16.68 - 20.68,,202208,53.4375
183,起亚K3新能源,3,悦达起亚,16.68 - 20.68,,202209,53.4375
77,途岳新能源,100,上汽大众,0.00 - 0.00,,202010,52.92307692
138,途岳新能源,0,上汽大众,0.00 - 0.00,,202011,52.92307692
37,途岳新能源,584,上汽大众,0.00 - 0.00,,202101,52.92307692
114,途岳新能源,0,上汽大众,0.00 - 0.00,,202102,52.92307692
125,途岳新能源,0,上汽大众,0.00 - 0.00,,202103,52.92307692
122,途岳新能源,0,上汽大众,0.00 - 0.00,,202104,52.92307692
136,途岳新能源,0,上汽大众,0.00 - 0.00,,202105,52.92307692
116,途岳新能源,4,上汽大众,0.00 - 0.00,,202106,52.92307692
133,途岳新能源,0,上汽大众,0.00 - 0.00,,202107,52.92307692
175,途岳新能源,0,上汽大众,0.00 - 0.00,,202107,52.92307692
142,途岳新能源,0,上汽大众,0.00 - 0.00,,202108,52.92307692
182,途岳新能源,0,上汽大众,0.00 - 0.00,,202108,52.92307692
182,途岳新能源,0,上汽大众,0.00 - 0.00,,202109,52.92307692
185,途岳新能源,0,上汽大众,0.00 - 0.00,,202110,52.92307692
150,途岳新能源,0,上汽大众,0.00 - 0.00,,202111,52.92307692
169,途岳新能源,0,上汽大众,0.00 - 0.00,,202111,52.92307692
43,力帆820EV,103,力帆汽车,0.00 - 0.00,,201809,52
39,力帆820EV,122,力帆汽车,0.00 - 0.00,,201810,52
40,力帆820EV,601,力帆汽车,0.00 - 0.00,,201811,52
45,力帆820EV,359,力帆汽车,0.00 - 0.00,,201812,52
66,力帆820EV,1,力帆汽车,0.00 - 0.00,,201906,52
59,力帆820EV,2,力帆汽车,0.00 - 0.00,,201907,52
72,力帆820EV,0,力帆汽车,0.00 - 0.00,,201908,52
67,力帆820EV,0,力帆汽车,0.00 - 0.00,,201909,52
70,力帆820EV,3,力帆汽车,0.00 - 0.00,,201910,52
99,力帆820EV,0,力帆汽车,0.00 - 0.00,,201911,52
119,力帆820EV,0,力帆汽车,0.00 - 0.00,,201912,52
98,力帆820EV,0,力帆汽车,0.00 - 0.00,,202001,52
83,力帆820EV,0,力帆汽车,0.00 - 0.00,,202002,52
104,力帆820EV,0,力帆汽车,0.00 - 0.00,,202003,52
108,力帆820EV,0,力帆汽车,0.00 - 0.00,,202004,52
127,力帆820EV,0,力帆汽车,0.00 - 0.00,,202005,52
91,力帆820EV,5,力帆汽车,0.00 - 0.00,,202006,52
129,力帆820EV,0,力帆汽车,0.00 - 0.00,,202007,52
121,力帆820EV,0,力帆汽车,0.00 - 0.00,,202009,52
122,力帆820EV,0,力帆汽车,0.00 - 0.00,,202010,52
122,力帆820EV,0,力帆汽车,0.00 - 0.00,,202011,52
140,力帆820EV,0,力帆汽车,0.00 - 0.00,,202012,52
150,力帆820EV,0,力帆汽车,0.00 - 0.00,,202101,52
71,大蚂蚁,56,奇瑞新能源,15.66 - 17.99,,202102,51.18181818
54,大蚂蚁,380,奇瑞新能源,15.66 - 17.99,,202103,51.18181818
75,大蚂蚁,149,奇瑞新能源,15.66 - 17.99,,202105,51.18181818
130,大蚂蚁,0,奇瑞新能源,15.66 - 17.99,,202107,51.18181818
171,大蚂蚁,0,奇瑞新能源,15.66 - 17.99,,202107,51.18181818
100,大蚂蚁,24,奇瑞新能源,15.66 - 17.99,,202108,51.18181818
112,大蚂蚁,11,奇瑞新能源,15.66 - 17.99,,202109,51.18181818
113,大蚂蚁,33,奇瑞新能源,15.66 - 17.99,,202110,51.18181818
115,大蚂蚁,50,奇瑞新能源,15.66 - 17.99,,202111,51.18181818
108,大蚂蚁,121,奇瑞新能源,15.66 - 17.99,,202112,51.18181818
135,大蚂蚁,40,奇瑞新能源,15.66 - 17.99,,202201,51.18181818
127,大蚂蚁,55,奇瑞新能源,15.66 - 17.99,,202202,51.18181818
139,大蚂蚁,35,奇瑞新能源,15.66 - 17.99,,202203,51.18181818
139,大蚂蚁,20,奇瑞新能源,15.66 - 17.99,,202204,51.18181818
152,大蚂蚁,9,奇瑞新能源,15.66 - 17.99,,202205,51.18181818
171,大蚂蚁,1,奇瑞新能源,15.66 - 17.99,,202206,51.18181818
163,大蚂蚁,4,奇瑞新能源,15.66 - 17.99,,202207,51.18181818
170,大蚂蚁,2,奇瑞新能源,15.66 - 17.99,,202208,51.18181818
176,大蚂蚁,9,奇瑞新能源,15.66 - 17.99,,202209,51.18181818
169,大蚂蚁,6,奇瑞新能源,15.66 - 17.99,,202210,51.18181818
145,大蚂蚁,110,奇瑞新能源,15.66 - 17.99,,202211,51.18181818
172,大蚂蚁,9,奇瑞新能源,15.66 - 17.99,,202212,51.18181818
179,大蚂蚁,2,奇瑞新能源,15.66 - 17.99,,202302,51.18181818
130,阿图柯AIRTREK,48,广汽三菱,19.98 - 22.98,,202201,49.88888889
121,阿图柯AIRTREK,79,广汽三菱,19.98 - 22.98,,202202,49.88888889
128,阿图柯AIRTREK,105,广汽三菱,19.98 - 22.98,,202203,49.88888889
110,阿图柯AIRTREK,161,广汽三菱,19.98 - 22.98,,202204,49.88888889
130,阿图柯AIRTREK,93,广汽三菱,19.98 - 22.98,,202205,49.88888889
152,阿图柯AIRTREK,54,广汽三菱,19.98 - 22.98,,202206,49.88888889
148,阿图柯AIRTREK,54,广汽三菱,19.98 - 22.98,,202207,49.88888889
152,阿图柯AIRTREK,61,广汽三菱,19.98 - 22.98,,202208,49.88888889
170,阿图柯AIRTREK,26,广汽三菱,19.98 - 22.98,,202209,49.88888889
167,阿图柯AIRTREK,10,广汽三菱,19.98 - 22.98,,202210,49.88888889
173,阿图柯AIRTREK,5,广汽三菱,19.98 - 22.98,,202211,49.88888889
177,阿图柯AIRTREK,3,广汽三菱,19.98 - 22.98,,202212,49.88888889
174,阿图柯AIRTREK,5,广汽三菱,19.98 - 22.98,,202301,49.88888889
185,阿图柯AIRTREK,2,广汽三菱,19.98 - 22.98,,202302,49.88888889
135,阿图柯AIRTREK,171,广汽三菱,19.98 - 22.98,,202303,49.88888889
188,阿图柯AIRTREK,5,广汽三菱,19.98 - 22.98,,202304,49.88888889
178,阿图柯AIRTREK,10,广汽三菱,19.98 - 22.98,,202305,49.88888889
190,阿图柯AIRTREK,6,广汽三菱,19.98 - 22.98,,202306,49.88888889
85,江淮iC5,0,江淮汽车,14.99 - 17.59,,202003,49.86363636
121,江淮iC5,0,江淮汽车,14.99 - 17.59,,202003,49.86363636
51,江淮iC5,89,江淮汽车,14.99 - 17.59,,202004,49.86363636
66,江淮iC5,92,江淮汽车,14.99 - 17.59,,202005,49.86363636
67,江淮iC5,72,江淮汽车,14.99 - 17.59,,202006,49.86363636
74,江淮iC5,70,江淮汽车,14.99 - 17.59,,202007,49.86363636
53,江淮iC5,258,江淮汽车,14.99 - 17.59,,202008,49.86363636
69,江淮iC5,109,江淮汽车,14.99 - 17.59,,202009,49.86363636
62,江淮iC5,216,江淮汽车,14.99 - 17.59,,202010,49.86363636
87,江淮iC5,98,江淮汽车,14.99 - 17.59,,202011,49.86363636
105,江淮iC5,38,江淮汽车,14.99 - 17.59,,202012,49.86363636
81,江淮iC5,51,江淮汽车,14.99 - 17.59,,202101,49.86363636
99,江淮iC5,4,江淮汽车,14.99 - 17.59,,202102,49.86363636
137,江淮iC5,0,江淮汽车,14.99 - 17.59,,202103,49.86363636
134,江淮iC5,0,江淮汽车,14.99 - 17.59,,202104,49.86363636
147,江淮iC5,0,江淮汽车,14.99 - 17.59,,202105,49.86363636
153,江淮iC5,0,江淮汽车,14.99 - 17.59,,202105,49.86363636
141,江淮iC5,0,江淮汽车,14.99 - 17.59,,202106,49.86363636
124,江淮iC5,0,江淮汽车,14.99 - 17.59,,202107,49.86363636
168,江淮iC5,0,江淮汽车,14.99 - 17.59,,202107,49.86363636
139,江淮iC5,0,江淮汽车,14.99 - 17.59,,202108,49.86363636
179,江淮iC5,0,江淮汽车,14.99 - 17.59,,202108,49.86363636
176,江淮iC5,0,江淮汽车,14.99 - 17.59,,202109,49.86363636
173,江淮iC5,0,江淮汽车,14.99 - 17.59,,202110,49.86363636
162,江淮iC5,0,江淮汽车,14.99 - 17.59,,202111,49.86363636
210,江淮iC5,0,江淮汽车,14.99 - 17.59,,202112,49.86363636
40,星越新能源,260,吉利新能源,17.58 - 21.68,,201906,49.4
40,星越新能源,96,吉利新能源,17.58 - 21.68,,201907,49.4
42,星越新能源,169,吉利新能源,17.58 - 21.68,,201908,49.4
53,星越新能源,72,吉利新能源,17.58 - 21.68,,201909,49.4
58,星越新能源,52,吉利新能源,17.58 - 21.68,,201910,49.4
58,星越新能源,67,吉利新能源,17.58 - 21.68,,201911,49.4
73,星越新能源,54,吉利新能源,17.58 - 21.68,,201912,49.4
69,星越新能源,19,吉利新能源,17.58 - 21.68,,202001,49.4
59,星越新能源,1,吉利新能源,17.58 - 21.68,,202002,49.4
66,星越新能源,10,吉利新能源,17.58 - 21.68,,202003,49.4
60,星越新能源,37,吉利新能源,17.58 - 21.68,,202004,49.4
74,星越新能源,51,吉利新能源,17.58 - 21.68,,202005,49.4
73,星越新能源,56,吉利新能源,17.58 - 21.68,,202006,49.4
79,星越新能源,33,吉利新能源,17.58 - 21.68,,202007,49.4
81,星越新能源,53,吉利新能源,17.58 - 21.68,,202008,49.4
84,星越新能源,50,吉利新能源,17.58 - 21.68,,202009,49.4
104,星越新能源,10,吉利新能源,17.58 - 21.68,,202010,49.4
101,星越新能源,29,吉利新能源,17.58 - 21.68,,202011,49.4
96,星越新能源,69,吉利新能源,17.58 - 21.68,,202012,49.4
90,星越新能源,23,吉利新能源,17.58 - 21.68,,202101,49.4
87,星越新能源,18,吉利新能源,17.58 - 21.68,,202102,49.4
79,星越新能源,70,吉利新能源,17.58 - 21.68,,202103,49.4
95,星越新能源,44,吉利新能源,17.58 - 21.68,,202104,49.4
98,星越新能源,39,吉利新能源,17.58 - 21.68,,202105,49.4
83,星越新能源,112,吉利新能源,17.58 - 21.68,,202106,49.4
93,星越新能源,33,吉利新能源,17.58 - 21.68,,202107,49.4
97,星越新能源,39,吉利新能源,17.58 - 21.68,,202108,49.4
113,星越新能源,10,吉利新能源,17.58 - 21.68,,202109,49.4
108,星越新能源,40,吉利新能源,17.58 - 21.68,,202110,49.4
117,星越新能源,50,吉利新能源,17.58 - 21.68,,202111,49.4
131,星越新能源,28,吉利新能源,17.58 - 21.68,,202112,49.4
146,星越新能源,17,吉利新能源,17.58 - 21.68,,202201,49.4
155,星越新能源,1,吉利新能源,17.58 - 21.68,,202202,49.4
148,星越新能源,12,吉利新能源,17.58 - 21.68,,202203,49.4
156,星越新能源,5,吉利新能源,17.58 - 21.68,,202205,49.4
79,思皓E40X,92,江汽集团,13.00 - 15.59,,202104,49.30769231
102,思皓E40X,30,江汽集团,13.00 - 15.59,,202105,49.30769231
88,思皓E40X,75,江汽集团,13.00 - 15.59,,202106,49.30769231
87,思皓E40X,67,江汽集团,13.00 - 15.59,,202107,49.30769231
89,思皓E40X,67,江汽集团,13.00 - 15.59,,202108,49.30769231
96,思皓E40X,68,江汽集团,13.00 - 15.59,,202109,49.30769231
103,思皓E40X,71,江汽集团,13.00 - 15.59,,202110,49.30769231
121,思皓E40X,43,江汽集团,13.00 - 15.59,,202111,49.30769231
116,思皓E40X,61,江汽集团,13.00 - 15.59,,202112,49.30769231
143,思皓E40X,25,江汽集团,13.00 - 15.59,,202201,49.30769231
137,思皓E40X,28,江汽集团,13.00 - 15.59,,202202,49.30769231
146,思皓E40X,13,江汽集团,13.00 - 15.59,,202203,49.30769231
157,思皓E40X,1,江汽集团,13.00 - 15.59,,202204,49.30769231
140,大指挥官PHEV,29,广汽菲克Jeep,0.00 - 0.00,,202201,47
125,大指挥官PHEV,65,广汽菲克Jeep,0.00 - 0.00,,202202,47
128,北汽新能源EC3,5,北汽新能源,7.38 - 7.98,,202110,46.66666667
142,北汽新能源EC3,2,北汽新能源,7.38 - 7.98,,202111,46.66666667
107,北汽新能源EC3,133,北汽新能源,7.38 - 7.98,,202112,46.66666667
119,斯派卡新能源,95,野马汽车,14.99 - 16.99,,202201,45.91666667
120,斯派卡新能源,85,野马汽车,14.99 - 16.99,,202202,45.91666667
131,斯派卡新能源,77,野马汽车,14.99 - 16.99,,202203,45.91666667
125,斯派卡新能源,65,野马汽车,14.99 - 16.99,,202204,45.91666667
140,斯派卡新能源,58,野马汽车,14.99 - 16.99,,202205,45.91666667
153,斯派卡新能源,52,野马汽车,14.99 - 16.99,,202206,45.91666667
150,斯派卡新能源,48,野马汽车,14.99 - 16.99,,202207,45.91666667
158,斯派卡新能源,34,野马汽车,14.99 - 16.99,,202208,45.91666667
177,斯派卡新能源,8,野马汽车,14.99 - 16.99,,202209,45.91666667
166,斯派卡新能源,10,野马汽车,14.99 - 16.99,,202210,45.91666667
170,斯派卡新能源,9,野马汽车,14.99 - 16.99,,202211,45.91666667
171,斯派卡新能源,10,野马汽车,14.99 - 16.99,,202212,45.91666667
69,海马爱尚EV,207,海马汽车,3.98 - 4.28,,202011,40
133,海马爱尚EV,0,海马汽车,3.98 - 4.28,,202012,40
72,海马爱尚EV,48,海马汽车,3.98 - 4.28,,202102,40
147,海马爱尚EV,0,海马汽车,3.98 - 4.28,,202103,40
139,海马爱尚EV,0,海马汽车,3.98 - 4.28,,202104,40
157,海马爱尚EV,0,海马汽车,3.98 - 4.28,,202105,40
129,海马爱尚EV,0,海马汽车,3.98 - 4.28,,202106,40
161,海马爱尚EV,0,海马汽车,3.98 - 4.28,,202106,40
137,海马爱尚EV,0,海马汽车,3.98 - 4.28,,202107,40
179,海马爱尚EV,0,海马汽车,3.98 - 4.28,,202107,40
144,海马爱尚EV,0,海马汽车,3.98 - 4.28,,202108,40
186,海马爱尚EV,0,海马汽车,3.98 - 4.28,,202109,40
83,海马爱尚EV,205,海马汽车,3.98 - 4.28,,202110,40
128,海马爱尚EV,24,海马汽车,3.98 - 4.28,,202111,40
132,海马爱尚EV,26,海马汽车,3.98 - 4.28,,202112,40
129,海马爱尚EV,50,海马汽车,3.98 - 4.28,,202201,40
47,祺智EV,200,广汽三菱新能源,12.98 - 13.98,,201811,39.77777778
49,祺智EV,189,广汽三菱新能源,12.98 - 13.98,,201812,39.77777778
34,祺智EV,263,广汽三菱新能源,12.98 - 13.98,,201901,39.77777778
44,祺智EV,76,广汽三菱新能源,12.98 - 13.98,,201902,39.77777778
47,祺智EV,137,广汽三菱新能源,12.98 - 13.98,,201903,39.77777778
50,祺智EV,109,广汽三菱新能源,12.98 - 13.98,,201904,39.77777778
57,祺智EV,39,广汽三菱新能源,12.98 - 13.98,,201905,39.77777778
59,祺智EV,15,广汽三菱新能源,12.98 - 13.98,,201906,39.77777778
49,祺智EV,19,广汽三菱新能源,12.98 - 13.98,,201907,39.77777778
54,祺智EV,37,广汽三菱新能源,12.98 - 13.98,,201908,39.77777778
57,祺智EV,50,广汽三菱新能源,12.98 - 13.98,,201909,39.77777778
62,祺智EV,38,广汽三菱新能源,12.98 - 13.98,,201910,39.77777778
67,祺智EV,38,广汽三菱新能源,12.98 - 13.98,,201911,39.77777778
79,祺智EV,27,广汽三菱新能源,12.98 - 13.98,,201912,39.77777778
79,祺智EV,7,广汽三菱新能源,12.98 - 13.98,,202001,39.77777778
60,祺智EV,1,广汽三菱新能源,12.98 - 13.98,,202002,39.77777778
81,祺智EV,5,广汽三菱新能源,12.98 - 13.98,,202003,39.77777778
89,祺智EV,7,广汽三菱新能源,12.98 - 13.98,,202004,39.77777778
90,祺智EV,15,广汽三菱新能源,12.98 - 13.98,,202005,39.77777778
53,祺智EV,160,广汽三菱新能源,12.98 - 13.98,,202006,39.77777778
128,祺智EV,0,广汽三菱新能源,12.98 - 13.98,,202007,39.77777778
120,祺智EV,0,广汽三菱新能源,12.98 - 13.98,,202009,39.77777778
120,祺智EV,0,广汽三菱新能源,12.98 - 13.98,,202010,39.77777778
120,祺智EV,0,广汽三菱新能源,12.98 - 13.98,,202011,39.77777778
136,祺智EV,0,广汽三菱新能源,12.98 - 13.98,,202012,39.77777778
134,祺智EV,0,广汽三菱新能源,12.98 - 13.98,,202102,39.77777778
145,祺智EV,0,广汽三菱新能源,12.98 - 13.98,,202103,39.77777778
137,祺智EV,0,广汽三菱新能源,12.98 - 13.98,,202104,39.77777778
158,祺智EV,0,广汽三菱新能源,12.98 - 13.98,,202105,39.77777778
132,祺智EV,0,广汽三菱新能源,12.98 - 13.98,,202106,39.77777778
161,祺智EV,0,广汽三菱新能源,12.98 - 13.98,,202107,39.77777778
130,祺智EV,0,广汽三菱新能源,12.98 - 13.98,,202108,39.77777778
170,祺智EV,0,广汽三菱新能源,12.98 - 13.98,,202108,39.77777778
166,祺智EV,0,广汽三菱新能源,12.98 - 13.98,,202109,39.77777778
139,祺智EV,0,广汽三菱新能源,12.98 - 13.98,,202110,39.77777778
165,祺智EV,0,广汽三菱新能源,12.98 - 13.98,,202110,39.77777778
156,祺智EV,0,广汽三菱新能源,12.98 - 13.98,,202111,39.77777778
204,祺智EV,0,广汽三菱新能源,12.98 - 13.98,,202112,39.77777778
49,领克02新能源,99,领克,18.27 - 19.77,,201910,39.52
49,领克02新能源,139,领克,18.27 - 19.77,,201911,39.52
60,领克02新能源,131,领克,18.27 - 19.77,,201912,39.52
60,领克02新能源,39,领克,18.27 - 19.77,,202001,39.52
44,领克02新能源,5,领克,18.27 - 19.77,,202002,39.52
50,领克02新能源,45,领克,18.27 - 19.77,,202003,39.52
62,领克02新能源,34,领克,18.27 - 19.77,,202004,39.52
86,领克02新能源,21,领克,18.27 - 19.77,,202005,39.52
65,领克02新能源,89,领克,18.27 - 19.77,,202006,39.52
113,领克02新能源,1,领克,18.27 - 19.77,,202007,39.52
84,领克02新能源,42,领克,18.27 - 19.77,,202008,39.52
86,领克02新能源,42,领克,18.27 - 19.77,,202009,39.52
89,领克02新能源,42,领克,18.27 - 19.77,,202010,39.52
105,领克02新能源,18,领克,18.27 - 19.77,,202011,39.52
102,领克02新能源,50,领克,18.27 - 19.77,,202012,39.52
103,领克02新能源,7,领克,18.27 - 19.77,,202101,39.52
83,领克02新能源,25,领克,18.27 - 19.77,,202102,39.52
88,领克02新能源,45,领克,18.27 - 19.77,,202103,39.52
99,领克02新能源,33,领克,18.27 - 19.77,,202104,39.52
107,领克02新能源,19,领克,18.27 - 19.77,,202105,39.52
108,领克02新能源,19,领克,18.27 - 19.77,,202106,39.52
107,领克02新能源,10,领克,18.27 - 19.77,,202107,39.52
110,领克02新能源,10,领克,18.27 - 19.77,,202108,39.52
106,领克02新能源,23,领克,18.27 - 19.77,,202109,39.52
185,领克02新能源,0,领克,18.27 - 19.77,,202112,39.52
20,LITE,64,北汽新能源,11.08 - 12.68,,201801,37.74193548
18,LITE,139,北汽新能源,11.08 - 12.68,,201802,37.74193548
24,LITE,147,北汽新能源,11.08 - 12.68,,201803,37.74193548
30,LITE,143,北汽新能源,11.08 - 12.68,,201804,37.74193548
35,LITE,72,北汽新能源,11.08 - 12.68,,201805,37.74193548
37,LITE,300,北汽新能源,11.08 - 12.68,,201903,37.74193548
60,LITE,10,北汽新能源,11.08 - 12.68,,201905,37.74193548
63,LITE,4,北汽新能源,11.08 - 12.68,,201906,37.74193548
55,LITE,5,北汽新能源,11.08 - 12.68,,201907,37.74193548
47,LITE,90,北汽新能源,11.08 - 12.68,,201908,37.74193548
59,LITE,31,北汽新能源,11.08 - 12.68,,201909,37.74193548
89,LITE,0,北汽新能源,11.08 - 12.68,,201910,37.74193548
91,LITE,0,北汽新能源,11.08 - 12.68,,201911,37.74193548
104,LITE,0,北汽新能源,11.08 - 12.68,,201911,37.74193548
57,LITE,160,北汽新能源,11.08 - 12.68,,201912,37.74193548
104,LITE,0,北汽新能源,11.08 - 12.68,,202001,37.74193548
95,LITE,0,北汽新能源,11.08 - 12.68,,202002,37.74193548
119,LITE,0,北汽新能源,11.08 - 12.68,,202003,37.74193548
116,LITE,0,北汽新能源,11.08 - 12.68,,202004,37.74193548
134,LITE,0,北汽新能源,11.08 - 12.68,,202005,37.74193548
119,LITE,0,北汽新能源,11.08 - 12.68,,202006,37.74193548
111,LITE,1,北汽新能源,11.08 - 12.68,,202007,37.74193548
123,LITE,0,北汽新能源,11.08 - 12.68,,202009,37.74193548
111,LITE,1,北汽新能源,11.08 - 12.68,,202010,37.74193548
126,LITE,0,北汽新能源,11.08 - 12.68,,202011,37.74193548
139,LITE,0,北汽新能源,11.08 - 12.68,,202012,37.74193548
139,LITE,0,北汽新能源,11.08 - 12.68,,202101,37.74193548
121,LITE,1,北汽新能源,11.08 - 12.68,,202107,37.74193548
155,LITE,0,北汽新能源,11.08 - 12.68,,202108,37.74193548
154,LITE,0,北汽新能源,11.08 - 12.68,,202109,37.74193548
131,LITE,1,北汽新能源,11.08 - 12.68,,202110,37.74193548
148,LITE,1,北汽新能源,11.08 - 12.68,,202112,37.74193548
59,易至EX5,1,江铃集团新能源,12.58 - 13.28,,201901,37.28125
57,易至EX5,1,江铃集团新能源,12.58 - 13.28,,201902,37.28125
74,易至EX5,0,江铃集团新能源,12.58 - 13.28,,201907,37.28125
60,易至EX5,12,江铃集团新能源,12.58 - 13.28,,201908,37.28125
51,易至EX5,91,江铃集团新能源,12.58 - 13.28,,201909,37.28125
64,易至EX5,31,江铃集团新能源,12.58 - 13.28,,201910,37.28125
74,易至EX5,4,江铃集团新能源,12.58 - 13.28,,201911,37.28125
46,易至EX5,337,江铃集团新能源,12.58 - 13.28,,201912,37.28125
66,易至EX5,26,江铃集团新能源,12.58 - 13.28,,202001,37.28125
67,易至EX5,0,江铃集团新能源,12.58 - 13.28,,202002,37.28125
129,易至EX5,0,江铃集团新能源,12.58 - 13.28,,202002,37.28125
80,易至EX5,5,江铃集团新能源,12.58 - 13.28,,202003,37.28125
72,易至EX5,20,江铃集团新能源,12.58 - 13.28,,202004,37.28125
98,易至EX5,3,江铃集团新能源,12.58 - 13.28,,202005,37.28125
39,易至EX5,352,江铃集团新能源,12.58 - 13.28,,202006,37.28125
108,易至EX5,2,江铃集团新能源,12.58 - 13.28,,202007,37.28125
104,易至EX5,6,江铃集团新能源,12.58 - 13.28,,202008,37.28125
114,易至EX5,0,江铃集团新能源,12.58 - 13.28,,202009,37.28125
110,易至EX5,3,江铃集团新能源,12.58 - 13.28,,202010,37.28125
147,易至EX5,0,江铃集团新能源,12.58 - 13.28,,202011,37.28125
126,易至EX5,0,江铃集团新能源,12.58 - 13.28,,202012,37.28125
151,易至EX5,0,江铃集团新能源,12.58 - 13.28,,202012,37.28125
111,易至EX5,2,江铃集团新能源,12.58 - 13.28,,202101,37.28125
121,易至EX5,0,江铃集团新能源,12.58 - 13.28,,202102,37.28125
101,易至EX5,17,江铃集团新能源,12.58 - 13.28,,202103,37.28125
106,易至EX5,21,江铃集团新能源,12.58 - 13.28,,202104,37.28125
140,易至EX5,0,江铃集团新能源,12.58 - 13.28,,202105,37.28125
93,易至EX5,55,江铃集团新能源,12.58 - 13.28,,202106,37.28125
98,易至EX5,25,江铃集团新能源,12.58 - 13.28,,202107,37.28125
105,易至EX5,16,江铃集团新能源,12.58 - 13.28,,202108,37.28125
104,易至EX5,32,江铃集团新能源,12.58 - 13.28,,202109,37.28125
107,易至EX5,41,江铃集团新能源,12.58 - 13.28,,202110,37.28125
124,易至EX5,34,江铃集团新能源,12.58 - 13.28,,202111,37.28125
121,易至EX5,56,江铃集团新能源,12.58 - 13.28,,202112,37.28125
199,高合HiPhi X,25,华人运通,57.00 - 80.00,,202309,37
170,高合HiPhi X,160,华人运通,57.00 - 80.00,,202310,37
208,高合HiPhi X,16,华人运通,57.00 - 80.00,,202311,37
212,高合HiPhi X,25,华人运通,57.00 - 80.00,,202312,37
214,高合HiPhi X,21,华人运通,57.00 - 80.00,,202401,37
224,高合HiPhi X,10,华人运通,57.00 - 80.00,,202402,37
286,高合HiPhi X,2,华人运通,57.00 - 80.00,,202409,37
55,领克03新能源,77,领克,17.67 - 19.67,,201910,34.64
71,领克03新能源,23,领克,17.67 - 19.67,,201911,34.64
61,领克03新能源,115,领克,17.67 - 19.67,,201912,34.64
56,领克03新能源,52,领克,17.67 - 19.67,,202001,34.64
118,领克03新能源,0,领克,17.67 - 19.67,,202002,34.64
43,领克03新能源,74,领克,17.67 - 19.67,,202003,34.64
82,领克03新能源,11,领克,17.67 - 19.67,,202004,34.64
82,领克03新能源,26,领克,17.67 - 19.67,,202005,34.64
77,领克03新能源,36,领克,17.67 - 19.67,,202006,34.64
95,领克03新能源,11,领克,17.67 - 19.67,,202007,34.64
86,领克03新能源,33,领克,17.67 - 19.67,,202008,34.64
88,领克03新能源,33,领克,17.67 - 19.67,,202009,34.64
92,领克03新能源,36,领克,17.67 - 19.67,,202010,34.64
103,领克03新能源,21,领克,17.67 - 19.67,,202011,34.64
101,领克03新能源,54,领克,17.67 - 19.67,,202012,34.64
98,领克03新能源,14,领克,17.67 - 19.67,,202101,34.64
77,领克03新能源,35,领克,17.67 - 19.67,,202102,34.64
81,领克03新能源,64,领克,17.67 - 19.67,,202103,34.64
98,领克03新能源,40,领克,17.67 - 19.67,,202104,34.64
100,领克03新能源,35,领克,17.67 - 19.67,,202105,34.64
101,领克03新能源,40,领克,17.67 - 19.67,,202106,34.64
95,领克03新能源,29,领克,17.67 - 19.67,,202107,34.64
114,领克03新能源,7,领克,17.67 - 19.67,,202108,34.64
152,领克03新能源,0,领克,17.67 - 19.67,,202109,34.64
188,领克03新能源,0,领克,17.67 - 19.67,,202112,34.64
19,传祺GA3S PHEV,108,广汽埃安,16.48 - 17.48,,201706,33.5
21,传祺GA3S PHEV,31,广汽埃安,16.48 - 17.48,,201707,33.5
24,传祺GA3S PHEV,71,广汽埃安,16.48 - 17.48,,201708,33.5
24,传祺GA3S PHEV,182,广汽埃安,16.48 - 17.48,,201709,33.5
26,传祺GA3S PHEV,193,广汽埃安,16.48 - 17.48,,201710,33.5
27,传祺GA3S PHEV,106,广汽埃安,16.48 - 17.48,,201711,33.5
25,传祺GA3S PHEV,103,广汽埃安,16.48 - 17.48,,201712,33.5
23,传祺GA3S PHEV,34,广汽埃安,16.48 - 17.48,,201801,33.5
24,传祺GA3S PHEV,5,广汽埃安,16.48 - 17.48,,201802,33.5
32,传祺GA3S PHEV,43,广汽埃安,16.48 - 17.48,,201804,33.5
40,传祺GA3S PHEV,1,广汽埃安,16.48 - 17.48,,201805,33.5
45,传祺GA3S PHEV,48,广汽埃安,16.48 - 17.48,,201809,33.5
45,传祺GA3S PHEV,46,广汽埃安,16.48 - 17.48,,201810,33.5
53,传祺GA3S PHEV,51,广汽埃安,16.48 - 17.48,,201811,33.5
62,传祺GA3S PHEV,28,广汽埃安,16.48 - 17.48,,201812,33.5
40,传祺GA3S PHEV,147,广汽埃安,16.48 - 17.48,,201901,33.5
60,传祺GA3S PHEV,5,广汽埃安,16.48 - 17.48,,201904,33.5
64,传祺GA3S PHEV,3,广汽埃安,16.48 - 17.48,,201906,33.5
68,传祺GA3S PHEV,0,广汽埃安,16.48 - 17.48,,201907,33.5
66,传祺GA3S PHEV,1,广汽埃安,16.48 - 17.48,,201908,33.5
79,传祺GA3S PHEV,0,广汽埃安,16.48 - 17.48,,201909,33.5
86,传祺GA3S PHEV,0,广汽埃安,16.48 - 17.48,,201910,33.5
88,传祺GA3S PHEV,0,广汽埃安,16.48 - 17.48,,201911,33.5
101,传祺GA3S PHEV,0,广汽埃安,16.48 - 17.48,,201911,33.5
107,传祺GA3S PHEV,0,广汽埃安,16.48 - 17.48,,201912,33.5
95,传祺GA3S PHEV,0,广汽埃安,16.48 - 17.48,,202001,33.5
82,传祺GA3S PHEV,0,广汽埃安,16.48 - 17.48,,202002,33.5
103,传祺GA3S PHEV,0,广汽埃安,16.48 - 17.48,,202003,33.5
103,传祺GA3S PHEV,0,广汽埃安,16.48 - 17.48,,202004,33.5
122,传祺GA3S PHEV,0,广汽埃安,16.48 - 17.48,,202005,33.5
108,传祺GA3S PHEV,0,广汽埃安,16.48 - 17.48,,202006,33.5
124,传祺GA3S PHEV,0,广汽埃安,16.48 - 17.48,,202007,33.5
115,传祺GA3S PHEV,0,广汽埃安,16.48 - 17.48,,202009,33.5
115,传祺GA3S PHEV,0,广汽埃安,16.48 - 17.48,,202010,33.5
116,传祺GA3S PHEV,0,广汽埃安,16.48 - 17.48,,202011,33.5
128,传祺GA3S PHEV,0,广汽埃安,16.48 - 17.48,,202012,33.5
154,传祺GA3S PHEV,0,广汽埃安,16.48 - 17.48,,202012,33.5
132,传祺GA3S PHEV,0,广汽埃安,16.48 - 17.48,,202101,33.5
129,东风风神E60,2,东风乘用车,13.27 - 13.97,,202110,32
118,东风风神E60,50,东风乘用车,13.27 - 13.97,,202111,32
126,东风风神E60,44,东风乘用车,13.27 - 13.97,,202112,32
134,MG领航新能源,0,上汽集团,16.68 - 18.68,,202107,31.30769231
176,MG领航新能源,0,上汽集团,16.68 - 18.68,,202107,31.30769231
98,MG领航新能源,27,上汽集团,16.68 - 18.68,,202108,31.30769231
102,MG领航新能源,52,上汽集团,16.68 - 18.68,,202109,31.30769231
95,MG领航新能源,105,上汽集团,16.68 - 18.68,,202110,31.30769231
122,MG领航新能源,38,上汽集团,16.68 - 18.68,,202111,31.30769231
125,MG领航新能源,47,上汽集团,16.68 - 18.68,,202112,31.30769231
145,MG领航新能源,56,上汽集团,16.68 - 18.68,,202301,31.30769231
151,MG领航新能源,64,上汽集团,16.68 - 18.68,,202302,31.30769231
189,MG领航新能源,5,上汽集团,16.68 - 18.68,,202303,31.30769231
191,MG领航新能源,4,上汽集团,16.68 - 18.68,,202304,31.30769231
183,MG领航新能源,5,上汽集团,16.68 - 18.68,,202305,31.30769231
227,MG领航新能源,1,上汽集团,16.68 - 18.68,,202311,31.30769231
225,MG领航新能源,3,上汽集团,16.68 - 18.68,,202312,31.30769231
110,长安欧尚X7 EV,1,长安汽车,15.99 - 17.99,,202007,30
108,长安欧尚X7 EV,3,长安汽车,15.99 - 17.99,,202008,30
96,长安欧尚X7 EV,17,长安汽车,15.99 - 17.99,,202009,30
116,长安欧尚X7 EV,0,长安汽车,15.99 - 17.99,,202010,30
71,长安欧尚X7 EV,188,长安汽车,15.99 - 17.99,,202011,30
99,长安欧尚X7 EV,61,长安汽车,15.99 - 17.99,,202012,30
91,长安欧尚X7 EV,20,长安汽车,15.99 - 17.99,,202101,30
90,长安欧尚X7 EV,14,长安汽车,15.99 - 17.99,,202102,30
98,长安欧尚X7 EV,23,长安汽车,15.99 - 17.99,,202103,30
141,长安欧尚X7 EV,0,长安汽车,15.99 - 17.99,,202104,30
113,长安欧尚X7 EV,4,长安汽车,15.99 - 17.99,,202105,30
85,长安欧尚X7 EV,98,长安汽车,15.99 - 17.99,,202106,30
120,长安欧尚X7 EV,1,长安汽车,15.99 - 17.99,,202107,30
103,长安欧尚X7 EV,50,长安汽车,15.99 - 17.99,,202109,30
197,长安欧尚X7 EV,0,长安汽车,15.99 - 17.99,,202111,30
205,长安欧尚X7 EV,0,长安汽车,15.99 - 17.99,,202111,30
180,长安欧尚X7 EV,0,长安汽车,15.99 - 17.99,,202112,30
204,起亚EV6,3,起亚(进口),28.28 - 43.98,,202308,27.75
179,起亚EV6,96,起亚(进口),28.28 - 43.98,,202309,27.75
206,起亚EV6,6,起亚(进口),28.28 - 43.98,,202310,27.75
216,起亚EV6,6,起亚(进口),28.28 - 43.98,,202311,27.75
78,天逸 C5 AIRCROSS新能源,36,东风雪铁龙,23.17 - 26.47,,202007,26.2962963
88,天逸 C5 AIRCROSS新能源,24,东风雪铁龙,23.17 - 26.47,,202008,26.2962963
91,天逸 C5 AIRCROSS新能源,28,东风雪铁龙,23.17 - 26.47,,202009,26.2962963
95,天逸 C5 AIRCROSS新能源,28,东风雪铁龙,23.17 - 26.47,,202010,26.2962963
96,天逸 C5 AIRCROSS新能源,52,东风雪铁龙,23.17 - 26.47,,202011,26.2962963
93,天逸 C5 AIRCROSS新能源,78,东风雪铁龙,23.17 - 26.47,,202012,26.2962963
82,天逸 C5 AIRCROSS新能源,45,东风雪铁龙,23.17 - 26.47,,202101,26.2962963
143,天逸 C5 AIRCROSS新能源,0,东风雪铁龙,23.17 - 26.47,,202102,26.2962963
102,天逸 C5 AIRCROSS新能源,12,东风雪铁龙,23.17 - 26.47,,202103,26.2962963
92,天逸 C5 AIRCROSS新能源,53,东风雪铁龙,23.17 - 26.47,,202104,26.2962963
101,天逸 C5 AIRCROSS新能源,34,东风雪铁龙,23.17 - 26.47,,202105,26.2962963
96,天逸 C5 AIRCROSS新能源,51,东风雪铁龙,23.17 - 26.47,,202106,26.2962963
104,天逸 C5 AIRCROSS新能源,13,东风雪铁龙,23.17 - 26.47,,202107,26.2962963
103,天逸 C5 AIRCROSS新能源,20,东风雪铁龙,23.17 - 26.47,,202108,26.2962963
108,天逸 C5 AIRCROSS新能源,14,东风雪铁龙,23.17 - 26.47,,202109,26.2962963
118,天逸 C5 AIRCROSS新能源,19,东风雪铁龙,23.17 - 26.47,,202110,26.2962963
131,天逸 C5 AIRCROSS新能源,21,东风雪铁龙,23.17 - 26.47,,202111,26.2962963
134,天逸 C5 AIRCROSS新能源,22,东风雪铁龙,23.17 - 26.47,,202112,26.2962963
158,天逸 C5 AIRCROSS新能源,5,东风雪铁龙,23.17 - 26.47,,202201,26.2962963
156,天逸 C5 AIRCROSS新能源,1,东风雪铁龙,23.17 - 26.47,,202202,26.2962963
145,天逸 C5 AIRCROSS新能源,11,东风雪铁龙,23.17 - 26.47,,202204,26.2962963
164,天逸 C5 AIRCROSS新能源,1,东风雪铁龙,23.17 - 26.47,,202205,26.2962963
170,天逸 C5 AIRCROSS新能源,1,东风雪铁龙,23.17 - 26.47,,202206,26.2962963
179,天逸 C5 AIRCROSS新能源,1,东风雪铁龙,23.17 - 26.47,,202301,26.2962963
206,天逸 C5 AIRCROSS新能源,1,东风雪铁龙,23.17 - 26.47,,202307,26.2962963
210,天逸 C5 AIRCROSS新能源,1,东风雪铁龙,23.17 - 26.47,,202308,26.2962963
170,天逸 C5 AIRCROSS新能源,138,东风雪铁龙,23.17 - 26.47,,202309,26.2962963
85,合创007,22,合创汽车,25.98 - 27.98,,202005,25.90909091
60,合创007,102,合创汽车,25.98 - 27.98,,202006,25.90909091
55,合创007,178,合创汽车,25.98 - 27.98,,202007,25.90909091
59,合创007,206,合创汽车,25.98 - 27.98,,202008,25.90909091
82,合创007,54,合创汽车,25.98 - 27.98,,202009,25.90909091
86,合创007,66,合创汽车,25.98 - 27.98,,202010,25.90909091
112,合创007,3,合创汽车,25.98 - 27.98,,202011,25.90909091
107,合创007,28,合创汽车,25.98 - 27.98,,202012,25.90909091
94,合创007,17,合创汽车,25.98 - 27.98,,202101,25.90909091
97,合创007,5,合创汽车,25.98 - 27.98,,202102,25.90909091
100,合创007,19,合创汽车,25.98 - 27.98,,202103,25.90909091
110,合创007,4,合创汽车,25.98 - 27.98,,202104,25.90909091
141,合创007,0,合创汽车,25.98 - 27.98,,202105,25.90909091
84,合创007,103,合创汽车,25.98 - 27.98,,202106,25.90909091
101,合创007,22,合创汽车,25.98 - 27.98,,202107,25.90909091
115,合创007,6,合创汽车,25.98 - 27.98,,202108,25.90909091
115,合创007,9,合创汽车,25.98 - 27.98,,202109,25.90909091
117,合创007,21,合创汽车,25.98 - 27.98,,202110,25.90909091
113,合创007,60,合创汽车,25.98 - 27.98,,202111,25.90909091
120,合创007,57,合创汽车,25.98 - 27.98,,202112,25.90909091
139,合创007,29,合创汽车,25.98 - 27.98,,202201,25.90909091
134,合创007,34,合创汽车,25.98 - 27.98,,202202,25.90909091
145,合创007,15,合创汽车,25.98 - 27.98,,202203,25.90909091
149,合创007,8,合创汽车,25.98 - 27.98,,202204,25.90909091
157,合创007,4,合创汽车,25.98 - 27.98,,202205,25.90909091
165,合创007,7,合创汽车,25.98 - 27.98,,202206,25.90909091
161,合创007,9,合创汽车,25.98 - 27.98,,202207,25.90909091
166,合创007,4,合创汽车,25.98 - 27.98,,202208,25.90909091
181,合创007,3,合创汽车,25.98 - 27.98,,202209,25.90909091
175,合创007,1,合创汽车,25.98 - 27.98,,202210,25.90909091
175,合创007,4,合创汽车,25.98 - 27.98,,202211,25.90909091
176,合创007,4,合创汽车,25.98 - 27.98,,202212,25.90909091
175,合创007,4,合创汽车,25.98 - 27.98,,202301,25.90909091
181,合创007,2,合创汽车,25.98 - 27.98,,202302,25.90909091
193,合创007,2,合创汽车,25.98 - 27.98,,202303,25.90909091
189,合创007,4,合创汽车,25.98 - 27.98,,202304,25.90909091
189,合创007,2,合创汽车,25.98 - 27.98,,202305,25.90909091
215,合创007,2,合创汽车,25.98 - 27.98,,202309,25.90909091
209,合创007,5,合创汽车,25.98 - 27.98,,202310,25.90909091
223,合创007,2,合创汽车,25.98 - 27.98,,202311,25.90909091
229,合创007,2,合创汽车,25.98 - 27.98,,202312,25.90909091
221,合创007,6,合创汽车,25.98 - 27.98,,202401,25.90909091
242,合创007,1,合创汽车,25.98 - 27.98,,202403,25.90909091
260,合创007,4,合创汽车,25.98 - 27.98,,202406,25.90909091
110,标致508L新能源,17,东风标致,21.57 - 22.77,,202012,25.85714286
102,标致508L新能源,10,东风标致,21.57 - 22.77,,202101,25.85714286
84,标致508L新能源,23,东风标致,21.57 - 22.77,,202102,25.85714286
92,标致508L新能源,33,东风标致,21.57 - 22.77,,202103,25.85714286
85,标致508L新能源,64,东风标致,21.57 - 22.77,,202104,25.85714286
91,标致508L新能源,61,东风标致,21.57 - 22.77,,202105,25.85714286
99,标致508L新能源,43,东风标致,21.57 - 22.77,,202106,25.85714286
96,标致508L新能源,27,东风标致,21.57 - 22.77,,202107,25.85714286
96,标致508L新能源,39,东风标致,21.57 - 22.77,,202108,25.85714286
107,标致508L新能源,15,东风标致,21.57 - 22.77,,202109,25.85714286
110,标致508L新能源,37,东风标致,21.57 - 22.77,,202110,25.85714286
130,标致508L新能源,22,东风标致,21.57 - 22.77,,202111,25.85714286
127,标致508L新能源,41,东风标致,21.57 - 22.77,,202112,25.85714286
154,标致508L新能源,8,东风标致,21.57 - 22.77,,202201,25.85714286
147,标致508L新能源,8,东风标致,21.57 - 22.77,,202202,25.85714286
150,标致508L新能源,10,东风标致,21.57 - 22.77,,202203,25.85714286
140,标致508L新能源,19,东风标致,21.57 - 22.77,,202204,25.85714286
150,标致508L新能源,28,东风标致,21.57 - 22.77,,202205,25.85714286
161,标致508L新能源,13,东风标致,21.57 - 22.77,,202206,25.85714286
160,标致508L新能源,15,东风标致,21.57 - 22.77,,202207,25.85714286
160,标致508L新能源,10,东风标致,21.57 - 22.77,,202208,25.85714286
49,瑞虎e,257,奇瑞新能源,10.88 - 13.78,,201912,25.5
53,瑞虎e,61,奇瑞新能源,10.88 - 13.78,,202001,25.5
49,瑞虎e,3,奇瑞新能源,10.88 - 13.78,,202002,25.5
46,瑞虎e,65,奇瑞新能源,10.88 - 13.78,,202003,25.5
39,瑞虎e,142,奇瑞新能源,10.88 - 13.78,,202004,25.5
68,瑞虎e,84,奇瑞新能源,10.88 - 13.78,,202005,25.5
99,瑞虎e,0,奇瑞新能源,10.88 - 13.78,,202006,25.5
109,瑞虎e,0,奇瑞新能源,10.88 - 13.78,,202006,25.5
127,瑞虎e,0,奇瑞新能源,10.88 - 13.78,,202007,25.5
119,瑞虎e,0,奇瑞新能源,10.88 - 13.78,,202009,25.5
121,瑞虎e,0,奇瑞新能源,10.88 - 13.78,,202010,25.5
121,瑞虎e,0,奇瑞新能源,10.88 - 13.78,,202011,25.5
137,瑞虎e,0,奇瑞新能源,10.88 - 13.78,,202012,25.5
147,瑞虎e,0,奇瑞新能源,10.88 - 13.78,,202101,25.5
158,瑞虎e,0,奇瑞新能源,10.88 - 13.78,,202101,25.5
132,瑞虎e,0,奇瑞新能源,10.88 - 13.78,,202102,25.5
146,瑞虎e,0,奇瑞新能源,10.88 - 13.78,,202103,25.5
138,瑞虎e,0,奇瑞新能源,10.88 - 13.78,,202104,25.5
159,瑞虎e,0,奇瑞新能源,10.88 - 13.78,,202105,25.5
122,瑞虎e,0,奇瑞新能源,10.88 - 13.78,,202106,25.5
154,瑞虎e,0,奇瑞新能源,10.88 - 13.78,,202106,25.5
140,瑞虎e,0,奇瑞新能源,10.88 - 13.78,,202107,25.5
145,瑞虎e,0,奇瑞新能源,10.88 - 13.78,,202108,25.5
125,瑞虎e,0,奇瑞新能源,10.88 - 13.78,,202109,25.5
187,瑞虎e,0,奇瑞新能源,10.88 - 13.78,,202110,25.5
172,瑞虎e,0,奇瑞新能源,10.88 - 13.78,,202111,25.5
152,瑞虎e,0,奇瑞新能源,10.88 - 13.78,,202112,25.5
137,海马7X新能源,69,一汽海马,21.98 - 25.98,,202301,24.16666667
159,海马7X新能源,37,一汽海马,21.98 - 25.98,,202302,24.16666667
154,海马7X新能源,89,一汽海马,21.98 - 25.98,,202303,24.16666667
158,海马7X新能源,89,一汽海马,21.98 - 25.98,,202304,24.16666667
193,海马7X新能源,1,一汽海马,21.98 - 25.98,,202305,24.16666667
179,海马7X新能源,20,一汽海马,21.98 - 25.98,,202306,24.16666667
192,海马7X新能源,16,一汽海马,21.98 - 25.98,,202307,24.16666667
192,海马7X新能源,20,一汽海马,21.98 - 25.98,,202308,24.16666667
212,海马7X新能源,3,一汽海马,21.98 - 25.98,,202309,24.16666667
227,海马7X新能源,2,一汽海马,21.98 - 25.98,,202312,24.16666667
215,海马7X新能源,20,一汽海马,21.98 - 25.98,,202401,24.16666667
229,海马7X新能源,3,一汽海马,21.98 - 25.98,,202402,24.16666667
234,海马7X新能源,10,一汽海马,21.98 - 25.98,,202403,24.16666667
245,海马7X新能源,2,一汽海马,21.98 - 25.98,,202404,24.16666667
260,海马7X新能源,2,一汽海马,21.98 - 25.98,,202405,24.16666667
272,海马7X新能源,1,一汽海马,21.98 - 25.98,,202407,24.16666667
290,海马7X新能源,1,一汽海马,21.98 - 25.98,,202409,24.16666667
258,海马7X新能源,50,一汽海马,21.98 - 25.98,,202410,24.16666667
104,零跑S01,43,零跑汽车,11.99 - 15.09,,202012,23.29411765
86,零跑S01,31,零跑汽车,11.99 - 15.09,,202101,23.29411765
85,零跑S01,22,零跑汽车,11.99 - 15.09,,202102,23.29411765
90,零跑S01,36,零跑汽车,11.99 - 15.09,,202103,23.29411765
93,零跑S01,47,零跑汽车,11.99 - 15.09,,202104,23.29411765
94,零跑S01,51,零跑汽车,11.99 - 15.09,,202105,23.29411765
107,零跑S01,21,零跑汽车,11.99 - 15.09,,202106,23.29411765
102,零跑S01,22,零跑汽车,11.99 - 15.09,,202107,23.29411765
106,零跑S01,16,零跑汽车,11.99 - 15.09,,202108,23.29411765
124,零跑S01,1,零跑汽车,11.99 - 15.09,,202109,23.29411765
136,零跑S01,0,零跑汽车,11.99 - 15.09,,202110,23.29411765
162,零跑S01,0,零跑汽车,11.99 - 15.09,,202110,23.29411765
123,零跑S01,36,零跑汽车,11.99 - 15.09,,202111,23.29411765
142,零跑S01,7,零跑汽车,11.99 - 15.09,,202112,23.29411765
153,零跑S01,9,零跑汽车,11.99 - 15.09,,202201,23.29411765
149,零跑S01,7,零跑汽车,11.99 - 15.09,,202202,23.29411765
153,零跑S01,5,零跑汽车,11.99 - 15.09,,202203,23.29411765
157,零跑S01,42,零跑汽车,11.99 - 15.09,,202212,23.29411765
61,睿行ES30,10,长安凯程,6.68 - 6.98,,201906,22.29166667
57,睿行ES30,26,长安凯程,6.68 - 6.98,,201908,22.29166667
28,睿行ES30,407,长安凯程,6.68 - 6.98,,201909,22.29166667
76,睿行ES30,0,长安凯程,6.68 - 6.98,,201910,22.29166667
123,睿行ES30,0,长安凯程,6.68 - 6.98,,201912,22.29166667
96,睿行ES30,0,长安凯程,6.68 - 6.98,,202001,22.29166667
80,睿行ES30,0,长安凯程,6.68 - 6.98,,202002,22.29166667
102,睿行ES30,0,长安凯程,6.68 - 6.98,,202003,22.29166667
98,睿行ES30,0,长安凯程,6.68 - 6.98,,202004,22.29166667
134,睿行ES30,0,长安凯程,6.68 - 6.98,,202004,22.29166667
114,睿行ES30,0,长安凯程,6.68 - 6.98,,202005,22.29166667
148,睿行ES30,0,长安凯程,6.68 - 6.98,,202006,22.29166667
118,睿行ES30,0,长安凯程,6.68 - 6.98,,202007,22.29166667
159,睿行ES30,0,长安凯程,6.68 - 6.98,,202007,22.29166667
106,睿行ES30,6,长安凯程,6.68 - 6.98,,202101,22.29166667
137,睿行ES30,0,长安凯程,6.68 - 6.98,,202102,22.29166667
119,睿行ES30,0,长安凯程,6.68 - 6.98,,202103,22.29166667
108,睿行ES30,20,长安凯程,6.68 - 6.98,,202104,22.29166667
88,睿行ES30,66,长安凯程,6.68 - 6.98,,202105,22.29166667
149,睿行ES30,0,长安凯程,6.68 - 6.98,,202106,22.29166667
142,睿行ES30,0,长安凯程,6.68 - 6.98,,202107,22.29166667
146,睿行ES30,0,长安凯程,6.68 - 6.98,,202108,22.29166667
127,睿行ES30,0,长安凯程,6.68 - 6.98,,202109,22.29166667
190,睿行ES30,0,长安凯程,6.68 - 6.98,,202110,22.29166667
174,睿行ES30,0,长安凯程,6.68 - 6.98,,202111,22.29166667
153,睿行ES30,0,长安凯程,6.68 - 6.98,,202112,22.29166667
43,野马EC60,118,野马汽车,16.99 - 16.99,,202004,22.1
61,野马EC60,103,野马汽车,16.99 - 16.99,,202005,22.1
137,野马EC60,0,野马汽车,16.99 - 16.99,,202006,22.1
151,野马EC60,0,野马汽车,16.99 - 16.99,,202007,22.1
144,野马EC60,0,野马汽车,16.99 - 16.99,,202008,22.1
126,野马EC60,0,野马汽车,16.99 - 16.99,,202106,22.1
157,野马EC60,0,野马汽车,16.99 - 16.99,,202106,22.1
154,野马EC60,0,野马汽车,16.99 - 16.99,,202108,22.1
153,野马EC60,0,野马汽车,16.99 - 16.99,,202109,22.1
200,野马EC60,0,野马汽车,16.99 - 16.99,,202111,22.1
186,野马EC60,0,野马汽车,16.99 - 16.99,,202112,22.1
107,北京EX3,0,北京汽车,11.99 - 16.39,,202003,21.72727273
50,北京EX3,90,北京汽车,11.99 - 16.39,,202004,21.72727273
62,北京EX3,100,北京汽车,11.99 - 16.39,,202005,21.72727273
59,北京EX3,110,北京汽车,11.99 - 16.39,,202006,21.72727273
83,北京EX3,25,北京汽车,11.99 - 16.39,,202007,21.72727273
83,北京EX3,42,北京汽车,11.99 - 16.39,,202008,21.72727273
97,北京EX3,16,北京汽车,11.99 - 16.39,,202009,21.72727273
81,北京EX3,82,北京汽车,11.99 - 16.39,,202010,21.72727273
144,北京EX3,0,北京汽车,11.99 - 16.39,,202011,21.72727273
115,北京EX3,2,北京汽车,11.99 - 16.39,,202012,21.72727273
105,北京EX3,6,北京汽车,11.99 - 16.39,,202101,21.72727273
117,北京EX3,0,北京汽车,11.99 - 16.39,,202102,21.72727273
126,北京EX3,0,北京汽车,11.99 - 16.39,,202103,21.72727273
117,北京EX3,0,北京汽车,11.99 - 16.39,,202104,21.72727273
130,北京EX3,0,北京汽车,11.99 - 16.39,,202105,21.72727273
134,北京EX3,0,北京汽车,11.99 - 16.39,,202106,21.72727273
117,北京EX3,1,北京汽车,11.99 - 16.39,,202107,21.72727273
117,北京EX3,4,北京汽车,11.99 - 16.39,,202108,21.72727273
185,北京EX3,0,北京汽车,11.99 - 16.39,,202109,21.72727273
145,北京EX3,0,北京汽车,11.99 - 16.39,,202110,21.72727273
170,北京EX3,0,北京汽车,11.99 - 16.39,,202110,21.72727273
185,北京EX3,0,北京汽车,11.99 - 16.39,,202111,21.72727273
182,北京EX3,0,北京汽车,11.99 - 16.39,,202112,21.72727273
46,风光580新能源,151,东风小康,0.00 - 0.00,,201905,21.20833333
83,风光580新能源,0,东风小康,0.00 - 0.00,,201907,21.20833333
75,风光580新能源,0,东风小康,0.00 - 0.00,,201908,21.20833333
61,风光580新能源,24,东风小康,0.00 - 0.00,,201909,21.20833333
56,风光580新能源,76,东风小康,0.00 - 0.00,,201910,21.20833333
100,风光580新能源,0,东风小康,0.00 - 0.00,,201912,21.20833333
90,风光580新能源,0,东风小康,0.00 - 0.00,,202001,21.20833333
75,风光580新能源,0,东风小康,0.00 - 0.00,,202002,21.20833333
125,风光580新能源,0,东风小康,0.00 - 0.00,,202004,21.20833333
115,风光580新能源,0,东风小康,0.00 - 0.00,,202005,21.20833333
149,风光580新能源,0,东风小康,0.00 - 0.00,,202006,21.20833333
68,风光580新能源,109,东风小康,0.00 - 0.00,,202007,21.20833333
138,风光580新能源,0,东风小康,0.00 - 0.00,,202008,21.20833333
162,风光580新能源,0,东风小康,0.00 - 0.00,,202008,21.20833333
138,风光580新能源,0,东风小康,0.00 - 0.00,,202009,21.20833333
141,风光580新能源,0,东风小康,0.00 - 0.00,,202010,21.20833333
143,风光580新能源,0,东风小康,0.00 - 0.00,,202011,21.20833333
120,风光580新能源,1,东风小康,0.00 - 0.00,,202012,21.20833333
120,风光580新能源,0,东风小康,0.00 - 0.00,,202101,21.20833333
116,风光580新能源,0,东风小康,0.00 - 0.00,,202104,21.20833333
97,风光580新能源,43,东风小康,0.00 - 0.00,,202105,21.20833333
102,风光580新能源,39,东风小康,0.00 - 0.00,,202106,21.20833333
97,风光580新能源,66,东风小康,0.00 - 0.00,,202109,21.20833333
173,风光580新能源,0,东风小康,0.00 - 0.00,,202111,21.20833333
167,风光580新能源,0,东风小康,0.00 - 0.00,,202112,21.20833333
115,马自达CX-30 EV,104,长安马自达,15.98 - 20.18,,202201,20.96
136,马自达CX-30 EV,29,长安马自达,15.98 - 20.18,,202202,20.96
141,马自达CX-30 EV,26,长安马自达,15.98 - 20.18,,202203,20.96
156,马自达CX-30 EV,2,长安马自达,15.98 - 20.18,,202204,20.96
145,马自达CX-30 EV,44,长安马自达,15.98 - 20.18,,202205,20.96
158,马自达CX-30 EV,27,长安马自达,15.98 - 20.18,,202206,20.96
157,马自达CX-30 EV,24,长安马自达,15.98 - 20.18,,202207,20.96
161,马自达CX-30 EV,9,长安马自达,15.98 - 20.18,,202208,20.96
167,马自达CX-30 EV,31,长安马自达,15.98 - 20.18,,202209,20.96
160,马自达CX-30 EV,22,长安马自达,15.98 - 20.18,,202210,20.96
167,马自达CX-30 EV,11,长安马自达,15.98 - 20.18,,202211,20.96
173,马自达CX-30 EV,5,长安马自达,15.98 - 20.18,,202212,20.96
166,马自达CX-30 EV,9,长安马自达,15.98 - 20.18,,202301,20.96
184,马自达CX-30 EV,2,长安马自达,15.98 - 20.18,,202302,20.96
176,马自达CX-30 EV,19,长安马自达,15.98 - 20.18,,202303,20.96
182,马自达CX-30 EV,16,长安马自达,15.98 - 20.18,,202304,20.96
184,马自达CX-30 EV,5,长安马自达,15.98 - 20.18,,202305,20.96
166,马自达CX-30 EV,58,长安马自达,15.98 - 20.18,,202306,20.96
186,马自达CX-30 EV,29,长安马自达,15.98 - 20.18,,202307,20.96
191,马自达CX-30 EV,22,长安马自达,15.98 - 20.18,,202308,20.96
207,马自达CX-30 EV,6,长安马自达,15.98 - 20.18,,202309,20.96
210,马自达CX-30 EV,5,长安马自达,15.98 - 20.18,,202310,20.96
218,马自达CX-30 EV,4,长安马自达,15.98 - 20.18,,202311,20.96
218,马自达CX-30 EV,10,长安马自达,15.98 - 20.18,,202312,20.96
224,马自达CX-30 EV,5,长安马自达,15.98 - 20.18,,202401,20.96
105,标致e2008,3,东风标致,0.00 - 0.00,,202007,20.76470588
127,标致e2008,0,东风标致,0.00 - 0.00,,202009,20.76470588
112,标致e2008,1,东风标致,0.00 - 0.00,,202010,20.76470588
115,标致e2008,1,东风标致,0.00 - 0.00,,202011,20.76470588
117,标致e2008,1,东风标致,0.00 - 0.00,,202012,20.76470588
108,标致e2008,4,东风标致,0.00 - 0.00,,202101,20.76470588
125,标致e2008,0,东风标致,0.00 - 0.00,,202102,20.76470588
82,标致e2008,63,东风标致,0.00 - 0.00,,202103,20.76470588
70,标致e2008,174,东风标致,0.00 - 0.00,,202104,20.76470588
138,标致e2008,0,东风标致,0.00 - 0.00,,202105,20.76470588
98,标致e2008,45,东风标致,0.00 - 0.00,,202106,20.76470588
162,标致e2008,0,东风标致,0.00 - 0.00,,202107,20.76470588
134,标致e2008,0,东风标致,0.00 - 0.00,,202108,20.76470588
173,标致e2008,0,东风标致,0.00 - 0.00,,202108,20.76470588
171,标致e2008,0,东风标致,0.00 - 0.00,,202109,20.76470588
148,标致e2008,0,东风标致,0.00 - 0.00,,202110,20.76470588
174,标致e2008,0,东风标致,0.00 - 0.00,,202110,20.76470588
159,标致e2008,0,东风标致,0.00 - 0.00,,202111,20.76470588
117,标致e2008,61,东风标致,0.00 - 0.00,,202112,20.76470588
34,众泰T300新能源,82,众泰新能源,0.00 - 0.00,,201805,20.66666667
33,众泰T300新能源,80,众泰新能源,0.00 - 0.00,,201806,20.66666667
39,众泰T300新能源,74,众泰新能源,0.00 - 0.00,,201807,20.66666667
41,众泰T300新能源,54,众泰新能源,0.00 - 0.00,,201808,20.66666667
52,众泰T300新能源,1,众泰新能源,0.00 - 0.00,,201810,20.66666667
55,众泰T300新能源,15,众泰新能源,0.00 - 0.00,,201811,20.66666667
53,众泰T300新能源,124,众泰新能源,0.00 - 0.00,,201812,20.66666667
53,众泰T300新能源,3,众泰新能源,0.00 - 0.00,,201902,20.66666667
60,众泰T300新能源,1,众泰新能源,0.00 - 0.00,,201903,20.66666667
75,众泰T300新能源,0,众泰新能源,0.00 - 0.00,,201907,20.66666667
88,众泰T300新能源,0,众泰新能源,0.00 - 0.00,,201908,20.66666667
84,众泰T300新能源,0,众泰新能源,0.00 - 0.00,,201909,20.66666667
93,众泰T300新能源,0,众泰新能源,0.00 - 0.00,,201910,20.66666667
94,众泰T300新能源,0,众泰新能源,0.00 - 0.00,,201911,20.66666667
105,众泰T300新能源,0,众泰新能源,0.00 - 0.00,,201912,20.66666667
130,众泰T300新能源,0,众泰新能源,0.00 - 0.00,,202001,20.66666667
66,众泰T300新能源,0,众泰新能源,0.00 - 0.00,,202002,20.66666667
130,众泰T300新能源,0,众泰新能源,0.00 - 0.00,,202002,20.66666667
112,众泰T300新能源,0,众泰新能源,0.00 - 0.00,,202004,20.66666667
146,众泰T300新能源,0,众泰新能源,0.00 - 0.00,,202005,20.66666667
122,众泰T300新能源,0,众泰新能源,0.00 - 0.00,,202006,20.66666667
133,众泰T300新能源,0,众泰新能源,0.00 - 0.00,,202008,20.66666667
157,众泰T300新能源,0,众泰新能源,0.00 - 0.00,,202008,20.66666667
60,奔腾X40新能源,57,一汽奔腾,0.00 - 0.00,,201812,19.97222222
54,奔腾X40新能源,8,一汽奔腾,0.00 - 0.00,,201901,19.97222222
50,奔腾X40新能源,6,一汽奔腾,0.00 - 0.00,,201902,19.97222222
57,奔腾X40新能源,9,一汽奔腾,0.00 - 0.00,,201903,19.97222222
58,奔腾X40新能源,35,一汽奔腾,0.00 - 0.00,,201904,19.97222222
54,奔腾X40新能源,90,一汽奔腾,0.00 - 0.00,,201905,19.97222222
53,奔腾X40新能源,54,一汽奔腾,0.00 - 0.00,,201906,19.97222222
48,奔腾X40新能源,23,一汽奔腾,0.00 - 0.00,,201907,19.97222222
65,奔腾X40新能源,2,一汽奔腾,0.00 - 0.00,,201908,19.97222222
62,奔腾X40新能源,17,一汽奔腾,0.00 - 0.00,,201909,19.97222222
74,奔腾X40新能源,0,一汽奔腾,0.00 - 0.00,,201910,19.97222222
72,奔腾X40新能源,12,一汽奔腾,0.00 - 0.00,,201911,19.97222222
117,奔腾X40新能源,0,一汽奔腾,0.00 - 0.00,,201912,19.97222222
59,奔腾X40新能源,39,一汽奔腾,0.00 - 0.00,,202001,19.97222222
39,奔腾X40新能源,10,一汽奔腾,0.00 - 0.00,,202002,19.97222222
74,奔腾X40新能源,7,一汽奔腾,0.00 - 0.00,,202003,19.97222222
78,奔腾X40新能源,15,一汽奔腾,0.00 - 0.00,,202004,19.97222222
51,奔腾X40新能源,150,一汽奔腾,0.00 - 0.00,,202005,19.97222222
74,奔腾X40新能源,47,一汽奔腾,0.00 - 0.00,,202006,19.97222222
66,奔腾X40新能源,116,一汽奔腾,0.00 - 0.00,,202007,19.97222222
90,奔腾X40新能源,20,一汽奔腾,0.00 - 0.00,,202008,19.97222222
117,奔腾X40新能源,0,一汽奔腾,0.00 - 0.00,,202009,19.97222222
118,奔腾X40新能源,0,一汽奔腾,0.00 - 0.00,,202010,19.97222222
118,奔腾X40新能源,0,一汽奔腾,0.00 - 0.00,,202011,19.97222222
116,奔腾X40新能源,2,一汽奔腾,0.00 - 0.00,,202012,19.97222222
146,奔腾X40新能源,0,一汽奔腾,0.00 - 0.00,,202101,19.97222222
155,奔腾X40新能源,0,一汽奔腾,0.00 - 0.00,,202101,19.97222222
133,奔腾X40新能源,0,一汽奔腾,0.00 - 0.00,,202102,19.97222222
142,奔腾X40新能源,0,一汽奔腾,0.00 - 0.00,,202103,19.97222222
135,奔腾X40新能源,0,一汽奔腾,0.00 - 0.00,,202104,19.97222222
155,奔腾X40新能源,0,一汽奔腾,0.00 - 0.00,,202105,19.97222222
148,奔腾X40新能源,0,一汽奔腾,0.00 - 0.00,,202106,19.97222222
156,奔腾X40新能源,0,一汽奔腾,0.00 - 0.00,,202108,19.97222222
158,奔腾X40新能源,0,一汽奔腾,0.00 - 0.00,,202109,19.97222222
137,奔腾X40新能源,0,一汽奔腾,0.00 - 0.00,,202110,19.97222222
163,奔腾X40新能源,0,一汽奔腾,0.00 - 0.00,,202110,19.97222222
179,奔腾X40新能源,0,一汽奔腾,0.00 - 0.00,,202111,19.97222222
175,奔腾X40新能源,0,一汽奔腾,0.00 - 0.00,,202112,19.97222222
55,北汽EC100,181,北汽昌河,7.18 - 7.58,,201912,19.15384615
82,北汽EC100,3,北汽昌河,7.18 - 7.58,,202001,19.15384615
102,北汽EC100,0,北汽昌河,7.18 - 7.58,,202002,19.15384615
92,北汽EC100,0,北汽昌河,7.18 - 7.58,,202003,19.15384615
128,北汽EC100,0,北汽昌河,7.18 - 7.58,,202003,19.15384615
81,北汽EC100,11,北汽昌河,7.18 - 7.58,,202004,19.15384615
96,北汽EC100,4,北汽昌河,7.18 - 7.58,,202005,19.15384615
93,北汽EC100,3,北汽昌河,7.18 - 7.58,,202006,19.15384615
152,北汽EC100,0,北汽昌河,7.18 - 7.58,,202007,19.15384615
143,北汽EC100,0,北汽昌河,7.18 - 7.58,,202008,19.15384615
139,北汽EC100,0,北汽昌河,7.18 - 7.58,,202009,19.15384615
97,北汽EC100,20,北汽昌河,7.18 - 7.58,,202010,19.15384615
148,北汽EC100,0,北汽昌河,7.18 - 7.58,,202011,19.15384615
127,北汽EC100,0,北汽昌河,7.18 - 7.58,,202012,19.15384615
152,北汽EC100,0,北汽昌河,7.18 - 7.58,,202012,19.15384615
87,北汽EC100,27,北汽昌河,7.18 - 7.58,,202101,19.15384615
93,北汽EC100,12,北汽昌河,7.18 - 7.58,,202102,19.15384615
110,北汽EC100,3,北汽昌河,7.18 - 7.58,,202103,19.15384615
128,北汽EC100,0,北汽昌河,7.18 - 7.58,,202104,19.15384615
144,北汽EC100,0,北汽昌河,7.18 - 7.58,,202105,19.15384615
151,北汽EC100,0,北汽昌河,7.18 - 7.58,,202105,19.15384615
123,北汽EC100,0,北汽昌河,7.18 - 7.58,,202106,19.15384615
155,北汽EC100,0,北汽昌河,7.18 - 7.58,,202106,19.15384615
143,北汽EC100,0,北汽昌河,7.18 - 7.58,,202109,19.15384615
126,北汽EC100,10,北汽昌河,7.18 - 7.58,,202110,19.15384615
101,北汽EC100,153,北汽昌河,7.18 - 7.58,,202111,19.15384615
138,北汽EC100,13,北汽昌河,7.18 - 7.58,,202112,19.15384615
151,北汽EC100,13,北汽昌河,7.18 - 7.58,,202201,19.15384615
128,北汽EC100,44,北汽昌河,7.18 - 7.58,,202204,19.15384615
172,北汽EC100,1,北汽昌河,7.18 - 7.58,,202208,19.15384615
275,仰望U9,16,仰望,168.00 - 168.00,,202409,19
277,仰望U9,17,仰望,168.00 - 168.00,,202410,19
275,仰望U9,24,仰望,168.00 - 168.00,,202411,19
45,上汽大通MAXUS EG10,2,上汽大通,29.93 - 41.68,,201808,18.43902439
47,上汽大通MAXUS EG10,16,上汽大通,29.93 - 41.68,,201809,18.43902439
46,上汽大通MAXUS EG10,30,上汽大通,29.93 - 41.68,,201810,18.43902439
56,上汽大通MAXUS EG10,14,上汽大通,29.93 - 41.68,,201811,18.43902439
56,上汽大通MAXUS EG10,77,上汽大通,29.93 - 41.68,,201812,18.43902439
51,上汽大通MAXUS EG10,31,上汽大通,29.93 - 41.68,,201901,18.43902439
56,上汽大通MAXUS EG10,1,上汽大通,29.93 - 41.68,,201902,18.43902439
56,上汽大通MAXUS EG10,15,上汽大通,29.93 - 41.68,,201903,18.43902439
61,上汽大通MAXUS EG10,4,上汽大通,29.93 - 41.68,,201904,18.43902439
62,上汽大通MAXUS EG10,6,上汽大通,29.93 - 41.68,,201905,18.43902439
65,上汽大通MAXUS EG10,1,上汽大通,29.93 - 41.68,,201906,18.43902439
58,上汽大通MAXUS EG10,2,上汽大通,29.93 - 41.68,,201907,18.43902439
52,上汽大通MAXUS EG10,40,上汽大通,29.93 - 41.68,,201908,18.43902439
64,上汽大通MAXUS EG10,15,上汽大通,29.93 - 41.68,,201909,18.43902439
68,上汽大通MAXUS EG10,11,上汽大通,29.93 - 41.68,,201910,18.43902439
65,上汽大通MAXUS EG10,44,上汽大通,29.93 - 41.68,,201911,18.43902439
75,上汽大通MAXUS EG10,48,上汽大通,29.93 - 41.68,,201912,18.43902439
74,上汽大通MAXUS EG10,9,上汽大通,29.93 - 41.68,,202001,18.43902439
47,上汽大通MAXUS EG10,4,上汽大通,29.93 - 41.68,,202002,18.43902439
67,上汽大通MAXUS EG10,9,上汽大通,29.93 - 41.68,,202003,18.43902439
127,上汽大通MAXUS EG10,0,上汽大通,29.93 - 41.68,,202004,18.43902439
92,上汽大通MAXUS EG10,12,上汽大通,29.93 - 41.68,,202005,18.43902439
75,上汽大通MAXUS EG10,41,上汽大通,29.93 - 41.68,,202006,18.43902439
92,上汽大通MAXUS EG10,13,上汽大通,29.93 - 41.68,,202007,18.43902439
95,上汽大通MAXUS EG10,14,上汽大通,29.93 - 41.68,,202008,18.43902439
93,上汽大通MAXUS EG10,22,上汽大通,29.93 - 41.68,,202009,18.43902439
99,上汽大通MAXUS EG10,18,上汽大通,29.93 - 41.68,,202010,18.43902439
102,上汽大通MAXUS EG10,24,上汽大通,29.93 - 41.68,,202011,18.43902439
113,上汽大通MAXUS EG10,12,上汽大通,29.93 - 41.68,,202012,18.43902439
113,上汽大通MAXUS EG10,1,上汽大通,29.93 - 41.68,,202101,18.43902439
106,上汽大通MAXUS EG10,1,上汽大通,29.93 - 41.68,,202102,18.43902439
83,上汽大通MAXUS EG10,60,上汽大通,29.93 - 41.68,,202103,18.43902439
81,上汽大通MAXUS EG10,83,上汽大通,29.93 - 41.68,,202104,18.43902439
114,上汽大通MAXUS EG10,3,上汽大通,29.93 - 41.68,,202105,18.43902439
120,上汽大通MAXUS EG10,1,上汽大通,29.93 - 41.68,,202106,18.43902439
105,上汽大通MAXUS EG10,13,上汽大通,29.93 - 41.68,,202107,18.43902439
112,上汽大通MAXUS EG10,8,上汽大通,29.93 - 41.68,,202108,18.43902439
122,上汽大通MAXUS EG10,4,上汽大通,29.93 - 41.68,,202109,18.43902439
122,上汽大通MAXUS EG10,13,上汽大通,29.93 - 41.68,,202110,18.43902439
134,上汽大通MAXUS EG10,19,上汽大通,29.93 - 41.68,,202111,18.43902439
136,上汽大通MAXUS EG10,15,上汽大通,29.93 - 41.68,,202112,18.43902439
136,启能GEV 1,0,新特汽车,0.00 - 0.00,,202102,18.18181818
116,启能GEV 1,0,新特汽车,0.00 - 0.00,,202103,18.18181818
107,启能GEV 1,20,新特汽车,0.00 - 0.00,,202104,18.18181818
95,启能GEV 1,50,新特汽车,0.00 - 0.00,,202105,18.18181818
79,启能GEV 1,130,新特汽车,0.00 - 0.00,,202106,18.18181818
160,启能GEV 1,0,新特汽车,0.00 - 0.00,,202107,18.18181818
128,启能GEV 1,0,新特汽车,0.00 - 0.00,,202108,18.18181818
168,启能GEV 1,0,新特汽车,0.00 - 0.00,,202108,18.18181818
169,启能GEV 1,0,新特汽车,0.00 - 0.00,,202109,18.18181818
178,启能GEV 1,0,新特汽车,0.00 - 0.00,,202110,18.18181818
193,启能GEV 1,0,新特汽车,0.00 - 0.00,,202111,18.18181818
202,启能GEV 1,0,新特汽车,0.00 - 0.00,,202111,18.18181818
150,启能GEV 1,0,新特汽车,0.00 - 0.00,,202112,18.18181818
191,启能GEV 1,0,新特汽车,0.00 - 0.00,,202112,18.18181818
136,锐际新能源,38,长安福特,20.80 - 20.80,,202201,17.5
144,锐际新能源,12,长安福特,20.80 - 20.80,,202202,17.5
138,锐际新能源,45,长安福特,20.80 - 20.80,,202203,17.5
144,锐际新能源,13,长安福特,20.80 - 20.80,,202204,17.5
149,锐际新能源,30,长安福特,20.80 - 20.80,,202205,17.5
162,锐际新能源,12,长安福特,20.80 - 20.80,,202206,17.5
154,锐际新能源,32,长安福特,20.80 - 20.80,,202207,17.5
162,锐际新能源,9,长安福特,20.80 - 20.80,,202208,17.5
173,锐际新能源,12,长安福特,20.80 - 20.80,,202209,17.5
154,锐际新能源,35,长安福特,20.80 - 20.80,,202210,17.5
178,锐际新能源,2,长安福特,20.80 - 20.80,,202212,17.5
193,锐际新能源,2,长安福特,20.80 - 20.80,,202306,17.5
206,锐际新能源,2,长安福特,20.80 - 20.80,,202308,17.5
232,锐际新能源,1,长安福特,20.80 - 20.80,,202312,17.5
156,爱驰U6,39,爱驰汽车,21.99 - 23.79,,202211,17.16666667
156,爱驰U6,47,爱驰汽车,21.99 - 23.79,,202212,17.16666667
170,爱驰U6,7,爱驰汽车,21.99 - 23.79,,202301,17.16666667
183,爱驰U6,2,爱驰汽车,21.99 - 23.79,,202302,17.16666667
190,爱驰U6,5,爱驰汽车,21.99 - 23.79,,202303,17.16666667
193,爱驰U6,3,爱驰汽车,21.99 - 23.79,,202304,17.16666667
149,名图新能源,14,北京现代,17.88 - 20.38,,202201,14.47368421
148,名图新能源,7,北京现代,17.88 - 20.38,,202202,14.47368421
154,名图新能源,3,北京现代,17.88 - 20.38,,202203,14.47368421
142,名图新能源,15,北京现代,17.88 - 20.38,,202204,14.47368421
159,名图新能源,3,北京现代,17.88 - 20.38,,202205,14.47368421
159,名图新能源,19,北京现代,17.88 - 20.38,,202206,14.47368421
153,名图新能源,32,北京现代,17.88 - 20.38,,202207,14.47368421
159,名图新能源,18,北京现代,17.88 - 20.38,,202208,14.47368421
164,名图新能源,43,北京现代,17.88 - 20.38,,202209,14.47368421
152,名图新能源,41,北京现代,17.88 - 20.38,,202210,14.47368421
161,名图新能源,28,北京现代,17.88 - 20.38,,202211,14.47368421
197,名图新能源,1,北京现代,17.88 - 20.38,,202303,14.47368421
174,名图新能源,23,北京现代,17.88 - 20.38,,202304,14.47368421
185,名图新能源,3,北京现代,17.88 - 20.38,,202305,14.47368421
207,名图新能源,1,北京现代,17.88 - 20.38,,202307,14.47368421
200,名图新能源,5,北京现代,17.88 - 20.38,,202308,14.47368421
201,名图新能源,5,北京现代,17.88 - 20.38,,202308,14.47368421
208,名图新能源,6,北京现代,17.88 - 20.38,,202310,14.47368421
228,名图新能源,1,北京现代,17.88 - 20.38,,202311,14.47368421
221,名图新能源,7,北京现代,17.88 - 20.38,,202312,14.47368421
100,奔腾E01,23,一汽奔腾,19.68 - 22.88,,202107,14
101,奔腾E01,23,一汽奔腾,19.68 - 22.88,,202108,14
105,奔腾E01,24,一汽奔腾,19.68 - 22.88,,202109,14
115,奔腾E01,25,一汽奔腾,19.68 - 22.88,,202110,14
143,奔腾E01,1,一汽奔腾,19.68 - 22.88,,202111,14
133,奔腾E01,25,一汽奔腾,19.68 - 22.88,,202112,14
181,奔腾E01,1,一汽奔腾,19.68 - 22.88,,202301,14
192,奔腾E01,3,一汽奔腾,19.68 - 22.88,,202306,14
232,奔腾E01,1,一汽奔腾,19.68 - 22.88,,202402,14
92,标致4008新能源,59,东风标致,24.97 - 25.97,,202106,11.30769231
109,标致4008新能源,10,东风标致,24.97 - 25.97,,202107,11.30769231
109,标致4008新能源,10,东风标致,24.97 - 25.97,,202108,11.30769231
117,标致4008新能源,6,东风标致,24.97 - 25.97,,202109,11.30769231
124,标致4008新能源,12,东风标致,24.97 - 25.97,,202110,11.30769231
137,标致4008新能源,5,东风标致,24.97 - 25.97,,202111,11.30769231
135,标致4008新能源,18,东风标致,24.97 - 25.97,,202112,11.30769231
161,标致4008新能源,1,东风标致,24.97 - 25.97,,202201,11.30769231
151,标致4008新能源,7,东风标致,24.97 - 25.97,,202203,11.30769231
151,标致4008新能源,8,东风标致,24.97 - 25.97,,202204,11.30769231
158,标致4008新能源,4,东风标致,24.97 - 25.97,,202205,11.30769231
167,标致4008新能源,6,东风标致,24.97 - 25.97,,202206,11.30769231
180,标致4008新能源,1,东风标致,24.97 - 25.97,,202301,11.30769231
203,佳宝V80新能源,2,一汽吉林,11.98 - 13.68,,202307,8
195,佳宝V80新能源,14,一汽吉林,11.98 - 13.68,,202308,8
57,起亚KX3新能源,4,悦达起亚,23.98 - 23.98,,201901,6.964285714
58,起亚KX3新能源,1,悦达起亚,23.98 - 23.98,,201902,6.964285714
59,起亚KX3新能源,7,悦达起亚,23.98 - 23.98,,201903,6.964285714
56,起亚KX3新能源,51,悦达起亚,23.98 - 23.98,,201904,6.964285714
63,起亚KX3新能源,4,悦达起亚,23.98 - 23.98,,201905,6.964285714
49,起亚KX3新能源,121,悦达起亚,23.98 - 23.98,,201906,6.964285714
81,起亚KX3新能源,0,悦达起亚,23.98 - 23.98,,201907,6.964285714
73,起亚KX3新能源,0,悦达起亚,23.98 - 23.98,,201908,6.964285714
68,起亚KX3新能源,0,悦达起亚,23.98 - 23.98,,201909,6.964285714
73,起亚KX3新能源,0,悦达起亚,23.98 - 23.98,,201910,6.964285714
100,起亚KX3新能源,0,悦达起亚,23.98 - 23.98,,201911,6.964285714
85,起亚KX3新能源,6,悦达起亚,23.98 - 23.98,,201912,6.964285714
105,起亚KX3新能源,0,悦达起亚,23.98 - 23.98,,202001,6.964285714
93,起亚KX3新能源,0,悦达起亚,23.98 - 23.98,,202002,6.964285714
117,起亚KX3新能源,0,悦达起亚,23.98 - 23.98,,202003,6.964285714
119,起亚KX3新能源,0,悦达起亚,23.98 - 23.98,,202004,6.964285714
136,起亚KX3新能源,0,悦达起亚,23.98 - 23.98,,202005,6.964285714
120,起亚KX3新能源,0,悦达起亚,23.98 - 23.98,,202006,6.964285714
136,起亚KX3新能源,0,悦达起亚,23.98 - 23.98,,202007,6.964285714
110,起亚KX3新能源,0,悦达起亚,23.98 - 23.98,,202008,6.964285714
126,起亚KX3新能源,0,悦达起亚,23.98 - 23.98,,202009,6.964285714
127,起亚KX3新能源,0,悦达起亚,23.98 - 23.98,,202010,6.964285714
128,起亚KX3新能源,0,悦达起亚,23.98 - 23.98,,202011,6.964285714
119,起亚KX3新能源,1,悦达起亚,23.98 - 23.98,,202012,6.964285714
132,起亚KX3新能源,0,悦达起亚,23.98 - 23.98,,202107,6.964285714
173,起亚KX3新能源,0,悦达起亚,23.98 - 23.98,,202107,6.964285714
184,起亚KX3新能源,0,悦达起亚,23.98 - 23.98,,202109,6.964285714
189,起亚KX3新能源,0,悦达起亚,23.98 - 23.98,,202110,6.964285714
201,起亚KX3新能源,0,悦达起亚,23.98 - 23.98,,202112,6.964285714
83,帅客新能源,20,郑州日产,0.00 - 0.00,,201912,6.681818182
81,帅客新能源,4,郑州日产,0.00 - 0.00,,202001,6.681818182
54,帅客新能源,2,郑州日产,0.00 - 0.00,,202002,6.681818182
62,帅客新能源,14,郑州日产,0.00 - 0.00,,202003,6.681818182
87,帅客新能源,9,郑州日产,0.00 - 0.00,,202004,6.681818182
99,帅客新能源,2,郑州日产,0.00 - 0.00,,202005,6.681818182
101,帅客新能源,2,郑州日产,0.00 - 0.00,,202005,6.681818182
94,帅客新能源,2,郑州日产,0.00 - 0.00,,202006,6.681818182
104,帅客新能源,4,郑州日产,0.00 - 0.00,,202007,6.681818182
96,帅客新能源,14,郑州日产,0.00 - 0.00,,202008,6.681818182
101,帅客新能源,12,郑州日产,0.00 - 0.00,,202009,6.681818182
106,帅客新能源,7,郑州日产,0.00 - 0.00,,202010,6.681818182
109,帅客新能源,6,郑州日产,0.00 - 0.00,,202011,6.681818182
103,帅客新能源,49,郑州日产,0.00 - 0.00,,202012,6.681818182
117,帅客新能源,0,郑州日产,0.00 - 0.00,,202101,6.681818182
113,帅客新能源,0,郑州日产,0.00 - 0.00,,202102,6.681818182
122,帅客新能源,0,郑州日产,0.00 - 0.00,,202103,6.681818182
149,帅客新能源,0,郑州日产,0.00 - 0.00,,202104,6.681818182
120,帅客新能源,0,郑州日产,0.00 - 0.00,,202105,6.681818182
141,帅客新能源,0,郑州日产,0.00 - 0.00,,202107,6.681818182
136,帅客新能源,0,郑州日产,0.00 - 0.00,,202109,6.681818182
163,帅客新能源,0,郑州日产,0.00 - 0.00,,202111,6.681818182
151,帅客新能源,0,郑州日产,0.00 - 0.00,,202112,6.681818182
159,DS 9新能源,3,DS汽车,32.99 - 39.99,,202201,3.875
152,DS 9新能源,5,DS汽车,32.99 - 39.99,,202202,3.875
153,DS 9新能源,4,DS汽车,32.99 - 39.99,,202204,3.875
163,DS 9新能源,1,DS汽车,32.99 - 39.99,,202205,3.875
169,DS 9新能源,2,DS汽车,32.99 - 39.99,,202206,3.875
165,DS 9新能源,1,DS汽车,32.99 - 39.99,,202207,3.875
171,DS 9新能源,1,DS汽车,32.99 - 39.99,,202208,3.875
171,DS 9新能源,17,DS汽车,32.99 - 39.99,,202209,3.875
174,DS 9新能源,1,DS汽车,32.99 - 39.99,,202210,3.875
178,DS 9新能源,2,DS汽车,32.99 - 39.99,,202301,3.875
176,DS 9新能源,7,DS汽车,32.99 - 39.99,,202302,3.875
188,DS 9新能源,7,DS汽车,32.99 - 39.99,,202303,3.875
190,DS 9新能源,4,DS汽车,32.99 - 39.99,,202304,3.875
190,DS 9新能源,2,DS汽车,32.99 - 39.99,,202305,3.875
196,DS 9新能源,8,DS汽车,32.99 - 39.99,,202307,3.875
198,DS 9新能源,8,DS汽车,32.99 - 39.99,,202308,3.875
208,DS 9新能源,5,DS汽车,32.99 - 39.99,,202309,3.875
211,DS 9新能源,3,DS汽车,32.99 - 39.99,,202310,3.875
221,DS 9新能源,3,DS汽车,32.99 - 39.99,,202311,3.875
224,DS 9新能源,4,DS汽车,32.99 - 39.99,,202312,3.875
259,DS 9新能源,2,DS汽车,32.99 - 39.99,,202405,3.875
269,DS 9新能源,1,DS汽车,32.99 - 39.99,,202406,3.875
277,DS 9新能源,1,DS汽车,32.99 - 39.99,,202407,3.875
272,DS 9新能源,1,DS汽车,32.99 - 39.99,,202408,3.875
104,海马6P,1,海马汽车,16.28 - 17.58,,202102,3.5
95,海马6P,27,海马汽车,16.28 - 17.58,,202103,3.5
131,海马6P,0,海马汽车,16.28 - 17.58,,202104,3.5
150,海马6P,0,海马汽车,16.28 - 17.58,,202105,3.5
154,海马6P,0,海马汽车,16.28 - 17.58,,202105,3.5
149,海马6P,0,海马汽车,16.28 - 17.58,,202107,3.5
137,海马6P,0,海马汽车,16.28 - 17.58,,202109,3.5
186,海马6P,0,海马汽车,16.28 - 17.58,,202111,3.5
169,海马6P,0,海马汽车,16.28 - 17.58,,202112,3.5
239,昊铂SSR,4,昊铂,128.60 - 168.60,,202403,3.166666667
244,昊铂SSR,4,昊铂,128.60 - 168.60,,202404,3.166666667
253,昊铂SSR,6,昊铂,128.60 - 168.60,,202405,3.166666667
263,昊铂SSR,3,昊铂,128.60 - 168.60,,202406,3.166666667
273,昊铂SSR,1,昊铂,128.60 - 168.60,,202407,3.166666667
291,昊铂SSR,1,昊铂,128.60 - 168.60,,202409,3.166666667
49,迈威新能源,15,力帆汽车,20.98 - 20.98,,201809,2.909090909
51,迈威新能源,1,力帆汽车,20.98 - 20.98,,201810,2.909090909
54,迈威新能源,16,力帆汽车,20.98 - 20.98,,201811,2.909090909
120,迈威新能源,0,力帆汽车,20.98 - 20.98,,201912,2.909090909
100,迈威新能源,0,力帆汽车,20.98 - 20.98,,202001,2.909090909
85,迈威新能源,0,力帆汽车,20.98 - 20.98,,202002,2.909090909
106,迈威新能源,0,力帆汽车,20.98 - 20.98,,202003,2.909090909
110,迈威新能源,0,力帆汽车,20.98 - 20.98,,202004,2.909090909
129,迈威新能源,0,力帆汽车,20.98 - 20.98,,202005,2.909090909
130,迈威新能源,0,力帆汽车,20.98 - 20.98,,202006,2.909090909
139,迈威新能源,0,力帆汽车,20.98 - 20.98,,202008,2.909090909
163,迈威新能源,0,力帆汽车,20.98 - 20.98,,202008,2.909090909
67,雷丁i3,29,雷丁,0.00 - 0.00,,202004,2.416666667
111,雷丁i3,0,雷丁,0.00 - 0.00,,202005,2.416666667
144,雷丁i3,0,雷丁,0.00 - 0.00,,202006,2.416666667
116,雷丁i3,0,雷丁,0.00 - 0.00,,202007,2.416666667
156,雷丁i3,0,雷丁,0.00 - 0.00,,202007,2.416666667
149,雷丁i3,0,雷丁,0.00 - 0.00,,202008,2.416666667
128,雷丁i3,0,雷丁,0.00 - 0.00,,202106,2.416666667
159,雷丁i3,0,雷丁,0.00 - 0.00,,202106,2.416666667
123,雷丁i3,0,雷丁,0.00 - 0.00,,202107,2.416666667
164,雷丁i3,0,雷丁,0.00 - 0.00,,202107,2.416666667
131,雷丁i3,0,雷丁,0.00 - 0.00,,202108,2.416666667
171,雷丁i3,0,雷丁,0.00 - 0.00,,202108,2.416666667
172,雷丁i3,0,雷丁,0.00 - 0.00,,202109,2.416666667
179,雷丁i3,0,雷丁,0.00 - 0.00,,202110,2.416666667
195,雷丁i3,0,雷丁,0.00 - 0.00,,202111,2.416666667
204,雷丁i3,0,雷丁,0.00 - 0.00,,202111,2.416666667
193,雷丁i3,0,雷丁,0.00 - 0.00,,202112,2.416666667
180,DS 3新能源,2,DS(进口),31.33 - 33.33,,202302,2
192,DS 3新能源,2,DS(进口),31.33 - 33.33,,202303,2
195,DS 3新能源,1,DS(进口),31.33 - 33.33,,202304,2
188,DS 3新能源,2,DS(进口),31.33 - 33.33,,202305,2
202,DS 3新能源,3,DS(进口),31.33 - 33.33,,202307,2
162,宝马X1新能源,1,华晨宝马,0.00 - 0.00,,202201,1.8
156,宝马X1新能源,1,华晨宝马,0.00 - 0.00,,202203,1.8
162,宝马X1新能源,2,华晨宝马,0.00 - 0.00,,202205,1.8
168,宝马X1新能源,3,华晨宝马,0.00 - 0.00,,202206,1.8
169,宝马X1新能源,2,华晨宝马,0.00 - 0.00,,202208,1.8
98,奕炫EV,1,东风乘用车,14.98 - 15.98,,202006,1.75
106,奕炫EV,3,东风乘用车,14.98 - 15.98,,202007,1.75
105,奕炫EV,5,东风乘用车,14.98 - 15.98,,202008,1.75
103,奕炫EV,6,东风乘用车,14.98 - 15.98,,202009,1.75
109,奕炫EV,4,东风乘用车,14.98 - 15.98,,202010,1.75
113,奕炫EV,1,东风乘用车,14.98 - 15.98,,202011,1.75
118,奕炫EV,1,东风乘用车,14.98 - 15.98,,202012,1.75
128,奕炫EV,0,东风乘用车,14.98 - 15.98,,202107,1.75
170,奕炫EV,0,东风乘用车,14.98 - 15.98,,202107,1.75
140,奕炫EV,0,东风乘用车,14.98 - 15.98,,202108,1.75
180,奕炫EV,0,东风乘用车,14.98 - 15.98,,202108,1.75
180,奕炫EV,0,东风乘用车,14.98 - 15.98,,202109,1.75
188,奕炫EV,0,东风乘用车,14.98 - 15.98,,202110,1.75
198,奕炫EV,0,东风乘用车,14.98 - 15.98,,202112,1.75
112,东南DX3新能源,3,东南汽车,17.15 - 19.15,,202107,1.333333333
118,东南DX3新能源,3,东南汽车,17.15 - 19.15,,202108,1.333333333
181,东南DX3新能源,0,东南汽车,17.15 - 19.15,,202109,1.333333333
182,东南DX3新能源,0,东南汽车,17.15 - 19.15,,202110,1.333333333
147,东南DX3新能源,0,东南汽车,17.15 - 19.15,,202111,1.333333333
168,东南DX3新能源,0,东南汽车,17.15 - 19.15,,202111,1.333333333
145,东南DX3新能源,2,东南汽车,17.15 - 19.15,,202112,1.333333333
232,Polestar 2,1,Polestar,29.98 - 35.88,,202401,1
84,江淮iEVA60,15,江淮汽车,0.00 - 0.00,,201912,0.84
111,江淮iEVA60,0,江淮汽车,0.00 - 0.00,,202001,0.84
100,江淮iEVA60,0,江淮汽车,0.00 - 0.00,,202002,0.84
88,江淮iEVA60,0,江淮汽车,0.00 - 0.00,,202003,0.84
125,江淮iEVA60,0,江淮汽车,0.00 - 0.00,,202003,0.84
129,江淮iEVA60,0,江淮汽车,0.00 - 0.00,,202004,0.84
95,江淮iEVA60,6,江淮汽车,0.00 - 0.00,,202005,0.84
133,江淮iEVA60,0,江淮汽车,0.00 - 0.00,,202006,0.84
146,江淮iEVA60,0,江淮汽车,0.00 - 0.00,,202007,0.84
121,江淮iEVA60,0,江淮汽车,0.00 - 0.00,,202008,0.84
133,江淮iEVA60,0,江淮汽车,0.00 - 0.00,,202009,0.84
133,江淮iEVA60,0,江淮汽车,0.00 - 0.00,,202010,0.84
133,江淮iEVA60,0,江淮汽车,0.00 - 0.00,,202011,0.84
148,江淮iEVA60,0,江淮汽车,0.00 - 0.00,,202012,0.84
114,江淮iEVA60,0,江淮汽车,0.00 - 0.00,,202101,0.84
141,江淮iEVA60,0,江淮汽车,0.00 - 0.00,,202102,0.84
118,江淮iEVA60,0,江淮汽车,0.00 - 0.00,,202103,0.84
144,江淮iEVA60,0,江淮汽车,0.00 - 0.00,,202104,0.84
117,江淮iEVA60,0,江淮汽车,0.00 - 0.00,,202105,0.84
121,江淮iEVA60,0,江淮汽车,0.00 - 0.00,,202106,0.84
153,江淮iEVA60,0,江淮汽车,0.00 - 0.00,,202106,0.84
151,江淮iEVA60,0,江淮汽车,0.00 - 0.00,,202107,0.84
160,江淮iEVA60,0,江淮汽车,0.00 - 0.00,,202108,0.84
161,江淮iEVA60,0,江淮汽车,0.00 - 0.00,,202109,0.84
143,江淮iEVA60,0,江淮汽车,0.00 - 0.00,,202110,0.84
168,江淮iEVA60,0,江淮汽车,0.00 - 0.00,,202110,0.84
183,江淮iEVA60,0,江淮汽车,0.00 - 0.00,,202111,0.84
179,江淮iEVA60,0,江淮汽车,0.00 - 0.00,,202112,0.84
128,富康ES500,0,东风新能源,14.18 - 14.18,,201912,0.142857143
87,富康ES500,0,东风新能源,14.18 - 14.18,,202001,0.142857143
70,富康ES500,0,东风新能源,14.18 - 14.18,,202002,0.142857143
122,富康ES500,0,东风新能源,14.18 - 14.18,,202004,0.142857143
132,富康ES500,0,东风新能源,14.18 - 14.18,,202006,0.142857143
141,富康ES500,0,东风新能源,14.18 - 14.18,,202008,0.142857143
165,富康ES500,0,东风新能源,14.18 - 14.18,,202008,0.142857143
159,富康ES500,1,东风新能源,14.18 - 14.18,,202204,0.142857143
62,北汽威旺407EV,0,北汽昌河,13.40 - 13.40,,201811,0
115,欧力威EV,0,长安汽车,0.00 - 0.00,,201912,0
128,欧力威EV,0,长安汽车,0.00 - 0.00,,202001,0
124,欧力威EV,0,长安汽车,0.00 - 0.00,,202002,0
109,欧力威EV,0,长安汽车,0.00 - 0.00,,202004,0
142,欧力威EV,0,长安汽车,0.00 - 0.00,,202005,0
116,欧力威EV,0,长安汽车,0.00 - 0.00,,202006,0
149,欧力威EV,0,长安汽车,0.00 - 0.00,,202007,0
130,欧力威EV,0,长安汽车,0.00 - 0.00,,202008,0
154,欧力威EV,0,长安汽车,0.00 - 0.00,,202008,0
140,之诺60H,0,华晨宝马,0.00 - 0.00,,202103,0
132,之诺60H,0,华晨宝马,0.00 - 0.00,,202104,0
145,之诺60H,0,华晨宝马,0.00 - 0.00,,202105,0
151,之诺60H,0,华晨宝马,0.00 - 0.00,,202106,0
126,风景V5新能源,0,福田商用车,12.66 - 12.66,,202107,0
135,海格H4E,0,苏州金龙,22.30 - 25.80,,202107,0
167,风景V5新能源,0,福田商用车,12.66 - 12.66,,202107,0
177,海格H4E,0,苏州金龙,22.30 - 25.80,,202107,0
132,风景V5新能源,0,福田商用车,12.66 - 12.66,,202108,0
143,海格H4E,0,苏州金龙,22.30 - 25.80,,202108,0
174,风景V5新能源,0,福田商用车,12.66 - 12.66,,202108,0
183,海格H4E,0,苏州金龙,22.30 - 25.80,,202108,0
147,之诺60H,0,华晨宝马,0.00 - 0.00,,202109,0
175,风景V5新能源,0,福田商用车,12.66 - 12.66,,202109,0
183,海格H4E,0,苏州金龙,22.30 - 25.80,,202109,0
154,之诺60H,0,华晨宝马,0.00 - 0.00,,202110,0
181,风景V5新能源,0,福田商用车,12.66 - 12.66,,202110,0
183,海格H4E,0,苏州金龙,22.30 - 25.80,,202110,0
148,海格H4E,0,苏州金龙,22.30 - 25.80,,202111,0
166,海格H4E,0,苏州金龙,22.30 - 25.80,,202111,0
170,之诺60H,0,华晨宝马,0.00 - 0.00,,202111,0
199,风景V5新能源,0,福田商用车,12.66 - 12.66,,202111,0
207,风景V5新能源,0,福田商用车,12.66 - 12.66,,202111,0
149,北汽新能源EC5,0,北汽新能源,0.00 - 0.00,,202112,0
161,之诺60H,0,华晨宝马,0.00 - 0.00,,202112,0
190,北汽新能源EC5,0,北汽新能源,0.00 - 0.00,,202112,0
194,风景V5新能源,0,福田商用车,12.66 - 12.66,,202112,0
212,海格H4E,0,苏州金龙,22.30 - 25.80,,202112,0
